source,label,subgroup,patient,patient_uid,patient_folder,filename,path,height,width,pixel_count,zero_pct,dark_le5_pct,bright_ge250_pct,sat255_pct,nonzero_pct,roi_gt5_pct,full_n,full_mean,full_std,full_min,full_max,full_p01,full_p05,full_p10,full_p25,full_p50,full_p75,full_p90,full_p95,full_p99,full_iqr,full_range,full_entropy,full_snr,full_cv,full_enl,full_rms_contrast,full_percentile_contrast_95_05,full_skew,full_kurtosis,roi_n,roi_mean,roi_std,roi_min,roi_max,roi_p01,roi_p05,roi_p10,roi_p25,roi_p50,roi_p75,roi_p90,roi_p95,roi_p99,roi_iqr,roi_range,roi_entropy,roi_snr,roi_cv,roi_enl,roi_rms_contrast,roi_percentile_contrast_95_05,roi_skew,roi_kurtosis,sobel_mean_128roi,sobel_std_128roi,laplacian_var_128roi,gradient_mean_128roi,gradient_p95_128roi,tenengrad_mean_128roi,brenner_mean_128roi,canny_edge_density_128roi,noise_sigma_mad_128roi,snr_mad_128roi,fft_high_freq_ratio_r025_128roi,fft_high_freq_ratio_r040_128roi,glcm_contrast_128roi,glcm_dissimilarity_128roi,glcm_homogeneity_128roi,glcm_ASM_128roi,glcm_energy_128roi,glcm_correlation_128roi
171,0,1.0,11,171/1/0/11,1/0/11,1.png,C:\Users\u1021\Downloads\20260803\NASH_datasource_fromDrTsui_171\fast_035\1\0\11\1.png,475,735,349125,31.80179018976012,33.24425349087004,0.0,0.0,68.19820981023989,66.75574650912996,349125,43.92799140708915,44.23219331028291,0.0,242.0,0.0,0.0,0.0,0.0,38.0,72.0,102.0,125.0,180.0,72.0,242.0,5.793717705056789,0.9931226131822172,1.0069250128095923,0.986292524813876,44.23219331028291,1.0,0.9570007526058026,0.6505185853106634,233061,65.71595848297227,38.76193577705727,6.0,242.0,6.0,12.0,20.0,38.0,61.0,86.0,115.0,142.0,188.0,48.0,236.0,7.137059292682187,1.6953734937528266,0.5898405299391762,2.8742912833196663,38.76193577705727,0.8441558441558441,0.983222716055646,1.2562961790451208,0.038133505731821,0.0426955744624137,702.5662841796875,55.00749969482422,172.73300170898438,6818.939453125,257.890380859375,15.6494140625,1.4825797080993652,29.948598861694336,0.0398575216531753,0.0190624129027128,4.937484050932761,1.3021652038783764,0.6017560825240269,0.0938079478225981,0.3058089374407792,0.9048798926003216
171,0,1.0,11,171/1/0/11,1/0/11,2.png,C:\Users\u1021\Downloads\20260803\NASH_datasource_fromDrTsui_171\fast_035\1\0\11\2.png,475,735,349125,31.80121732903688,33.23422842821339,0.0,0.0,68.19878267096313,66.76577157178662,349125,41.11705263157895,41.79941355120837,0.0,235.0,0.0,0.0,0.0,0.0,35.0,67.0,96.0,118.0,173.0,67.0,235.0,5.738107678199379,0.983675347052574,1.0165955698659526,0.9676171883990016,41.79941355120837,1.0,1.0271240952917997,0.8887380035368038,233096,61.49694975460754,36.97027195332059,6.0,235.0,7.0,12.0,19.0,35.0,56.0,80.0,109.0,134.0,181.0,45.0,229.0,7.053329565921239,1.663416212687178,0.6011724500295345,2.766953496630556,36.97027195332059,0.8356164383561644,1.0790548412816632,1.4721216687997565,0.035566046833992,0.0400859080255031,642.0377197265625,51.30394744873047,156.35499572753906,5975.6904296875,229.17974853515625,15.36865234375,1.4825797080993652,28.03127098083496,0.0417103543877601,0.0195055156946182,4.312064537949954,1.2195337992578206,0.6121088387429584,0.0938632531438157,0.3059036703336605,0.906420611625815
171,0,1.0,11,171/1/0/11,1/0/11,3.png,C:\Users\u1021\Downloads\20260803\NASH_datasource_fromDrTsui_171\fast_035\1\0\11\3.png,475,735,349125,31.801503759398496,32.668528464017186,0.0,0.0,68.1984962406015,67.33147153598281,349125,44.99668027210885,44.35479063102968,0.0,241.0,0.0,0.0,0.0,0.0,40.0,74.0,103.0,125.0,180.0,74.0,241.0,5.795223730063989,1.0144717094128295,0.9857347333803858,1.029152849198989,44.35479063102968,1.0,0.8948256995831305,0.4909857308307916,235071,66.7755316478851,38.337283760583176,6.0,241.0,7.0,14.0,22.0,39.0,62.0,87.0,115.0,141.0,187.0,48.0,235.0,7.144589705972702,1.7417908912091724,0.5741217301382188,3.033835508699243,38.337283760583176,0.8193548387096774,0.9498670337194574,1.1778896097592284,0.0387682095170021,0.042794369161129,721.744384765625,55.92305755615234,172.75242614746094,6938.078125,265.7754821777344,16.3330078125,1.4825797080993652,30.674434661865234,0.0421746186912059,0.0197279155254364,5.016005996982979,1.327520080399374,0.593478645576556,0.0862778271097304,0.2932317189746625,0.9032505325429748
171,0,1.0,12,171/1/0/12,1/0/12,1.png,C:\Users\u1021\Downloads\20260803\NASH_datasource_fromDrTsui_171\fast_035\1\0\12\1.png,475,735,349125,31.80121732903688,32.24919441460795,0.0,0.0,68.19878267096313,67.75080558539204,349125,49.55797780164698,46.46470061224482,0.0,241.0,0.0,0.0,0.0,0.0,46.0,83.0,111.0,131.0,177.0,83.0,241.0,5.832417029075694,1.0665726271479945,0.9375826592081132,1.1375771689813747,46.46470061224482,1.0,0.6501654715663021,-0.2313378097780529,236535,73.11983004629336,38.275839350385056,6.0,241.0,8.0,17.0,26.0,45.0,70.0,96.0,123.0,143.0,185.0,51.0,235.0,7.208058964281387,1.9103390359892336,0.5234672909681546,3.649395232424274,38.275839350385056,0.7875,0.6665808722992939,0.4838217138607823,0.040335226804018,0.0411280691623687,789.6373291015625,58.1834716796875,167.73519897460938,6905.02685546875,263.9720458984375,18.3349609375,1.4825797080993652,33.788108825683594,0.0409873947501182,0.0200123265385627,4.984915516807061,1.3783197754854857,0.5753234997322466,0.0825476979241628,0.2867867128998629,0.9119262568894588
171,0,1.0,12,171/1/0/12,1/0/12,2.png,C:\Users\u1021\Downloads\20260803\NASH_datasource_fromDrTsui_171\fast_035\1\0\12\2.png,475,735,349125,31.80121732903688,31.898603651987116,0.0,0.0,68.19878267096313,68.10139634801288,349125,50.68762477622628,47.33216892864421,0.0,240.0,0.0,0.0,0.0,0.0,47.0,83.0,112.0,135.0,184.0,83.0,240.0,5.829261684766327,1.0708916562146265,0.9338012806400852,1.1468089393501055,47.33216892864421,1.0,0.7030668513152583,-0.0318698391929235,237759,74.42357176805083,39.03165992025962,6.0,240.0,11.0,20.0,28.0,46.0,70.0,96.0,124.0,150.0,192.0,50.0,234.0,7.216900790984666,1.9067488269803463,0.524452925235919,3.635691089190928,39.03165992025962,0.7647058823529411,0.81686650888496,0.7514699998345375,0.0409537553787231,0.0423014722764492,805.64013671875,59.07570266723633,173.06671142578125,7213.3525390625,273.30938720703125,18.426513671875,1.4825797080993652,34.55598068237305,0.0396367982029914,0.0198244508355855,5.239781137284444,1.4093204967324098,0.5702829807274363,0.0789984935926851,0.2805406344456184,0.9110353691305224
171,0,1.0,12,171/1/0/12,1/0/12,3.png,C:\Users\u1021\Downloads\20260803\NASH_datasource_fromDrTsui_171\fast_035\1\0\12\3.png,475,735,349125,31.80121732903688,31.95388471177945,0.0,0.0,68.19878267096313,68.04611528822055,349125,47.72107124955245,45.28558802791797,0.0,239.0,0.0,0.0,0.0,0.0,43.0,78.0,107.0,129.79999999998836,178.0,78.0,239.0,5.794940230297017,1.0537805365391972,0.948964196363104,1.1104534191888384,45.28558802791797,1.0,0.7670474755311996,0.1159511185914756,237566,70.1209306045478,37.99381688181766,6.0,239.0,10.0,18.0,26.0,42.0,66.0,91.0,119.0,144.0,185.0,49.0,233.0,7.163604450696235,1.8455879498146688,0.5418327531345329,3.406194880501112,37.99381688181766,0.7777777777777778,0.864580443314931,0.8299666337960891,0.0390319228172302,0.040469966828823,749.947021484375,56.30346298217773,164.7333526611328,6578.0517578125,247.6942596435547,17.498779296875,1.4825797080993652,32.53297424316406,0.040780883282423,0.0200845468789339,4.796638681673406,1.3432620604080512,0.5807324958397377,0.0799745916311382,0.2822727707963984,0.9110565515353786
171,0,1.0,14,171/1/0/14,1/0/14,1.png,C:\Users\u1021\Downloads\20260803\NASH_datasource_fromDrTsui_171\fast_035\1\0\14\1.png,475,735,349125,31.80121732903688,31.93182957393484,0.0,0.0,68.19878267096313,68.06817042606517,349125,59.10214965986395,52.503569422564745,0.0,241.0,0.0,0.0,0.0,0.0,59.0,101.0,130.0,147.0,181.0,101.0,241.0,5.914783551926046,1.12567869784608,0.8883529571212826,1.2671525307844465,52.503569422564745,1.0,0.365950416492415,-0.9344661188615052,237643,86.81962860256772,40.544168659862855,6.0,241.0,10.0,22.0,33.0,57.0,86.0,114.0,139.0,156.0,188.0,57.0,235.0,7.340884739276071,2.1413592008982483,0.4669931133368583,4.585419227271584,40.544168659862855,0.7528089887640449,0.2490176261005583,-0.285976589005259,0.0441643074154853,0.0461619533598423,1014.06640625,63.7069091796875,179.7982177734375,8492.6005859375,332.7013854980469,19.195556640625,1.4825797080993652,40.29178237915039,0.0408688597381114,0.0203042924404144,6.1274494148849845,1.5289454520739838,0.5535285898291856,0.0783048853392543,0.2793077724826716,0.9152771530876556
171,0,1.0,14,171/1/0/14,1/0/14,2.png,C:\Users\u1021\Downloads\20260803\NASH_datasource_fromDrTsui_171\fast_035\1\0\14\2.png,475,735,349125,31.80121732903688,31.873684210526317,0.0,0.0,68.19878267096313,68.12631578947368,349125,57.99130397422127,50.690182011684506,0.0,238.0,0.0,0.0,0.0,0.0,59.0,98.0,126.0,142.0,174.0,98.0,238.0,5.862052507595681,1.1440342423874863,0.8740997104362007,1.3088143477551095,50.690182011684506,1.0,0.3224120262841284,-0.981529952993689,237846,85.11872388015775,38.247234893492944,6.0,238.0,12.0,24.0,35.0,57.0,84.0,111.0,135.0,150.0,179.0,54.0,232.0,7.266501103259168,2.2254869957838213,0.4493398532071844,4.952792368402897,38.247234893492944,0.7241379310344828,0.2471842477146191,-0.3027133151938579,0.0447260960936546,0.0451842509210109,983.5126953125,64.51730346679688,184.8580017089844,8410.677734375,331.6975402832031,19.927978515625,1.4825797080993652,39.53679656982422,0.0437711589038372,0.0217356085777282,5.996491225782594,1.5350918102078897,0.5500704228333303,0.0774639955213038,0.2777973067537947,0.9102383344438628
171,0,1.0,14,171/1/0/14,1/0/14,3.png,C:\Users\u1021\Downloads\20260803\NASH_datasource_fromDrTsui_171\fast_035\1\0\14\3.png,475,735,349125,31.80121732903688,31.82842821339062,0.0,0.0,68.19878267096313,68.17157178660938,349125,62.71670032223415,54.55284783019011,0.0,239.0,0.0,0.0,0.0,0.0,63.0,107.0,135.0,152.0,184.0,107.0,239.0,5.92214582388568,1.149650344881282,0.869829687306591,1.3216959154856505,54.55284783019011,1.0,0.2916059357827349,-1.058462214272178,238004,91.99655467975327,40.88926927945584,6.0,239.0,14.0300000000002,27.0,37.0,61.0,92.0,121.0,145.0,160.0,190.0,60.0,233.0,7.358028050528411,2.249894808611204,0.4444652239618578,5.062026649815648,40.88926927945584,0.7112299465240641,0.18486719893387,-0.4290635493737325,0.0458728894591331,0.0464699193835258,1017.9158935546876,66.17153930664062,187.1031646728516,8872.0634765625,348.5824584960937,20.111083984375,2.9651594161987305,21.37824058532715,0.038594115525484,0.0198780577629804,6.388034945837467,1.5818905153949414,0.5433685480830062,0.0770493452979972,0.2770557441239016,0.918638549570144
171,0,1.0,18,171/1/0/18,1/0/18,1.png,C:\Users\u1021\Downloads\20260803\NASH_datasource_fromDrTsui_171\fast_035\1\0\18\1.png,475,735,349125,31.80207662012173,35.1656283566058,0.0,0.0,68.19792337987826,64.83437164339419,349125,38.82070318653777,40.72635566795999,0.0,240.0,0.0,0.0,0.0,0.0,30.0,67.0,94.0,114.0,159.0,67.0,240.0,5.700232195490143,0.9532083720684732,1.0490885616436505,0.9086062005814288,40.72635566795999,1.0,0.937919197400068,0.3967701602994218,226353,59.66593329887388,36.35648501483894,6.0,240.0,6.0,8.0,12.0,33.0,56.0,81.0,106.0,127.0,167.0,48.0,234.0,7.007190029915996,1.641135914941204,0.6093340538683089,2.693327091309904,36.35648501483894,0.8814814814814815,0.7675319162090856,0.7276898864631991,0.0359806381165981,0.0429020412266254,673.734130859375,51.9019889831543,165.0117645263672,6523.7060546875,247.9911956787109,15.802001953125,1.4825797080993652,26.46671485900879,0.0476934127509593,0.0223212279379367,4.698212732774189,1.2281096382374848,0.6235147369642376,0.1185462204579838,0.3439145242785855,0.892586747257409
171,0,1.0,18,171/1/0/18,1/0/18,2.png,C:\Users\u1021\Downloads\20260803\NASH_datasource_fromDrTsui_171\fast_035\1\0\18\2.png,475,735,349125,31.80179018976012,35.27246688148944,0.0,0.0,68.19820981023989,64.72753311851056,349125,38.969512352309344,40.53423179215618,0.0,241.0,0.0,0.0,0.0,0.0,32.0,66.0,94.0,114.0,157.0,66.0,241.0,5.700257277475425,0.9613975800042268,1.040152399796558,0.9242853068379838,40.53423179215618,1.0,0.9258910782964346,0.3890812044919243,225980,59.98917603327728,35.84579744492012,6.0,241.0,6.0,8.0,14.0,34.0,56.0,80.0,107.0,126.0,166.0,46.0,235.0,7.007509766237046,1.6735344254917293,0.5975377528945502,2.800717473305932,35.84579744492012,0.8805970149253731,0.7885684516318289,0.7951528341146923,0.0365080423653125,0.0431019365787506,672.442138671875,52.66276550292969,165.06207275390625,6639.029296875,252.08041381835935,15.826416015625,1.4825797080993652,26.56605339050293,0.0483579151332378,0.0218632332980632,4.75757821913862,1.2419953040901806,0.6199414371787372,0.1179828774023241,0.3430795026294232,0.8898723414741715
171,0,1.0,18,171/1/0/18,1/0/18,3.png,C:\Users\u1021\Downloads\20260803\NASH_datasource_fromDrTsui_171\fast_035\1\0\18\3.png,475,735,349125,31.80179018976012,32.95954171142141,0.0,0.0,68.19820981023989,67.04045828857859,349125,43.56986466165414,43.29452797094087,0.0,241.0,0.0,0.0,0.0,0.0,39.0,72.0,100.0,122.0,172.0,72.0,241.0,5.77118942101188,1.0063596187235966,0.9936805704389624,1.0127596821975025,43.29452797094087,1.0,0.8643481462062725,0.3488855802429693,234055,64.91817735147721,37.58835377098639,6.0,241.0,7.0,10.0,18.0,38.0,61.0,85.0,113.0,136.0,180.0,47.0,235.0,7.106641032964644,1.7270822166621755,0.5790112308217948,2.9828129831107333,37.58835377098639,0.863013698630137,0.8417353668859409,0.9629487233028984,0.038367535918951,0.0433730706572532,733.2919921875,55.34508514404297,168.06930541992188,6977.5283203125,261.56982421875,16.815185546875,1.4825797080993652,29.702699661254883,0.0454097166657447,0.0214185435324907,5.001409795566361,1.3087223116684046,0.5994169056890577,0.0915946396252226,0.3021790647691606,0.898137555780043
171,0,1.0,21,171/1/0/21,1/0/21,1.png,C:\Users\u1021\Downloads\20260803\NASH_datasource_fromDrTsui_171\fast_035\1\0\21\1.png,475,735,349125,31.801503759398496,33.24769065520945,0.0,0.0,68.1984962406015,66.75230934479055,349125,52.42310060866452,51.03575519640268,0.0,236.0,0.0,0.0,0.0,0.0,46.0,89.0,125.0,146.0,186.0,89.0,236.0,5.937726304934039,1.0271837931450778,0.9735356093753724,1.0551065448999102,51.03575519640268,1.0,0.6712634352588388,-0.4353584158631323,233049,78.44403537453496,43.18663485163211,6.0,236.0,6.0,12.0,25.0,46.0,74.0,107.0,138.0,157.0,193.0,61.0,230.0,7.353891223099887,1.8163961059719012,0.5505407089963611,3.299294813789887,43.18663485163211,0.8579881656804734,0.5157161367176103,-0.1281181917958207,0.0399505868554115,0.0421932376921176,823.764892578125,57.62863159179688,171.2308349609375,7025.443359375,280.8761901855469,17.24853515625,1.4825797080993652,35.73870086669922,0.0353750474750995,0.0174629855901002,5.112202938636717,1.3806478555273436,0.5828129309260932,0.0951272595212803,0.3079699733281789,0.9274514685462764
171,0,1.0,21,171/1/0/21,1/0/21,2.png,C:\Users\u1021\Downloads\20260803\NASH_datasource_fromDrTsui_171\fast_035\1\0\21\2.png,475,735,349125,31.80179018976012,33.39491586108127,0.0,0.0,68.19820981023989,66.60508413891873,349125,51.193263157894734,50.06844927171093,0.0,238.0,0.0,0.0,0.0,0.0,45.0,86.0,122.0,143.0,184.0,86.0,238.0,5.921697054672148,1.0224655227502588,0.9780280877443864,1.04543574521296,50.06844927171093,1.0,0.7027580329553894,-0.3469273123781491,232535,76.7632141398069,42.49117144714185,6.0,238.0,6.0,13.0,25.0,45.0,71.0,104.0,135.0,155.0,191.0,59.0,232.0,7.329332778530158,1.806568553547618,0.5535355954448931,3.263689938667133,42.49117144714185,0.8452380952380952,0.5706161954083006,-0.0406835343788203,0.0392862968146801,0.0412544608116149,816.7587890625,56.67039489746094,167.2360382080078,6752.9111328125,272.6014404296875,17.279052734375,1.4825797080993652,34.89985656738281,0.0353700295090675,0.0176434814929962,4.961901941022328,1.358236208725091,0.5865371621535456,0.0966318327351268,0.3103919585580458,0.9267358775262284
171,0,1.0,21,171/1/0/21,1/0/21,3.png,C:\Users\u1021\Downloads\20260803\NASH_datasource_fromDrTsui_171\fast_035\1\0\21\3.png,475,735,349125,31.80207662012173,33.72173290368779,0.0,0.0,68.19792337987826,66.2782670963122,349125,50.90367346938776,49.740532366294815,0.0,235.0,0.0,0.0,0.0,0.0,45.0,86.0,121.0,142.0,183.0,86.0,235.0,5.9128920589517815,1.023384170770981,0.9771501539315738,1.0473151609846083,49.740532366294815,1.0,0.6838652967109768,-0.3855425126259191,231394,76.68589505345861,41.967307199899125,6.0,235.0,6.0,13.0,25.0,45.0,72.0,104.0,133.0,153.0,190.0,59.0,229.0,7.316404544028101,1.827276996548469,0.547262402957457,3.338941222115193,41.967307199899125,0.8433734939759037,0.5396342135867611,-0.0326343507574451,0.0392572432756423,0.0412798002362251,808.583740234375,56.62848663330078,163.23899841308594,6752.513671875,262.7491455078125,17.1630859375,1.4825797080993652,34.699493408203125,0.0361056588590145,0.0184767860919237,4.930609428320278,1.3493856521678058,0.5886755722431434,0.0991483098554772,0.3144176268346401,0.9261958321611602
171,0,1.0,22,171/1/0/22,1/0/22,1.png,C:\Users\u1021\Downloads\20260803\NASH_datasource_fromDrTsui_171\fast_035\1\0\22\1.png,475,735,349125,31.801503759398496,34.06974579305406,0.0,0.0,68.1984962406015,65.93025420694593,349125,40.2098933046903,42.78316945008687,0.0,240.0,0.0,0.0,0.0,0.0,32.0,64.0,100.0,128.0,169.0,64.0,240.0,5.7628802086126925,0.9398530735690658,1.063996094839088,0.8833237998972198,42.78316945008687,1.0,1.1324926971264344,0.9802276821890225,230179,60.85145039295505,39.05289977296375,6.0,240.0,6.0,11.0,17.0,33.0,53.0,79.0,118.0,141.0,178.0,46.0,234.0,7.089708487353486,1.558180077451826,0.6417743458993217,2.4279251537677786,39.05289977296375,0.8552631578947368,1.0791470831459775,1.0921391566690417,0.0359670706093311,0.0433496758341789,646.8475341796875,51.88241958618164,174.85153198242188,6602.0126953125,263.9548645019531,13.34228515625,1.4825797080993652,27.41395378112793,0.0403505191206932,0.0191794801503419,4.800421492908435,1.2337283978734743,0.6216768520847967,0.1019140333604369,0.3187953669711479,0.902081983149616
171,0,1.0,22,171/1/0/22,1/0/22,2.png,C:\Users\u1021\Downloads\20260803\NASH_datasource_fromDrTsui_171\fast_035\1\0\22\2.png,475,735,349125,31.80121732903688,34.19749373433584,0.0,0.0,68.19878267096313,65.80250626566416,349125,39.7218933046903,42.25758833999264,0.0,242.0,0.0,0.0,0.0,0.0,32.0,63.0,99.0,126.0,168.0,63.0,242.0,5.749584901450543,0.9399943268200528,1.0638362078023842,0.8835893344538842,42.25758833999264,1.0,1.1383611680025332,1.0153605320696126,229733,60.22113932260493,38.52743864251102,6.0,242.0,6.0,11.0,18.0,33.0,52.0,78.0,116.0,139.0,176.0,45.0,236.0,7.06968461752873,1.5630714484133177,0.6397660203025942,2.4431923528449078,38.52743864251102,0.8533333333333334,1.0946597778999112,1.1495202958688386,0.0359445996582508,0.043057907372713,662.5458984375,51.84999847412109,176.22511291503906,6546.19140625,261.90155029296875,12.7685546875,1.4825797080993652,27.07892608642578,0.0431611277163028,0.0201354771852493,4.744363678999989,1.2310404233149006,0.6212485336047519,0.1033308022902371,0.3210193095882678,0.9005323291164485
171,0,1.0,22,171/1/0/22,1/0/22,3.png,C:\Users\u1021\Downloads\20260803\NASH_datasource_fromDrTsui_171\fast_035\1\0\22\3.png,475,735,349125,31.80179018976012,35.30454708199069,0.0,0.0,68.19820981023989,64.69545291800931,349125,39.03097457930541,42.76649806057202,0.0,239.0,0.0,0.0,0.0,0.0,30.0,62.0,100.0,128.0,169.0,62.0,239.0,5.7494493197854,0.9126530426696188,1.0957066412389105,0.8329355762941132,42.76649806057202,1.0,1.178591130496787,1.0494931054122638,225868,60.11466431721183,39.58682105463309,6.0,239.0,6.0,9.0,15.0,32.0,52.0,79.0,118.0,141.0,178.0,47.0,233.0,7.082430044891892,1.518552455481298,0.6585218682373766,2.306001560048279,39.58682105463309,0.88,1.0568857862412229,0.993958064909112,0.0348746515810489,0.0434059463441371,626.0660400390625,50.306602478027344,174.62783813476562,6451.1396484375,260.8928527832031,12.6953125,1.4825797080993652,26.607097625732425,0.0389111004769802,0.018700810149312,4.721250669181347,1.1938103275626064,0.635081295206347,0.1157716680899748,0.33985570054752,0.9045104344341892
171,0,1.0,24,171/1/0/24,1/0/24,1.png,C:\Users\u1021\Downloads\20260803\NASH_datasource_fromDrTsui_171\fast_035\1\0\24\1.png,475,735,349125,31.80121732903688,31.83043322592195,0.0,0.0,68.19878267096313,68.16956677407805,349125,44.56884210526316,44.05475747338127,0.0,240.0,0.0,0.0,0.0,0.0,40.0,67.0,102.0,135.0,183.0,67.0,240.0,5.699045271883823,1.0116692194297634,0.9884653805753418,1.0234746095416267,44.05475747338127,1.0,1.0958942851450515,1.1122814780259596,237997,65.37750475846335,38.55783630285769,6.0,240.0,13.0,21.0,27.0,39.0,56.0,80.0,120.0,152.0,189.0,41.0,234.0,7.030563324417264,1.695569851091928,0.5897722228052187,2.874957119931903,38.55783630285769,0.7572254335260116,1.3425731822788625,1.7166621022931556,0.03775430098176,0.0435720272362232,679.5244140625,54.460487365722656,168.74618530273438,6916.3876953125,283.38299560546875,13.134765625,1.4825797080993652,30.38325309753418,0.0394598357379436,0.0182116832584142,4.967422280025731,1.2935653951195534,0.5965796412066388,0.0810765734908542,0.2842222615238575,0.9026738917690894
171,0,1.0,24,171/1/0/24,1/0/24,2.png,C:\Users\u1021\Downloads\20260803\NASH_datasource_fromDrTsui_171\fast_035\1\0\24\2.png,475,735,349125,31.80121732903688,31.828141783029,0.0,0.0,68.19878267096313,68.171858216971,349125,45.17176369495167,44.52434525070874,0.0,239.0,0.0,0.0,0.0,0.0,41.0,68.0,103.0,137.0,184.0,68.0,239.0,5.708880976857135,1.0145407740551249,0.9856676297030378,1.0292929822203718,44.52434525070874,1.0,1.0855839382089736,1.08861420652162,238005,66.25983067582614,38.86837003694258,6.0,239.0,13.0,21.0,27.0,39.0,57.0,81.0,121.0,153.0,190.0,42.0,233.0,7.045236893675142,1.7047236766771865,0.5866053329822815,2.9060828138237835,38.86837003694258,0.7586206896551724,1.338985787285784,1.7168882724020538,0.0380841828882694,0.0443331636488437,693.8070068359375,54.93634414672852,173.94969177246094,7107.6669921875,289.44512939453125,13.592529296875,1.4825797080993652,30.793657302856445,0.0401984378695488,0.0183650888502597,5.081765102137054,1.309025691404062,0.5935792133674257,0.0807270287701167,0.2836066326068224,0.902522226490444
171,0,1.0,24,171/1/0/24,1/0/24,3.png,C:\Users\u1021\Downloads\20260803\NASH_datasource_fromDrTsui_171\fast_035\1\0\24\3.png,475,735,349125,31.80121732903688,31.84246330110992,0.0,0.0,68.19878267096313,68.15753669889008,349125,41.4071693519513,41.30844069813298,0.0,238.0,0.0,0.0,0.0,0.0,37.0,62.0,95.0,126.0,173.0,62.0,238.0,5.632870352181226,1.002390035841338,0.997615662810004,1.0047857839539986,41.30844069813298,1.0,1.1513378272753363,1.3239739916315605,237955,60.74953667710281,36.45064574287644,6.0,238.0,12.0,19.0,24.0,36.0,52.0,75.0,112.0,142.0,180.0,39.0,232.0,6.932486238533468,1.6666244298010855,0.6000152056569528,2.777636990009793,36.45064574287644,0.7639751552795031,1.4018647798788866,1.9421335422496977,0.0366135127842426,0.0419521704316139,633.5009765625,52.814903259277344,166.9496307373047,6451.59033203125,257.2099304199219,13.433837890625,1.4825797080993652,28.22443199157715,0.0427708700299263,0.0198601596057415,4.6324369665802765,1.2535618700914966,0.6025730378005455,0.082735437469019,0.2871234722207126,0.8957175289081443
171,0,1.0,25,171/1/0/25,1/0/25,1.png,C:\Users\u1021\Downloads\20260803\NASH_datasource_fromDrTsui_171\fast_035\1\0\25\1.png,475,735,349125,31.80179018976012,32.92144647332617,0.0,0.0,68.19820981023989,67.07855352667383,349125,30.602761188686,34.40127919328756,0.0,240.0,0.0,0.0,0.0,0.0,23.0,46.0,76.0,105.0,147.0,46.0,240.0,5.493018652268486,0.8895820709672119,1.1241233750504152,0.7913562609863135,34.40127919328756,1.0,1.5006840924425482,2.3820773559663406,234188,45.55152697832511,32.94214187830998,6.0,240.0,6.0,10.0,13.0,22.0,37.0,58.0,94.0,117.0,155.0,36.0,234.0,6.693222366294474,1.3827736868657436,0.7231841403249757,1.9120630690882816,32.94214187830998,0.84251968503937,1.4817198705685857,2.214893097559697,0.0295397136360406,0.0369008295238018,466.06689453125,42.61096954345703,138.6217803955078,4649.06005859375,181.0984039306641,10.614013671875,1.4825797080993652,20.86330986022949,0.0466449409723281,0.0214007683098316,3.351499557807303,1.009758142537059,0.6588965618690309,0.0944221162651592,0.3067569591354263,0.8912882615047032
171,0,1.0,25,171/1/0/25,1/0/25,2.png,C:\Users\u1021\Downloads\20260803\NASH_datasource_fromDrTsui_171\fast_035\1\0\25\2.png,475,735,349125,31.80121732903688,33.10390261367705,0.0,0.0,68.19878267096313,66.89609738632295,349125,29.15660866451844,33.44475298711644,0.0,239.0,0.0,0.0,0.0,0.0,21.0,43.0,74.0,102.0,144.0,43.0,239.0,5.452709612292564,0.8717842429797621,1.147072808499034,0.7600077663077969,33.44475298711644,1.0,1.58339552874909,2.6967312316252627,233551,43.502836639534834,32.403735724849255,6.0,239.0,6.0,9.0,12.0,21.0,34.0,55.0,91.0,115.0,151.0,34.0,233.0,6.630151906784657,1.3425253498217515,0.7448648922217901,1.8023743149140163,32.403735724849255,0.8548387096774194,1.542725278709876,2.3989243191734038,0.0284331478178501,0.0363001637160778,431.285888671875,41.01475524902344,133.19869995117188,4424.083984375,174.55630493164062,10.223388671875,1.4825797080993652,19.876218795776367,0.0459665432572364,0.0202524568885564,3.196188951940228,0.972348251583211,0.6673515626828938,0.0975904572885273,0.3118754164344046,0.8907681363860634
171,0,1.0,25,171/1/0/25,1/0/25,3.png,C:\Users\u1021\Downloads\20260803\NASH_datasource_fromDrTsui_171\fast_035\1\0\25\3.png,475,735,349125,31.801503759398496,34.23931256713212,0.0,0.0,68.1984962406015,65.76068743286788,349125,29.097933404940925,36.54371281226258,0.0,242.0,0.0,0.0,0.0,0.0,15.0,44.0,79.0,112.0,156.0,44.0,242.0,5.488502204998973,0.7962500568682458,1.2558868804771317,0.6340141530626847,36.54371281226258,1.0,1.7249561196201282,2.958374933480058,229587,44.09002251869661,37.06290719366358,6.0,242.0,6.0,7.0,9.0,16.0,34.0,57.0,100.0,127.0,163.0,41.0,236.0,6.682427009720367,1.189599679493961,0.8406189218421662,1.4151473974521347,37.06290719366358,0.8955223880597015,1.4798918867604915,1.9693022133668776,0.0285153072327375,0.0411312580108642,453.2642822265625,41.13327026367188,151.9539337158203,5212.2021484375,183.676025390625,10.2783203125,0.0,,0.0425863079726696,0.0182192791253328,3.718446419737017,0.9787477326285234,0.6857114157561622,0.1049879407546888,0.3235568092879017,0.8967221791604131
171,0,1.0,26,171/1/0/26,1/0/26,1.png,C:\Users\u1021\Downloads\20260803\NASH_datasource_fromDrTsui_171\fast_035\1\0\26\1.png,475,735,349125,31.80264948084497,36.845255997135695,0.0,0.0,68.19735051915504,63.15474400286431,349125,39.031905477980665,43.61806270915979,0.0,242.0,0.0,0.0,0.0,0.0,27.0,65.0,102.0,127.0,169.0,65.0,242.0,5.744169241834462,0.8948564666487118,1.1174976516011073,0.800768095903017,43.61806270915979,1.0,1.116365239606664,0.7040030579036216,220489,61.485743052941416,40.53355498580891,6.0,242.0,6.0,7.0,12.0,32.0,55.0,84.0,119.0,141.0,178.0,52.0,236.0,7.105316377109846,1.5169097078819762,0.6592350189361471,2.301015061866582,40.53355498580891,0.9054054054054054,0.872238713642176,0.5185485663490548,0.0370283052325248,0.046736691147089,708.7835693359375,53.41324996948242,188.15093994140625,7398.10400390625,289.60174560546875,13.4765625,0.0,,0.0431981720030307,0.0195058435201644,5.285135048871521,1.2575165417855787,0.6347461980866657,0.1347994085147911,0.3667911477554703,0.8972965411329886
171,0,1.0,26,171/1/0/26,1/0/26,2.png,C:\Users\u1021\Downloads\20260803\NASH_datasource_fromDrTsui_171\fast_035\1\0\26\2.png,475,735,349125,31.80179018976012,36.9953455066237,0.0,0.0,68.19820981023989,63.0046544933763,349125,39.6649194414608,43.85265056959307,0.0,240.0,0.0,0.0,0.0,0.0,28.0,67.0,102.0,127.0,170.0,67.0,240.0,5.748860725876696,0.9045044923456464,1.1055777041048251,0.8181283766734554,43.85265056959307,1.0,1.073827870238191,0.6101020940054442,219965,62.62865455867979,40.31924173135968,6.0,240.0,6.0,7.0,12.0,33.0,57.0,85.0,119.0,142.0,178.0,52.0,234.0,7.115487095409119,1.5533192557529722,0.643782658520672,2.412800710292968,40.31924173135968,0.906040268456376,0.837399295399084,0.5352956488286917,0.0376565046608448,0.0469703823328018,719.115478515625,54.319427490234375,195.0009765625,7541.294921875,309.2549133300781,14.007568359375,0.0,,0.0445048213005065,0.0202066991478204,5.357662439418572,1.278325807519221,0.6301940806076101,0.1360988216090547,0.3685498525122173,0.8970034786141817
171,0,1.0,26,171/1/0/26,1/0/26,3.png,C:\Users\u1021\Downloads\20260803\NASH_datasource_fromDrTsui_171\fast_035\1\0\26\3.png,475,735,349125,31.80179018976012,37.14428929466524,0.0,0.0,68.19820981023989,62.855710705334765,349125,37.9525127103473,42.88206605993758,0.0,241.0,0.0,0.0,0.0,0.0,27.0,62.0,98.0,126.0,170.0,62.0,241.0,5.7182688667224415,0.8850439402173372,1.129887403956953,0.7833027761154296,42.88206605993758,1.0,1.2173515921453888,1.1363611506463736,219445,60.04239786734717,40.132444582979154,6.0,241.0,6.0,8.0,13.0,31.0,53.0,80.0,117.0,142.0,180.0,49.0,235.0,7.071583765203806,1.4961061677466854,0.668401762895022,2.238333665169673,40.132444582979154,0.8933333333333333,1.024286561220929,0.9648425543277503,0.0367499738931655,0.0471998043358325,697.0699462890625,53.011749267578125,189.1200408935547,7445.8955078125,288.6241455078125,12.7685546875,0.0,,0.0445053353905677,0.020297922194004,5.26605166573501,1.2428391478270178,0.637072937986422,0.1379890398495811,0.3711197407858536,0.8940796942749542
171,0,1.0,27,171/1/0/27,1/0/27,1.png,C:\Users\u1021\Downloads\20260803\NASH_datasource_fromDrTsui_171\fast_035\1\0\27\1.png,475,735,349125,31.80121732903688,35.1077694235589,0.0,0.0,68.19878267096313,64.89223057644111,349125,37.93577944862155,42.17732804097511,0.0,235.0,0.0,0.0,0.0,0.0,26.0,64.0,95.0,121.0,171.0,64.0,235.0,5.72257503218782,0.8994353414651372,1.111808658053227,0.8089839334765079,42.17732804097511,1.0,1.1729569639919926,1.0280315638780344,226555,58.24994372227494,39.56140157040158,6.0,235.0,6.0,8.0,11.0,28.0,53.0,79.0,111.0,138.0,179.0,51.0,229.0,7.043326604619431,1.4723933280931951,0.6791663483663279,2.167942112613356,39.56140157040158,0.8904109589041096,0.9785024736648396,0.9161858217564204,0.032515101134777,0.0408068411052227,594.2545166015625,46.90296173095703,155.3640899658203,5664.83203125,224.77716064453125,13.299560546875,0.0,,0.0382377542555332,0.0179207995533943,4.097989902344,1.1190902309780013,0.6464275878779941,0.1186806615179094,0.344110117895309,0.9149412067140982
171,0,1.0,27,171/1/0/27,1/0/27,2.png,C:\Users\u1021\Downloads\20260803\NASH_datasource_fromDrTsui_171\fast_035\1\0\27\2.png,475,735,349125,31.80121732903688,34.37679914070891,0.0,0.0,68.19878267096313,65.62320085929109,349125,39.71902040816327,43.52563252501234,0.0,239.0,0.0,0.0,0.0,0.0,28.0,67.0,98.0,125.0,176.0,67.0,239.0,5.754736052303588,0.912543209690024,1.0958385196243845,0.8327351095513712,43.52563252501234,1.0,1.1238498068567329,0.8948928297657526,229107,60.3613988223843,40.57973524867472,6.0,239.0,6.0,8.0,11.0,29.0,55.0,82.0,114.0,141.0,184.0,53.0,233.0,7.086007182713019,1.487476407928404,0.6722795700623526,2.2125860641435877,40.57973524867472,0.8926174496644296,0.9364037632997744,0.8628285069179213,0.033125665038824,0.0404216796159744,613.8876953125,47.78369522094727,159.25889587402344,5683.1259765625,225.3505706787109,13.36669921875,0.0,,0.0364731326699256,0.0173681043088436,4.131435455207575,1.1437396475465924,0.638917938371354,0.10957015178118,0.3305971662154736,0.9194498813685014
171,0,1.0,27,171/1/0/27,1/0/27,3.png,C:\Users\u1021\Downloads\20260803\NASH_datasource_fromDrTsui_171\fast_035\1\0\27\3.png,475,735,349125,31.80121732903688,33.910776942355895,0.0,0.0,68.19878267096313,66.0892230576441,349125,42.3362291442893,45.65732934945392,0.0,239.0,0.0,0.0,0.0,0.0,31.0,72.0,104.0,130.0,182.0,72.0,239.0,5.80097518373528,0.9272603051364338,1.07844581986378,0.8598116734817123,45.65732934945392,1.0,1.0363579112531285,0.5849050554917783,230734,63.92432844747631,42.181950916038566,6.0,239.0,6.0,8.0,11.0,32.0,60.0,87.0,120.0,146.0,189.0,55.0,233.0,7.152894431291666,1.5154426729743973,0.6598731960195333,2.296566495071786,42.181950916038566,0.8961038961038961,0.829182672484806,0.5980890515389152,0.0348720476031303,0.0440120287239551,697.3302001953125,50.302852630615234,165.72084045410156,6561.0078125,258.4634094238281,14.0625,1.4825797080993652,28.864803314208984,0.0370278507471084,0.0179451014846563,4.758748099180795,1.2075667621442248,0.6308093774870113,0.1013412975890456,0.3178995771386544,0.9154990138412205
171,0,1.0,28,171/1/0/28,1/0/28,1.png,C:\Users\u1021\Downloads\20260803\NASH_datasource_fromDrTsui_171\fast_035\1\0\28\1.png,475,735,349125,31.801503759398496,32.3233798782671,0.0,0.0,68.1984962406015,67.6766201217329,349125,44.59845327604726,44.159694485053926,0.0,239.0,0.0,0.0,0.0,0.0,39.0,70.0,105.0,131.0,176.0,70.0,239.0,5.777642021623658,1.009935729766922,0.9901620177660068,1.0199701782598454,44.159694485053926,1.0,0.9742420910103428,0.6857478486872051,236276,65.86814572787756,38.49323069811957,6.0,239.0,8.0,17.0,24.0,38.0,58.0,85.0,119.0,143.0,185.0,47.0,233.0,7.1245893887065685,1.7111617947696784,0.5843982743517246,2.9280746878793877,38.49323069811957,0.7875,1.0869491767054456,1.249273990464122,0.0399633534252643,0.0429410822689533,773.2003173828125,57.64704513549805,177.0620574951172,7160.04443359375,299.5285949707031,17.596435546875,1.4825797080993652,30.401243209838867,0.0476118773221969,0.0212804973125457,5.128585736855739,1.3658477900086836,0.5834579410285974,0.0843799282256193,0.2899441442600656,0.8996489232212767
171,0,1.0,28,171/1/0/28,1/0/28,2.png,C:\Users\u1021\Downloads\20260803\NASH_datasource_fromDrTsui_171\fast_035\1\0\28\2.png,475,735,349125,31.80121732903688,32.21825993555317,0.0,0.0,68.19878267096313,67.78174006444682,349125,45.30986895810956,45.44732414910316,0.0,242.0,0.0,0.0,0.0,0.0,39.0,71.0,107.0,135.0,185.0,71.0,242.0,5.800658355586545,0.99697550530054,1.0030336700183504,0.9939601581692674,45.44732414910316,1.0,1.040285404209225,0.8726428328488165,236643,66.82109337694332,40.13559853262295,6.0,242.0,9.0,17.0,24.0,38.0,59.0,86.0,123.0,149.0,194.0,48.0,236.0,7.1619789209299904,1.6648834406351238,0.6006426489643729,2.771836870901048,40.13559853262295,0.7951807228915663,1.148121225904227,1.3567685946885568,0.0404772013425827,0.0432162880897522,766.794921875,58.38827133178711,181.56512451171875,7295.390625,305.9584045410156,17.29736328125,1.4825797080993652,30.889827728271484,0.0437465123832225,0.0195183251053094,5.27440985995784,1.386750206667833,0.5798425721858457,0.0830761828847613,0.287690873376025,0.9036435809589248
171,0,1.0,28,171/1/0/28,1/0/28,3.png,C:\Users\u1021\Downloads\20260803\NASH_datasource_fromDrTsui_171\fast_035\1\0\28\3.png,475,735,349125,31.80121732903688,31.833583959899748,0.0,0.0,68.19878267096313,68.16641604010026,349125,44.688624418188326,42.290823157878265,0.0,241.0,0.0,0.0,0.0,0.0,41.0,70.0,102.0,125.0,166.0,70.0,241.0,5.689275904339793,1.0566979094107176,0.9463442589355212,1.1166104717529812,42.290823157878265,1.0,0.8549455938474377,0.4541573470171856,237986,65.55606212130125,35.4378618389128,6.0,241.0,13.0,21.0,27.0,40.0,59.0,83.0,115.0,137.0,174.0,43.0,235.0,7.015967884878104,1.849887626383738,0.5405733763162982,3.4220842302476604,35.4378618389128,0.7341772151898734,1.0971152466708705,1.3121228732617238,0.0404310226440429,0.0431648157536983,764.88623046875,58.3216552734375,182.41818237304688,7278.36474609375,296.9350280761719,16.619873046875,1.4825797080993652,30.46735954284668,0.0501810610294342,0.0238935519009828,5.2544369167659095,1.3908444676674003,0.5772369459887127,0.0801506537455088,0.2825777976149015,0.885482595351299
171,0,1.0,29,171/1/0/29,1/0/29,1.png,C:\Users\u1021\Downloads\20260803\NASH_datasource_fromDrTsui_171\fast_035\1\0\29\1.png,475,735,349125,31.801503759398496,32.6358754027927,0.0,0.0,68.1984962406015,67.36412459720731,349125,43.78987755102041,43.249140164421,0.0,242.0,0.0,0.0,0.0,0.0,39.0,71.0,101.0,127.0,172.0,71.0,242.0,5.767230284289318,1.0125028470980852,0.987651543762154,1.0251620153817285,43.249140164421,1.0,0.9063538024602846,0.4638560061707633,235185,64.9527053170908,37.47198711008486,6.0,242.0,7.0,13.0,22.0,39.0,59.0,84.0,115.0,141.0,179.0,45.0,236.0,7.104359997483904,1.7333669849499398,0.5769118765284896,3.004561104514445,37.47198711008486,0.8311688311688312,0.9622113879074914,1.039537713904101,0.0406442955136299,0.0442921817302703,749.6734619140625,58.62931060791016,183.50473022460935,7519.5029296875,293.8544006347656,16.546630859375,1.4825797080993652,29.85378837585449,0.04731922224164,0.022268358618021,5.437925660465061,1.388620445888337,0.5874914297498234,0.0876595779678978,0.2955786073673591,0.8884841883827578
171,0,1.0,29,171/1/0/29,1/0/29,2.png,C:\Users\u1021\Downloads\20260803\NASH_datasource_fromDrTsui_171\fast_035\1\0\29\2.png,475,735,349125,31.80207662012173,32.78195488721805,0.0,0.0,68.19792337987826,67.21804511278195,349125,43.11736484067311,42.83625582835749,0.0,239.0,0.0,0.0,0.0,0.0,38.0,69.0,100.0,125.0,170.0,69.0,239.0,5.758973158241643,1.0065624085690872,0.9934803758681826,1.013167882344402,42.83625582835749,1.0,0.9238234326876468,0.5121271085098664,234675,64.08435069777352,37.2632877844053,6.0,239.0,7.0,12.0,21.0,38.0,58.0,83.0,114.0,139.0,178.0,45.0,233.0,7.090309624693741,1.7197717782861028,0.5814725027041577,2.957614969389344,37.2632877844053,0.8410596026490066,0.971269732288896,1.07305372927227,0.0405869707465171,0.0448535047471523,749.610107421875,58.54661560058594,185.81088256835935,7613.93603515625,293.7361755371094,16.754150390625,1.4825797080993652,29.394227981567383,0.0496891364455223,0.0228884946554899,5.431367310243267,1.3778648673703515,0.5904547135433105,0.0890644525055509,0.2979538415038467,0.8859478164127655
171,0,1.0,29,171/1/0/29,1/0/29,3.png,C:\Users\u1021\Downloads\20260803\NASH_datasource_fromDrTsui_171\fast_035\1\0\29\3.png,475,735,349125,31.801503759398496,32.66967418546366,0.0,0.0,68.1984962406015,67.33032581453634,349125,43.02059147869674,42.69051527482375,0.0,241.0,0.0,0.0,0.0,0.0,39.0,69.0,99.0,123.0,172.0,69.0,241.0,5.751034664358006,1.0077318393031358,0.9923274833625556,1.015523459945281,42.69051527482375,1.0,0.9386235454134724,0.6269750794897084,235067,63.84062416247283,37.14436534021297,6.0,241.0,7.0,12.0,21.0,38.0,59.0,82.0,112.0,138.0,180.0,44.0,235.0,7.079911063061719,1.7187162461316343,0.5818296081454571,2.9539855347168165,37.14436534021297,0.84,1.007293426164687,1.291594562933266,0.0395791307091712,0.0447263419628143,754.622802734375,57.092803955078125,179.8046112060547,7422.115234375,280.20269775390625,16.12548828125,1.4825797080993652,29.33156967163086,0.0498678795993328,0.023337960243225,5.301907100115556,1.3506656228972715,0.594507111580651,0.0876360664551832,0.2955498723496772,0.887640966091944
171,0,1.0,30,171/1/0/30,1/0/30,1.png,C:\Users\u1021\Downloads\20260803\NASH_datasource_fromDrTsui_171\fast_035\1\0\30\1.png,475,735,349125,31.80121732903688,31.844468313641244,0.0,0.0,68.19878267096313,68.15553168635876,349125,43.4885843179377,43.56270854860935,0.0,240.0,0.0,0.0,0.0,0.0,38.0,65.0,104.0,133.0,178.0,65.0,240.0,5.703619409840964,0.9982984476139968,1.001704452601394,0.9965997905085158,43.56270854860935,1.0,1.1153934788257591,1.118048620556273,237948,63.80509607141056,38.57708576087676,6.0,240.0,12.0,19.0,25.0,37.0,54.0,80.0,120.0,146.0,186.0,43.0,234.0,7.036170000408477,1.653963611116498,0.6046082231065265,2.7355956268975268,38.57708576087676,0.7696969696969697,1.2997044702204466,1.5917274331874447,0.0408276319503784,0.0464043579995632,760.9720458984375,58.89376831054688,188.87322998046875,7949.1962890625,297.1768493652344,14.215087890625,1.4825797080993652,29.651487350463867,0.0478745251893997,0.0221914947032928,5.653642728109253,1.3942757584486285,0.5844872231273331,0.0814099230203723,0.2847909978173334,0.8855560958240218
171,0,1.0,30,171/1/0/30,1/0/30,2.png,C:\Users\u1021\Downloads\20260803\NASH_datasource_fromDrTsui_171\fast_035\1\0\30\2.png,475,735,349125,31.80121732903688,31.839312567132115,0.0,0.0,68.19878267096313,68.16068743286789,349125,44.96303043322592,45.16409398106899,0.0,241.0,0.0,0.0,0.0,0.0,38.0,68.0,108.0,138.0,182.0,68.0,241.0,5.746001994923665,0.9955481549585088,1.004471752591091,0.9911161288412912,45.16409398106899,1.0,1.090573251516417,0.9449446210188116,237966,65.96369229217619,40.09299439738472,6.0,241.0,12.0,19.0,25.0,37.0,56.0,84.0,126.0,151.0,189.0,47.0,235.0,7.098864842486778,1.645267291297131,0.6078039752504888,2.706904459812198,40.09299439738472,0.7764705882352941,1.2306851829370151,1.281211882053384,0.0414991565048694,0.0478280559182167,757.9720458984375,59.86244201660156,193.11990356445312,8343.388671875,325.4193420410156,14.532470703125,1.4825797080993652,30.655168533325195,0.0428194925189018,0.0198885444551706,5.9299919532815055,1.4119938746567753,0.5837773398266716,0.0804486783017482,0.2831016607400008,0.889677612966329
171,0,1.0,30,171/1/0/30,1/0/30,3.png,C:\Users\u1021\Downloads\20260803\NASH_datasource_fromDrTsui_171\fast_035\1\0\30\3.png,475,735,349125,31.80121732903688,31.8421768707483,0.0,0.0,68.19878267096313,68.15782312925171,349125,45.70648907984246,46.09044982324849,0.0,242.0,0.0,0.0,0.0,0.0,39.0,69.0,111.0,141.0,185.0,69.0,242.0,5.769082575590401,0.9916694077649822,1.0084005739914808,0.9834082142969506,46.09044982324849,1.0,1.0918853455600253,0.914603814855039,237956,67.05719965035553,41.05079738250784,6.0,242.0,12.0,20.0,25.0,37.0,56.0,86.0,128.0,154.0,193.0,49.0,236.0,7.132351096703249,1.633517591035376,0.6121758378899169,2.6683797202220183,41.05079738250784,0.7701149425287356,1.211031172793191,1.1936665494406231,0.0415156073868274,0.0483971685171127,777.8228759765625,59.88616943359375,194.78265380859372,8460.181640625,336.2279968261719,14.520263671875,1.4825797080993652,31.161495208740234,0.0434388145804405,0.0196703001856803,6.044969356189746,1.422786129395612,0.5830484743278092,0.0802702462760342,0.282788340328927,0.8923658191004401
171,0,1.0,31,171/1/0/31,1/0/31,1.png,C:\Users\u1021\Downloads\20260803\NASH_datasource_fromDrTsui_171\fast_035\1\0\31\1.png,475,735,349125,31.80179018976012,36.170712495524526,0.0,0.0,68.19820981023989,63.829287504475474,349125,33.786921589688504,40.05658810995168,0.0,240.0,0.0,0.0,0.0,0.0,21.0,53.0,94.0,120.0,160.0,53.0,240.0,5.6499219677917925,0.8434797665978563,1.1855648939078434,0.711458116659974,40.05658810995168,1.0,1.3829300159839124,1.5167615718459633,222844,52.657118881369925,39.09325999854968,6.0,240.0,6.0,7.0,10.0,23.0,43.0,72.0,112.0,133.0,168.0,49.0,234.0,6.944484275542669,1.3469615704426656,0.7424116782124377,1.8143054722493723,39.09325999854968,0.9,1.122108452900075,0.8800897594144166,0.0324329510331153,0.0434817485511302,589.7562255859375,46.78445816040039,166.87327575683594,6122.8759765625,223.6162567138672,10.174560546875,0.0,,0.0441204160451889,0.0207143723964691,4.344428749449722,1.102948497906463,0.6614774311964398,0.1296103772267526,0.3596351005264593,0.8998683588991208
171,0,1.0,31,171/1/0/31,1/0/31,2.png,C:\Users\u1021\Downloads\20260803\NASH_datasource_fromDrTsui_171\fast_035\1\0\31\2.png,475,735,349125,31.80121732903688,35.46981740064447,0.0,0.0,68.19878267096313,64.53018259935554,349125,35.39053634085213,39.85596077808263,0.0,239.0,0.0,0.0,0.0,0.0,25.0,56.0,94.0,118.0,158.0,56.0,239.0,5.672941254058163,0.8879609385884859,1.1261756644268754,0.7884746284589448,39.85596077808263,1.0,1.2327760368556062,1.0906671276001836,225291,54.61337115108904,37.66917971878895,6.0,239.0,6.0,8.0,12.0,27.0,46.0,74.0,110.0,131.0,166.0,47.0,233.0,6.968944564371969,1.4498157793398545,0.6897428033617696,2.101965794022829,37.66917971878895,0.8848920863309353,1.0404984877822852,0.7788091278585849,0.0341627821326255,0.0433763265609741,628.2734375,49.27973556518555,174.0835418701172,6343.5283203125,235.4495849609375,11.767578125,1.4825797080993652,24.12930679321289,0.0456316359341144,0.0217287763953208,4.561655907744983,1.1637769328451557,0.6450453159896379,0.1205449659677292,0.346792853167045,0.8927995836210935
171,0,1.0,31,171/1/0/31,1/0/31,3.png,C:\Users\u1021\Downloads\20260803\NASH_datasource_fromDrTsui_171\fast_035\1\0\31\3.png,475,735,349125,31.801503759398496,36.639598997493735,0.0,0.0,68.1984962406015,63.360401002506265,349125,33.35674042248478,39.8438855450337,0.0,240.0,0.0,0.0,0.0,0.0,21.0,51.0,90.0,119.0,165.0,51.0,240.0,5.628704260250886,0.8371859311959724,1.194477788908179,0.7008802833924676,39.8438855450337,1.0,1.492688333456181,2.107181229834177,221207,52.33910319293693,38.99967417499584,6.0,240.0,6.0,7.0,10.0,25.0,42.0,69.0,110.0,135.0,175.0,44.0,234.0,6.920110324595981,1.3420394990503153,0.7451345513359651,1.801070017011221,38.99967417499584,0.9014084507042254,1.2833513408430282,1.5120605647479843,0.0326473526656627,0.0437725223600864,559.8070068359375,47.09373092651367,168.23077392578125,6204.7021484375,237.9481658935547,11.907958984375,0.0,,0.0408626720309257,0.0187578927725553,4.43631030854703,1.108184965622774,0.6595497850427277,0.1359157908829937,0.368290988898903,0.8974896836853342
171,0,1.0,32,171/1/0/32,1/0/32,1.png,C:\Users\u1021\Downloads\20260803\NASH_datasource_fromDrTsui_171\fast_035\1\0\32\1.png,475,735,349125,31.80236305048335,37.73347654851415,0.0,0.0,68.19763694951665,62.26652345148585,349125,36.41298675259578,43.71812487992016,0.0,241.0,0.0,0.0,0.0,0.0,23.0,57.0,96.0,131.0,183.0,57.0,241.0,5.700874417613324,0.8329036721636784,1.2006190312527334,0.6937285271037403,43.71812487992016,1.0,1.476416986682756,1.9988119043352464,217388,58.1035429738532,42.67682044321923,6.0,241.0,6.0,7.0,11.0,28.0,48.0,76.0,119.30000000001746,152.0,192.0,48.0,235.0,7.058556215384566,1.361477785140038,0.7344960093470366,1.853621759429823,42.67682044321923,0.9119496855345912,1.252224970473639,1.3755575492599892,0.0341872386634349,0.0472897849977016,628.8668212890625,49.31501770019531,172.05401611328125,7085.31298828125,270.83905029296875,12.29248046875,0.0,,0.0386737249791622,0.0173000842332839,5.1584710929566375,1.1682711389822336,0.6534567553074001,0.1445757265097141,0.3798864359821034,0.9018938259612342
171,0,1.0,32,171/1/0/32,1/0/32,2.png,C:\Users\u1021\Downloads\20260803\NASH_datasource_fromDrTsui_171\fast_035\1\0\32\2.png,475,735,349125,31.80179018976012,34.96426781238811,0.0,0.0,68.19820981023989,65.03573218761188,349125,40.22835087719298,45.62111489656242,0.0,240.0,0.0,0.0,0.0,0.0,28.0,64.0,107.0,138.0,181.0,64.0,240.0,5.814307955273124,0.8817923667232476,1.1340538178120247,0.7775577780113864,45.62111489656242,1.0,1.2755390299001392,1.181050835144721,227056,61.664910858995135,43.419054825268645,6.0,240.0,6.0,10.0,16.0,29.0,51.0,83.0,127.0,152.0,190.0,54.0,234.0,7.175369463354821,1.4202269281805722,0.7041128288428403,2.017044527529224,43.419054825268645,0.8765432098765432,1.091008646377439,0.774925753724617,0.0368128269910812,0.0478859134018421,684.883544921875,53.102420806884766,186.67510986328125,7591.2666015625,294.0445251464844,12.5732421875,1.4825797080993652,27.425521850585938,0.0367349162697792,0.0172949600964784,5.57644647343249,1.2629720229459167,0.6293585648781009,0.108866671021814,0.3295116010142505,0.9019468117198964
171,0,1.0,32,171/1/0/32,1/0/32,3.png,C:\Users\u1021\Downloads\20260803\NASH_datasource_fromDrTsui_171\fast_035\1\0\32\3.png,475,735,349125,31.801503759398496,35.9484425349087,0.0,0.0,68.1984962406015,64.0515574650913,349125,41.14287432867884,46.84270387855612,0.0,241.0,0.0,0.0,0.0,0.0,29.0,67.0,106.0,140.0,188.0,67.0,241.0,5.804388641524665,0.8783198005679905,1.1385374659131235,0.7714456720697948,46.84270387855612,1.0,1.2468803734885892,1.1399949288483695,223620,63.97265897504696,44.43977095207047,6.0,241.0,6.0,8.0,12.0,32.0,55.0,86.0,129.0,157.0,196.0,54.0,235.0,7.182362005674488,1.4395361993211722,0.6946681858167651,2.072264469156046,44.43977095207047,0.9030303030303032,1.0348510947265144,0.8030359579718005,0.0375848412513732,0.0489847958087921,720.9732666015625,54.2160530090332,190.3787078857422,7932.28125,329.71539306640625,13.73291015625,0.0,,0.0381061881780624,0.0172036904841661,5.770665733639547,1.288607238737846,0.6297685723869318,0.129016341665136,0.3588121647259962,0.9042357490478437
171,0,1.0,33,171/1/0/33,1/0/33,1.png,C:\Users\u1021\Downloads\20260803\NASH_datasource_fromDrTsui_171\fast_035\1\0\33\1.png,475,735,349125,31.80121732903688,31.9218045112782,0.0,0.0,68.19878267096313,68.0781954887218,349125,37.53040887934121,36.21461731748474,0.0,242.0,0.0,0.0,0.0,0.0,34.0,60.0,85.0,105.0,146.0,60.0,242.0,5.559627509644229,1.0363331621130012,0.964940654761138,1.073986422895132,36.21461731748474,1.0,0.9099524241296956,0.6119320096867336,237678,55.12062117654978,30.937545064369445,6.0,242.0,9.0,16.0,21.0,33.0,50.0,71.0,96.0,117.0,152.0,38.0,236.0,6.81986285379695,1.7816740488576068,0.561269891449107,3.174362416372658,30.937545064369445,0.7593984962406015,1.0904894137374568,1.4232602539415993,0.0351197496056556,0.0401574745774269,602.6917724609375,50.66015625,154.17523193359375,5921.99658203125,225.6534576416016,15.41748046875,1.4825797080993652,25.58402633666992,0.0549594461917877,0.0263616703450679,4.243106044452305,1.1993474890800722,0.6118391053393349,0.0825860869444106,0.2868419636344098,0.8694664306865681
171,0,1.0,33,171/1/0/33,1/0/33,2.png,C:\Users\u1021\Downloads\20260803\NASH_datasource_fromDrTsui_171\fast_035\1\0\33\2.png,475,735,349125,31.80121732903688,31.82900107411385,0.0,0.0,68.19878267096313,68.17099892588614,349125,46.84711206587898,42.93021487521742,0.0,241.0,0.0,0.0,0.0,0.0,44.0,76.0,104.0,124.0,165.0,76.0,241.0,5.710055656599439,1.0912387045358742,0.9163897833199748,1.1908019102771332,42.93021487521742,1.0,0.656098591798157,-0.131939273751322,238002,68.71819564541474,34.65018850584802,6.0,241.0,13.0,22.0,28.0,43.0,64.0,88.0,115.0,135.0,172.0,45.0,235.0,7.046881463557185,1.983198320373263,0.5042360059138147,3.933075577931332,34.65018850584802,0.7197452229299363,0.8389212934724732,0.6864412994483011,0.0404613390564918,0.0455745942890644,779.4163818359375,58.36538696289063,172.92103576660156,7728.4296875,302.48114013671875,16.89453125,1.4825797080993652,31.938011169433597,0.0512049198150634,0.0234810002148151,5.483673981593689,1.3829917262136078,0.5813004997283718,0.0792904547676145,0.2810553188081408,0.8816681040671147
171,0,1.0,33,171/1/0/33,1/0/33,3.png,C:\Users\u1021\Downloads\20260803\NASH_datasource_fromDrTsui_171\fast_035\1\0\33\3.png,475,735,349125,31.80121732903688,31.813820264948085,0.0,0.0,68.19878267096313,68.18617973505191,349125,51.85883566058002,46.33845025870686,0.0,238.0,0.0,0.0,0.0,0.0,51.0,84.0,113.0,134.0,174.0,84.0,238.0,5.765298352967263,1.119131852080787,0.8935497619344078,1.2524561023417722,46.33845025870686,1.0,0.5529958177416414,-0.3370545609516711,238055,76.05398752389154,36.18010950915727,6.0,238.0,16.0,26.0,33.0,49.0,72.0,97.0,124.0,145.0,181.0,48.0,232.0,7.129201128289055,2.10209390064566,0.4757161417445953,4.418798767131685,36.18010950915727,0.695906432748538,0.7724377134753526,0.5900782891947647,0.0428325310349464,0.0484729073941707,862.949462890625,61.78582763671875,182.01565551757807,8706.5830078125,338.2409362792969,17.7734375,1.4825797080993652,35.35390090942383,0.047689963132143,0.0226373076438903,6.223330951476796,1.4689987257980015,0.5697775454673315,0.0782682531914598,0.2792352148011195,0.8857504822744846
171,0,1.0,34,171/1/0/34,1/0/34,1.png,C:\Users\u1021\Downloads\20260803\NASH_datasource_fromDrTsui_171\fast_035\1\0\34\1.png,475,735,349125,31.80121732903688,31.82012173290369,0.0,0.0,68.19878267096313,68.17987826709631,349125,49.29488578589331,47.72116718100345,0.0,239.0,0.0,0.0,0.0,0.0,44.0,75.0,117.0,147.0,185.0,75.0,239.0,5.795332500853372,1.0329773703757252,0.968075418376561,1.0670422477083483,47.72116718100345,1.0,0.9119019636747449,0.3564620505731075,238033,72.30002562669883,40.95034545229802,6.0,239.0,14.0,23.0,29.0,43.0,62.0,92.0,135.0,159.0,191.0,49.0,233.0,7.1726648586370345,1.7655534972450777,0.56639461877557,3.1171791516343235,40.95034545229802,0.7472527472527473,1.0680083096625992,0.7060697911588267,0.0411508679389953,0.0487608164548873,805.9556884765625,59.36003112792969,192.11965942382807,8470.958984375,333.7523498535156,16.064453125,1.4825797080993652,33.60655975341797,0.0396464392542839,0.0189189296215772,6.142605567973292,1.4271586104520515,0.5800311112953155,0.0788718174770517,0.2803170612621231,0.8973753808922759
171,0,1.0,34,171/1/0/34,1/0/34,2.png,C:\Users\u1021\Downloads\20260803\NASH_datasource_fromDrTsui_171\fast_035\1\0\34\2.png,475,735,349125,31.80121732903688,31.827855352667385,0.0,0.0,68.19878267096313,68.17214464733262,349125,45.631676333691374,44.568625639372485,0.0,235.0,0.0,0.0,0.0,0.0,40.0,69.0,110.0,136.0,175.0,69.0,235.0,5.730469772891618,1.0238519963106014,0.9767036677209686,1.048272910349204,44.568625639372485,1.0,0.9528877709025294,0.4826267792284175,238006,66.93422014571061,38.57391586503196,6.0,235.0,13.0,21.0,27.0,39.0,57.0,85.0,125.0,148.0,181.0,46.0,229.0,7.076911628354694,1.7352197370863207,0.5762958884268694,3.01098753597392,38.57391586503196,0.7514792899408284,1.1034964815844293,0.8296039370417896,0.0385293662548065,0.0437466017901897,732.7265625,55.578521728515625,177.1902618408203,7071.134765625,284.734619140625,14.593505859375,1.4825797080993652,31.112340927124023,0.0401031114161014,0.020106978714466,5.178246509718385,1.334307095969945,0.5907798369427929,0.0803604180975305,0.2829613533454858,0.9001453966991368
171,0,1.0,34,171/1/0/34,1/0/34,3.png,C:\Users\u1021\Downloads\20260803\NASH_datasource_fromDrTsui_171\fast_035\1\0\34\3.png,475,735,349125,31.80121732903688,31.82212674543501,0.0,0.0,68.19878267096313,68.17787325456499,349125,45.843743644826354,44.94198641812296,0.0,239.0,0.0,0.0,0.0,0.0,41.0,69.0,106.0,139.0,182.0,69.0,239.0,5.71972780609287,1.0200649169868414,0.9803297646525174,1.040532434867372,44.94198641812296,1.0,1.0352878947764368,0.8566319771323556,238026,67.24004520514566,39.03697592739786,6.0,239.0,14.0,22.0,28.0,40.0,58.0,83.0,125.0,153.0,189.0,43.0,233.0,7.061617130801205,1.722470647577843,0.5805614170588108,2.9669051317672337,39.03697592739786,0.7485714285714286,1.2639637522831877,1.3858453453554145,0.0391611903905868,0.0444233790040016,721.3636474609375,56.48992156982422,176.03746032714844,7297.4375,284.2794494628906,15.17333984375,1.4825797080993652,31.253135681152344,0.0413257628679275,0.0194393694400787,5.270945837694391,1.347679728297999,0.5879671633839116,0.0806775987677528,0.2835066736848557,0.9005033686206324
171,0,1.0,35,171/1/0/35,1/0/35,1.png,C:\Users\u1021\Downloads\20260803\NASH_datasource_fromDrTsui_171\fast_035\1\0\35\1.png,475,735,349125,31.80121732903688,31.920658789831723,0.0,0.0,68.19878267096313,68.07934121016828,349125,38.85216183315431,39.99156364600458,0.0,240.0,0.0,0.0,0.0,0.0,33.0,59.0,90.0,121.0,169.0,59.0,240.0,5.628786904656848,0.9715089456632412,1.0293266000935362,0.9438296315037024,39.99156364600458,1.0,1.2423630172724935,1.598161714493159,237682,57.06132984407738,36.19986081676349,6.0,240.0,9.0,15.0,20.0,32.0,49.0,71.0,107.0,137.0,176.0,39.0,234.0,6.921407092234151,1.5762858905151735,0.6344026841940281,2.484677208637214,36.19986081676349,0.8026315789473685,1.4031607712855834,2.033678128928859,0.0365924537181854,0.0419512465596199,617.6273193359375,52.78453063964844,173.7812957763672,6448.220703125,249.88894653320312,13.0615234375,1.4825797080993652,26.485240936279297,0.0441068410873413,0.0212497115135192,4.712109996061643,1.256182479026519,0.6072742623174269,0.082962477907459,0.2874929501636817,0.8867073843765155
171,0,1.0,35,171/1/0/35,1/0/35,2.png,C:\Users\u1021\Downloads\20260803\NASH_datasource_fromDrTsui_171\fast_035\1\0\35\2.png,475,735,349125,31.80121732903688,33.971500179018975,0.0,0.0,68.19878267096313,66.02849982098103,349125,35.01536698890082,38.8419363786485,0.0,240.0,0.0,0.0,0.0,0.0,26.0,55.0,86.0,115.0,164.0,55.0,240.0,5.647357209828806,0.9014835575537592,1.109282572733298,0.8126726045397817,38.8419363786485,1.0,1.3572559526000103,1.833151729473963,230522,52.89584074405046,36.65040449447642,6.0,240.0,6.0,9.0,14.0,27.0,45.0,69.0,103.0,132.0,171.0,42.0,234.0,6.917274687466033,1.4432539414953085,0.6928787590657348,2.0829819396417437,36.65040449447642,0.8723404255319149,1.3068546469267457,1.7809423391437331,0.0334060564637184,0.0403944998979568,568.97412109375,48.18816375732422,160.63523864746094,5717.373046875,227.3463592529297,12.493896484375,1.4825797080993652,23.870317459106445,0.0424622595310211,0.0209492370486259,4.213070598495765,1.1458851207588394,0.6386650842388283,0.10531365997727,0.3240765862501425,0.8948528381075508
171,0,1.0,35,171/1/0/35,1/0/35,3.png,C:\Users\u1021\Downloads\20260803\NASH_datasource_fromDrTsui_171\fast_035\1\0\35\3.png,475,735,349125,31.80121732903688,32.488077336197634,0.0,0.0,68.19878267096313,67.51192266380237,349125,40.93111063372717,42.54876152674311,0.0,241.0,0.0,0.0,0.0,0.0,35.0,64.0,96.0,127.0,178.0,64.0,241.0,5.732889633863176,0.9619812461051492,1.03952130464994,0.925407917858016,42.54876152674311,1.0,1.1719736455966114,1.306518242253877,235701,60.58446082112507,38.63282974290508,6.0,241.0,7.0,11.0,18.0,34.0,54.0,77.0,113.0,144.0,185.0,43.0,235.0,7.056579771991182,1.568211834967937,0.6376689537102272,2.459288359333504,38.63282974290508,0.8580645161290322,1.2302452196341245,1.6607294710574454,0.0378596894443035,0.0444473028182983,673.330078125,54.61251831054688,175.9895477294922,7093.27734375,270.80828857421875,15.185546875,1.4825797080993652,27.903444290161133,0.0439099483191967,0.0199589375406503,5.123134217932321,1.2971527411382693,0.6051397068255363,0.0855153591751239,0.2919238872698197,0.8923582866583958
171,0,1.0,36,171/1/0/36,1/0/36,1.png,C:\Users\u1021\Downloads\20260803\NASH_datasource_fromDrTsui_171\fast_035\1\0\36\1.png,475,735,349125,31.80121732903688,31.862226996061583,0.0,0.0,68.19878267096313,68.13777300393842,349125,46.0846201217329,45.49780997685013,0.0,240.0,0.0,0.0,0.0,0.0,39.0,73.0,110.0,136.0,179.0,73.0,240.0,5.790073448599025,1.012897547050756,0.9872666815234082,1.025961440821438,45.49780997685013,1.0,0.9415837950791994,0.4416749950858545,237886,67.6305583346645,39.76223857255048,6.0,240.0,11.0,18.0,24.0,38.0,59.0,89.0,125.0,148.0,186.0,51.0,234.0,7.161788395520295,1.7008740142048409,0.5879330224628662,2.892972412197289,39.76223857255048,0.7831325301204819,1.0132310620827658,0.7714983601464396,0.0406624376773834,0.0449502989649772,774.7320556640625,58.65547180175781,182.41818237304688,7644.78173828125,290.4183349609375,15.142822265625,1.4825797080993652,31.41867446899414,0.0458540469408035,0.0210060514509677,5.448229003874313,1.3880161676205995,0.5835794556020735,0.0792391853192209,0.280958059898429,0.8995099088473113
171,0,1.0,36,171/1/0/36,1/0/36,2.png,C:\Users\u1021\Downloads\20260803\NASH_datasource_fromDrTsui_171\fast_035\1\0\36\2.png,475,735,349125,31.80121732903688,31.89402076620122,0.0,0.0,68.19878267096313,68.10597923379879,349125,41.80463444325098,42.009265262844245,0.0,240.0,0.0,0.0,0.0,0.0,37.0,63.0,98.0,128.0,174.0,63.0,240.0,5.680346693964931,0.9951289121979896,1.0048949314428537,0.990281551892354,42.009265262844245,1.0,1.1243734885891763,1.1665702030667493,237775,61.37578803490695,37.2860648042222,6.0,240.0,10.0,17.0,23.0,35.0,53.0,77.0,115.0,142.0,181.0,42.0,234.0,6.998718587437887,1.6460784573854217,0.6075044573442556,2.709574287868369,37.2860648042222,0.7861635220125787,1.3013262748566017,1.657528806867873,0.0372401289641857,0.0416246987879276,656.7607421875,53.71879959106445,170.78787231445312,6490.935546875,253.5811004638672,13.232421875,1.4825797080993652,28.498859405517575,0.0430232733488082,0.0204608272761106,4.659416047739869,1.2716006297625286,0.6012428889653831,0.0820036798543088,0.2858399600947174,0.8989073759463294
171,0,1.0,36,171/1/0/36,1/0/36,3.png,C:\Users\u1021\Downloads\20260803\NASH_datasource_fromDrTsui_171\fast_035\1\0\36\3.png,475,735,349125,31.80121732903688,31.830146795560328,0.0,0.0,68.19878267096313,68.16985320443966,349125,47.86905549588256,47.11952705140724,0.0,241.0,0.0,0.0,0.0,0.0,41.0,73.0,117.0,145.0,182.0,73.0,241.0,5.794006560958489,1.0159069602642148,0.9843421091828354,1.0320669519132766,47.11952705140724,1.0,0.9470328086203428,0.3751404823860653,237998,70.21842200354625,41.08139332815856,6.0,241.0,13.0,21.0,27.0,40.0,60.0,91.0,133.0,156.0,188.0,51.0,235.0,7.169905643780445,1.7092512282297931,0.5850515029529405,2.9215397612050564,41.08139332815856,0.7627118644067796,1.04168598312132,0.5781220087036649,0.0409407615661621,0.0457709431648254,781.2550048828125,59.05695343017578,185.56251525878903,7846.95654296875,317.47637939453125,15.447998046875,1.4825797080993652,32.63597869873047,0.0419723205268383,0.0188700035214424,5.642369265006452,1.4086249456559263,0.5788623943704271,0.0795923731105522,0.281591526803937,0.9041312290863268
171,0,1.0,37,171/1/0/37,1/0/37,1.png,C:\Users\u1021\Downloads\20260803\NASH_datasource_fromDrTsui_171\fast_035\1\0\37\1.png,475,735,349125,31.801503759398496,32.501539563193695,0.0,0.0,68.1984962406015,67.49846043680631,349125,39.64331686358754,41.5976277353522,0.0,242.0,0.0,0.0,0.0,0.0,31.0,64.0,97.0,124.0,164.0,64.0,242.0,5.730369510951479,0.9530186941380852,1.049297360220625,0.9082446313766612,41.5976277353522,1.0,1.065454971847124,0.7227993275989979,235654,58.687571609223696,38.04558270878034,6.0,242.0,7.0,10.0,14.0,30.0,53.0,78.0,113.0,137.0,171.0,48.0,236.0,7.052897456400133,1.5425594098123645,0.6482732487571672,2.37948953280067,38.04558270878034,0.8639455782312925,0.9774054886746886,0.7955840839448203,0.0350750982761383,0.0438529439270496,647.700439453125,50.59574890136719,164.60372924804688,6561.4755859375,245.8441162109375,13.671875,1.4825797080993652,27.027013778686523,0.0436074025928974,0.020655209198594,4.73307378260788,1.20180696207047,0.6281660707388474,0.0861409091170125,0.2929725735858786,0.8952202929556301
171,0,1.0,37,171/1/0/37,1/0/37,2.png,C:\Users\u1021\Downloads\20260803\NASH_datasource_fromDrTsui_171\fast_035\1\0\37\2.png,475,735,349125,31.80121732903688,32.005442176870744,0.0,0.0,68.19878267096313,67.99455782312926,349125,38.91254135338346,41.42225617885226,0.0,241.0,0.0,0.0,0.0,0.0,32.0,58.0,94.0,128.0,174.0,58.0,241.0,5.670853838143108,0.939411440684631,1.0644962970338243,0.8824938548891741,41.42225617885226,1.0,1.3124794155438952,1.651041717272709,237386,57.21579621376155,38.42730111503374,6.0,241.0,8.0,13.0,18.0,30.0,48.0,72.0,114.0,142.0,181.0,42.0,235.0,6.9791166992197,1.48893610931675,0.671620490458039,2.2169307376273006,38.42730111503374,0.832258064516129,1.3685301457207508,1.7215011284737436,0.0348702855408191,0.042540967464447,598.0111083984375,50.30030822753906,162.33876037597656,6295.8154296875,247.81895446777344,13.61083984375,1.4825797080993652,26.529783248901367,0.0416969582438468,0.0189179498702287,4.539518559133168,1.1930550163707847,0.6219232233167515,0.083997161695453,0.2892867064979212,0.9000261303521357
171,0,1.0,37,171/1/0/37,1/0/37,3.png,C:\Users\u1021\Downloads\20260803\NASH_datasource_fromDrTsui_171\fast_035\1\0\37\3.png,475,735,349125,31.80121732903688,31.999140708915142,0.0,0.0,68.19878267096313,68.00085929108486,349125,37.90809308986753,40.91332135010322,0.0,237.0,0.0,0.0,0.0,0.0,30.0,56.0,93.0,127.0,173.0,56.0,237.0,5.644173104934042,0.9265464606376154,1.0792766930563165,0.8584883437200922,40.91332135010322,1.0,1.3800965690311449,1.8650332516538637,237408,55.73379582827874,38.321223178366864,6.0,237.0,8.0,13.0,18.0,29.0,45.0,69.0,113.0,141.0,180.0,40.0,231.0,6.940200747616183,1.4543845735002958,0.6875760498430483,2.1152344876356377,38.321223178366864,0.8311688311688312,1.428356778812846,1.8431884453922889,0.0339591950178146,0.0419803857803344,568.2099609375,48.986061096191406,154.14015197753906,6066.7373046875,230.3209381103516,12.518310546875,1.4825797080993652,25.84293365478516,0.0406112410128116,0.0180866792798042,4.387791702766763,1.1670630974103038,0.626054680225861,0.0849650438379462,0.2909530994372942,0.9013127947604216
171,0,1.0,38,171/1/0/38,1/0/38,1.png,C:\Users\u1021\Downloads\20260803\NASH_datasource_fromDrTsui_171\fast_035\1\0\38\1.png,475,735,349125,31.80121732903688,32.81145721446473,0.0,0.0,68.19878267096313,67.18854278553526,349125,37.54848549946294,39.53884881649312,0.0,238.0,0.0,0.0,0.0,0.0,30.0,60.0,90.0,117.0,163.0,60.0,238.0,5.676494737804112,0.9496605648215048,1.053007818838889,0.9018551883770992,39.53884881649312,1.0,1.1870726329525194,1.306554898807561,234572,55.82197363709224,36.17736206891292,6.0,238.0,7.0,11.0,17.0,30.0,49.0,73.0,105.0,131.0,171.0,43.0,232.0,6.967248048659686,1.5430084020708592,0.6480846109832636,2.380874928861266,36.17736206891292,0.8450704225352113,1.20323839618063,1.5578792283058729,0.0348676107823848,0.042846493422985,620.8887939453125,50.29645156860352,163.7085723876953,6349.7119140625,249.37872314453125,14.00146484375,1.4825797080993652,25.598188400268555,0.049491710960865,0.0225556343793869,4.524833592696367,1.1900335360261625,0.6258408211580789,0.0919906155813758,0.3028177577468995,0.8888407673506745
171,0,1.0,38,171/1/0/38,1/0/38,2.png,C:\Users\u1021\Downloads\20260803\NASH_datasource_fromDrTsui_171\fast_035\1\0\38\2.png,475,735,349125,31.801503759398496,32.88392409595417,0.0,0.0,68.1984962406015,67.11607590404583,349125,37.26485929108485,39.36208486549866,0.0,240.0,0.0,0.0,0.0,0.0,30.0,59.0,89.0,116.0,164.0,59.0,240.0,5.6699881778737655,0.9467196521327546,1.0562789076441124,0.8962780997343638,39.36208486549866,1.0,1.208883703509221,1.392173215097336,234319,55.45584865077096,36.08199278775248,6.0,240.0,7.0,11.0,16.0,29.0,48.0,72.0,104.0,132.0,171.0,43.0,234.0,6.955997396513145,1.5369397410221386,0.6506435960429731,2.3621837675331983,36.08199278775248,0.8461538461538461,1.232248815212739,1.643162387691512,0.0347865521907806,0.0427716039121151,624.9366455078125,50.17951965332031,163.08016967773438,6324.62109375,242.91542053222656,13.140869140625,1.4825797080993652,25.405563354492188,0.0485522337257862,0.022401288151741,4.543796125412958,1.1926670864615974,0.6254360020549369,0.092330296723306,0.3033730794798662,0.8869111732850022
171,0,1.0,38,171/1/0/38,1/0/38,3.png,C:\Users\u1021\Downloads\20260803\NASH_datasource_fromDrTsui_171\fast_035\1\0\38\3.png,475,735,349125,31.80121732903688,32.866165413533835,0.0,0.0,68.19878267096313,67.13383458646616,349125,37.88844969566774,40.09513643978557,0.0,242.0,0.0,0.0,0.0,0.0,30.0,60.0,91.0,119.0,166.0,60.0,242.0,5.690519797120366,0.9449637302660931,1.0582416742263845,0.8929564515184099,40.09513643978557,1.0,1.1952688240849194,1.3015499675603506,234381,56.37072970931944,36.81054170508379,6.0,242.0,7.0,11.0,16.0,30.0,49.0,73.0,107.0,134.0,173.0,43.0,236.0,6.987329675538585,1.5313746306953764,0.6530080751996744,2.3451082595374,36.81054170508379,0.8482758620689655,1.196706581555548,1.4966423312099175,0.0350024849176406,0.042910411953926,619.813720703125,50.491004943847656,166.15643310546875,6380.7255859375,244.8896942138672,13.226318359375,1.4825797080993652,25.829923629760746,0.0467108190059661,0.0217098779976367,4.61893442148511,1.205850923990394,0.622808726333102,0.0917990557609335,0.3024999302439091,0.890119227007049
171,0,1.0,39,171/1/0/39,1/0/39,1.png,C:\Users\u1021\Downloads\20260803\NASH_datasource_fromDrTsui_171\fast_035\1\0\39\1.png,475,735,349125,31.80121732903688,31.89316147511636,0.0,0.0,68.19878267096313,68.10683852488364,349125,39.27545435016112,38.720552428869865,0.0,241.0,0.0,0.0,0.0,0.0,34.0,61.0,92.0,117.0,155.0,61.0,241.0,5.610690589921674,1.0143309401979896,0.9858715340032984,1.0288672562429375,38.720552428869865,1.0,1.0109385538715472,0.7956634275160783,237778,57.66157928824366,33.78456030995174,6.0,241.0,10.0,17.0,22.0,33.0,50.0,74.0,106.0,128.0,162.0,41.0,235.0,6.896401733307919,1.706743517134322,0.5859111166738354,2.912973433280036,33.78456030995174,0.7655172413793103,1.1758886852708894,1.3370099919715193,0.035352736711502,0.0384175442159175,634.596435546875,50.99624252319336,157.40646362304688,5671.68505859375,235.59194946289065,13.61083984375,1.4825797080993652,26.777740478515625,0.0476402193307876,0.0242115575820207,4.178671927781497,1.221904213310696,0.6058121988617807,0.082616839811153,0.2868908847795008,0.8906795683154458
171,0,1.0,39,171/1/0/39,1/0/39,2.png,C:\Users\u1021\Downloads\20260803\NASH_datasource_fromDrTsui_171\fast_035\1\0\39\2.png,475,735,349125,31.80121732903688,32.011457214464734,0.0,0.0,68.19878267096313,67.98854278553527,349125,37.10225850340136,38.73877852675337,0.0,241.0,0.0,0.0,0.0,0.0,30.0,57.0,91.0,118.0,158.0,57.0,241.0,5.619807534469106,0.9577549916236564,1.0441083666969218,0.9172946239800304,38.73877852675337,1.0,1.2031094450892803,1.270236362090822,237365,54.558051945316286,35.430957260392425,6.0,241.0,8.0,14.0,18.0,29.0,46.0,71.0,106.0,130.0,165.0,42.0,235.0,6.90358611076013,1.5398413185495743,0.6494175652734997,2.3711112863124915,35.430957260392425,0.8055555555555556,1.2548779517607889,1.422744054263025,0.0351448431611061,0.0403100214898586,616.33251953125,50.69636154174805,164.6147003173828,5951.2080078125,235.55177307128903,13.4521484375,1.4825797080993652,25.29543685913086,0.0471377931535244,0.0227202717214822,4.30458560294309,1.2082210998342937,0.6145891425171008,0.0829398761315426,0.287455623849964,0.8893984185263739
171,0,1.0,39,171/1/0/39,1/0/39,3.png,C:\Users\u1021\Downloads\20260803\NASH_datasource_fromDrTsui_171\fast_035\1\0\39\3.png,475,735,349125,31.80121732903688,31.886000716075905,0.0,0.0,68.19878267096313,68.1139992839241,349125,38.92275546007877,38.70323436746182,0.0,240.0,0.0,0.0,0.0,0.0,34.0,60.0,92.0,117.0,156.0,60.0,240.0,5.606602527535864,1.0056719056224797,0.9943600834519,1.0113759817583494,38.70323436746182,1.0,1.052790920404714,0.9113127694473052,237803,57.13809750087257,34.03768474971208,6.0,240.0,10.0,17.0,22.0,33.0,49.0,73.0,106.0,129.0,163.0,40.0,234.0,6.890939985830627,1.6786716817264105,0.5957091019558759,2.817938615030175,34.03768474971208,0.7671232876712328,1.2130261806404294,1.402585550115286,0.0363735817372798,0.0405013002455234,639.2222900390625,52.46881103515625,170.98622131347656,6166.2265625,248.80567932128903,13.78173828125,1.4825797080993652,26.53719520568848,0.0485691651701927,0.0234450157731771,4.4747656597231815,1.2493885009680004,0.604393450055115,0.0821316215214981,0.2860466568506204,0.8830875821217186
171,0,1.0,40,171/1/0/40,1/0/40,1.png,C:\Users\u1021\Downloads\20260803\NASH_datasource_fromDrTsui_171\fast_035\1\0\40\1.png,475,735,349125,31.80121732903688,32.10282849982098,0.0,0.0,68.19878267096313,67.89717150017903,349125,45.66494808449696,45.38742223938031,0.0,241.0,0.0,0.0,0.0,0.0,38.0,74.0,110.0,134.0,172.0,74.0,241.0,5.822638153229552,1.0061145980851904,0.9939225629994558,1.0122665844801246,45.38742223938031,1.0,0.875339405895238,0.1625937845507357,237046,67.23719024999367,39.80385119271861,6.0,241.0,8.0,15.0,21.0,37.0,60.0,90.0,124.0,145.0,179.0,53.0,235.0,7.198338795307598,1.6892131850370673,0.5919915904386316,2.8534411845030734,39.80385119271861,0.8125,0.8385892047842044,0.3915207636926912,0.0401931777596473,0.0463741570711135,754.8797607421875,57.97857284545898,189.01556396484372,7836.4052734375,289.2478332519531,14.95361328125,1.4825797080993652,31.132761001586918,0.0432074144482612,0.0197173710912466,5.570400792134215,1.3720579761131109,0.5899351955383527,0.0811738782013131,0.2843779088956804,0.8974551314577838
171,0,1.0,40,171/1/0/40,1/0/40,2.png,C:\Users\u1021\Downloads\20260803\NASH_datasource_fromDrTsui_171\fast_035\1\0\40\2.png,475,735,349125,31.80121732903688,32.040100250626566,0.0,0.0,68.19878267096313,67.95989974937343,349125,47.92814894378804,46.96413552271186,0.0,240.0,0.0,0.0,0.0,0.0,41.0,78.0,115.0,139.0,176.0,78.0,240.0,5.853573208743148,1.0205265871573423,0.9798862788920388,1.0414745150950129,46.96413552271186,1.0,0.8144962586348822,-0.0065739919336977,237265,70.50894147893705,40.66940520330427,6.0,240.0,9.0,16.0,23.0,40.0,64.0,94.0,129.0,150.0,183.0,54.0,234.0,7.246398156503037,1.7337096799539229,0.5767978408164494,3.005749254365933,40.66940520330427,0.8072289156626506,0.7789378877614173,0.2507834668522073,0.0416810922324657,0.0475827418267726,808.0863037109375,60.124881744384766,193.6529541015625,8326.17578125,308.0843811035156,16.07666015625,1.4825797080993652,32.67417907714844,0.0425502397119998,0.0197115670889616,5.907185396333016,1.4242047053019344,0.5812516583357007,0.0801623858358749,0.2825999026668933,0.8984148392994314
171,0,1.0,40,171/1/0/40,1/0/40,3.png,C:\Users\u1021\Downloads\20260803\NASH_datasource_fromDrTsui_171\fast_035\1\0\40\3.png,475,735,349125,31.80121732903688,31.989115646258504,0.0,0.0,68.19878267096313,68.0108843537415,349125,48.14384819190834,46.91440595382814,0.0,241.0,0.0,0.0,0.0,0.0,42.0,79.0,115.0,138.0,175.0,79.0,241.0,5.851263703093537,1.0262060706745426,0.9744631498259244,1.0530988994892845,46.91440595382814,1.0,0.7872562681133166,-0.0812763590990361,237443,70.77665376532472,40.43304437417195,6.0,241.0,9.0,16.0,23.0,40.0,64.0,95.0,128.0,150.0,182.0,55.0,235.0,7.244844198319063,1.7504656119967024,0.5712765752989176,3.064129858782989,40.43304437417195,0.8072289156626506,0.7464290898310137,0.185265468860527,0.0418929904699325,0.0474609099328517,792.60498046875,60.430545806884766,193.58203125,8338.931640625,307.0262756347656,16.3818359375,1.4825797080993652,32.820655822753906,0.0415081903338432,0.018914321437478,5.925640431530933,1.4312022326688951,0.5790629171113492,0.0800567691036085,0.282406407064618,0.8977830508900477
171,0,1.0,41,171/1/0/41,1/0/41,1.png,C:\Users\u1021\Downloads\20260803\NASH_datasource_fromDrTsui_171\fast_035\1\0\41\1.png,475,735,349125,31.80121732903688,32.26609380594343,0.0,0.0,68.19878267096313,67.73390619405657,349125,35.679243823845326,35.99184394383329,0.0,240.0,0.0,0.0,0.0,0.0,31.0,55.0,84.0,107.0,148.0,55.0,240.0,5.557647605511538,0.9913146956161571,1.0087613998080038,0.9827048257445544,35.99184394383329,1.0,1.1170907300755382,1.2435179378611425,236476,52.64661107258242,31.93954418846705,6.0,240.0,8.0,14.0,19.0,30.0,46.0,67.0,97.0,119.0,155.0,37.0,234.0,6.802217703953421,1.648320676147671,0.6066780660284645,2.7169610514159155,31.93954418846705,0.7894736842105263,1.2774138178916514,1.877401567335987,0.0342546738684177,0.0400091335177421,586.433349609375,49.41228866577149,159.3960418701172,5772.3740234375,221.76866149902344,12.01171875,1.4825797080993652,24.326379776000977,0.05508953332901,0.0251766163855791,4.134686482137123,1.1655844653404523,0.6231201644913477,0.0879818185091498,0.296097445563294,0.8743314110149307
171,0,1.0,41,171/1/0/41,1/0/41,2.png,C:\Users\u1021\Downloads\20260803\NASH_datasource_fromDrTsui_171\fast_035\1\0\41\2.png,475,735,349125,31.80121732903688,31.82470461868958,0.0,0.0,68.19878267096313,68.17529538131042,349125,41.95411958467598,39.6613119621537,0.0,240.0,0.0,0.0,0.0,0.0,39.0,65.0,94.0,119.0,160.0,65.0,240.0,5.603477593656584,1.0578096767124132,0.9453496427712016,1.1189613121464204,39.6613119621537,1.0,0.9009342742409646,0.6629250764628094,238017,61.53710449253624,33.200783097837856,6.0,240.0,13.0,21.0,27.0,38.0,55.0,76.0,108.0,131.0,167.0,38.0,234.0,6.890891159291954,1.85348352510829,0.5395246229348464,3.435401177847853,33.200783097837856,0.7236842105263158,1.2198160716588735,1.6650927718654869,0.038603089749813,0.0435580089688301,727.842529296875,55.68486785888672,174.72283935546875,7048.70654296875,280.2528991699219,13.70849609375,1.4825797080993652,28.600791931152344,0.0558496043086051,0.025417473167181,5.011778409112959,1.3164492215977144,0.5930885404711269,0.0823718223957348,0.2864782265352446,0.873664178310574
171,0,1.0,41,171/1/0/41,1/0/41,3.png,C:\Users\u1021\Downloads\20260803\NASH_datasource_fromDrTsui_171\fast_035\1\0\41\3.png,475,735,349125,31.80121732903688,31.81954887218045,0.0,0.0,68.19878267096313,68.18045112781955,349125,45.529870390261365,42.009068011474064,0.0,240.0,0.0,0.0,0.0,0.0,44.0,71.0,100.0,126.0,166.0,71.0,240.0,5.654445454664572,1.0838105329503065,0.9226704941479388,1.1746452713340267,42.009068011474064,1.0,0.7769311919842918,0.2931387486093304,238035,66.77737307538807,34.19886569000026,6.0,240.0,14.0,23.0,30.0,43.0,60.0,83.0,114.0,138.0,173.0,40.0,234.0,6.966025287407993,1.95261953073823,0.5121325400355533,3.812723031820386,34.19886569000026,0.7142857142857143,1.1095088522496468,1.3088197404392687,0.0404523462057113,0.044668786227703,777.7398681640625,58.35242462158203,185.41075134277344,7556.82568359375,299.250732421875,16.522216796875,1.4825797080993652,31.03860855102539,0.0528304949402809,0.0242631006985902,5.374005724714478,1.3828021431735829,0.5804606249897574,0.0809085639372123,0.2839182092376002,0.879731534475077
171,0,1.0,42,171/1/0/42,1/0/42,1.png,C:\Users\u1021\Downloads\20260803\NASH_datasource_fromDrTsui_171\fast_035\1\0\42\1.png,475,735,349125,31.80179018976012,35.89144289294665,0.0,0.0,68.19820981023989,64.10855710705334,349125,34.875179377013964,40.830625342014464,0.0,240.0,0.0,0.0,0.0,0.0,18.0,59.0,94.0,118.0,164.0,59.0,240.0,5.640192899538138,0.8541426707253396,1.1707645973837113,0.7295597019538157,40.830625342014464,1.0,1.265803066630096,1.1906040097338355,223819,54.13400113484557,39.57343181541743,6.0,240.0,6.0,7.0,9.0,21.0,48.0,76.0,109.0,131.0,174.0,55.0,234.0,6.931644180202539,1.36793799909351,0.7310272838847001,1.871254369363956,39.57343181541743,0.8985507246376812,0.9628427787646898,0.7339166200612768,0.0319890789687633,0.0425440222024917,573.0675048828125,46.1441764831543,163.1557159423828,5895.52001953125,224.0414123535156,12.29248046875,0.0,,0.0415741354227066,0.0190394334495067,4.208176619226851,1.0995910452862387,0.6626612021035664,0.1312640069645513,0.3619271522524869,0.9072388895625382
171,0,1.0,42,171/1/0/42,1/0/42,2.png,C:\Users\u1021\Downloads\20260803\NASH_datasource_fromDrTsui_171\fast_035\1\0\42\2.png,475,735,349125,31.80121732903688,36.47404224847834,0.0,0.0,68.19878267096313,63.52595775152167,349125,36.021760114572146,43.224989446813616,0.0,241.0,0.0,0.0,0.0,0.0,16.0,61.0,99.0,125.0,172.0,61.0,241.0,5.672680346214129,0.833354977654657,1.1999688329868006,0.6944805187817938,43.224989446813616,1.0,1.3001793817095568,1.185100280369416,221785,56.39924701850892,42.44449459335407,6.0,241.0,6.0,7.0,8.0,21.0,49.0,80.0,117.0,140.0,181.0,59.0,235.0,6.992979619247129,1.3287765011422676,0.7525720082650178,1.7656469899878866,42.44449459335407,0.9047619047619048,0.9479798026775416,0.5463128925287584,0.033200204372406,0.0464377105236053,609.968017578125,47.89122009277344,181.09524536132807,6780.732421875,249.26222229003903,11.334228515625,0.0,,0.0382877439260482,0.0175113305449485,4.866506053426517,1.1435443712018691,0.6643740583686887,0.1385153051272614,0.371818607778994,0.9055137742078728
171,0,1.0,42,171/1/0/42,1/0/42,3.png,C:\Users\u1021\Downloads\20260803\NASH_datasource_fromDrTsui_171\fast_035\1\0\42\3.png,475,735,349125,31.80121732903688,35.83215180809166,0.0,0.0,68.19878267096313,64.16784819190833,349125,33.29191836734694,40.34494008864007,0.0,241.0,0.0,0.0,0.0,0.0,21.0,50.0,89.0,120.0,172.0,50.0,241.0,5.642996596085788,0.8251820003748362,1.2118538692624818,0.6809253337426162,40.34494008864007,1.0,1.617481742452464,2.676851615914183,224026,51.63123476739307,39.9633602488857,6.0,241.0,6.0,8.0,11.0,23.0,41.0,67.0,110.0,137.0,183.0,44.0,235.0,6.926671492820347,1.2919643004452486,0.7740151950447631,1.6691717536249804,39.9633602488857,0.8896551724137931,1.4315882606044872,1.9969487909515165,0.0336057394742965,0.0473438091576099,565.5069580078125,48.476200103759766,176.26332092285156,7013.9228515625,240.2389068603516,10.8642578125,0.0,,0.0423436649143695,0.0186505764722824,5.000022531900203,1.1427777642455588,0.6566598869270881,0.1229592675665138,0.3502587777819155,0.8866537040721699
171,0,1.0,43,171/1/0/43,1/0/43,1.png,C:\Users\u1021\Downloads\20260803\NASH_datasource_fromDrTsui_171\fast_035\1\0\43\1.png,475,735,349125,31.801503759398496,34.66781238811314,0.0,0.0,68.1984962406015,65.33218761188687,349125,34.16145506623702,39.831143813285344,0.0,240.0,0.0,0.0,0.0,0.0,21.0,55.0,89.0,118.0,168.0,55.0,240.0,5.651321011755913,0.8576568934694452,1.1659674254523158,0.7355753469156591,39.831143813285344,1.0,1.4135482160510344,1.8303185685242849,228091,52.106154999539655,38.71438066210145,6.0,240.0,6.0,8.0,10.0,23.0,44.0,70.0,107.0,133.0,176.0,47.0,234.0,6.930223757191367,1.3459121419072002,0.7429905480925139,1.811479493733228,38.71438066210145,0.8865248226950354,1.2210942033289445,1.3739649130878109,0.0298320204019546,0.0388774871826171,511.3292236328125,43.032623291015625,144.0398712158203,4996.8505859375,203.41505432128903,11.883544921875,0.0,,0.0369045697152614,0.0173108261078596,3.67089068860642,1.032339688967736,0.6634551132507943,0.1147721343971651,0.3383628687556104,0.9152793267081564
171,0,1.0,43,171/1/0/43,1/0/43,2.png,C:\Users\u1021\Downloads\20260803\NASH_datasource_fromDrTsui_171\fast_035\1\0\43\2.png,475,735,349125,31.80121732903688,34.15538847117794,0.0,0.0,68.19878267096313,65.84461152882206,349125,43.67548299319728,46.338284765478775,0.0,239.0,0.0,0.0,0.0,0.0,33.0,76.0,107.0,131.0,177.0,76.0,239.0,5.790594287433481,0.9425355991107977,1.0609678838055725,0.8883733555911499,46.338284765478775,1.0,0.9015090849148734,0.1167355343511933,229880,66.18058987297721,42.161317743910274,6.0,239.0,6.0,8.0,10.0,34.0,64.0,91.0,122.0,146.0,184.0,57.0,233.0,7.138792140889978,1.5696992744619858,0.6370647016720765,2.4639558122464846,42.161317743910274,0.8961038961038961,0.6305414736836493,0.1861290155700481,0.0378717593848705,0.0484058000147342,756.4365234375,54.62992477416992,185.87060546875,7859.99560546875,328.4162902832031,15.130615234375,0.0,,0.0427243113517761,0.0190499499440193,5.576817489604829,1.3045263572062735,0.619429002626038,0.1024399358881302,0.319636306582575,0.9034460780398228
171,0,1.0,43,171/1/0/43,1/0/43,3.png,C:\Users\u1021\Downloads\20260803\NASH_datasource_fromDrTsui_171\fast_035\1\0\43\3.png,475,735,349125,31.801503759398496,34.677837450769786,0.0,0.0,68.1984962406015,65.32216254923023,349125,42.87895739348371,45.782705435970605,0.0,241.0,0.0,0.0,0.0,0.0,31.0,75.0,106.0,129.0,175.0,75.0,241.0,5.771387243808962,0.9365754379336988,1.0677196512928315,0.8771735509407,45.782705435970605,1.0,0.9116154347157788,0.1503922854272423,228056,65.45752359069702,41.68896905947335,6.0,241.0,6.0,7.0,10.0,34.0,63.0,90.0,120.0,144.0,183.0,56.0,235.0,7.115055692741686,1.5701401370063992,0.6368858272144944,2.4653400498384737,41.68896905947335,0.9072847682119204,0.6296996528909192,0.2271836846736703,0.0371854081749916,0.0478536561131477,748.6575927734375,53.63986206054688,182.7158966064453,7642.2099609375,325.3605651855469,14.4287109375,0.0,,0.0425448901951313,0.0190647523850202,5.4573051777291965,1.2793929483655269,0.6265606283301345,0.112704879460407,0.3353147948441085,0.9034823056637382
171,0,1.0,44,171/1/0/44,1/0/44,1.png,C:\Users\u1021\Downloads\20260803\NASH_datasource_fromDrTsui_171\fast_035\1\0\44\1.png,475,735,349125,31.80121732903688,34.44153240243466,0.0,0.0,68.19878267096313,65.55846759756534,349125,42.858638023630505,46.181568725787066,0.0,240.0,0.0,0.0,0.0,0.0,32.0,73.0,105.0,133.0,181.7600000000093,73.0,240.0,5.7991640284278025,0.92804638746927,1.077532344829167,0.8612700972947623,46.181568725787066,1.0,1.0215296395077784,0.5437517475662008,228881,65.20610273460882,42.45559094154108,6.0,240.0,6.0,8.0,11.0,34.0,61.0,87.0,122.0,149.0,189.0,53.0,234.0,7.154079461796598,1.5358660965146826,0.6510984273103526,2.3588846664232483,42.45559094154108,0.8980891719745223,0.8100628001796352,0.5914502467977711,0.0396285355091095,0.0509909093379974,788.04443359375,57.1640739440918,204.99554443359372,8677.962890625,337.2004089355469,13.629150390625,1.4825797080993652,29.21773910522461,0.0443469732999801,0.0207873098552227,6.261319362707244,1.3630105282653393,0.6179010039046092,0.1078358441763957,0.327967190930812,0.8903059515136341
171,0,1.0,44,171/1/0/44,1/0/44,2.png,C:\Users\u1021\Downloads\20260803\NASH_datasource_fromDrTsui_171\fast_035\1\0\44\2.png,475,735,349125,31.80121732903688,35.78259935553169,0.0,0.0,68.19878267096313,64.21740064446831,349125,40.20944360902256,44.59137851399648,0.0,241.0,0.0,0.0,0.0,0.0,29.0,67.0,101.0,130.0,178.0,67.0,241.0,5.761400601536396,0.9017313424477672,1.1089777552651998,0.8131194139526521,44.59137851399648,1.0,1.1435539518037576,0.9267795281491148,224199,62.36072417807394,41.522087395070926,6.0,241.0,6.0,8.0,11.0,32.0,57.0,83.0,119.0,147.0,186.0,51.0,235.0,7.114109804111767,1.5018687183216315,0.6658371586016654,2.25560964707306,41.522087395070926,0.896774193548387,0.943879439789588,0.8594490651407334,0.0387219935655593,0.0506099089980125,743.053466796875,55.85638427734375,204.3624267578125,8449.619140625,329.8254699707031,13.055419921875,0.0,,0.0443240664899349,0.0201010536402463,6.060072879140463,1.3258972388115666,0.6270402246387062,0.1245236732698948,0.3525008141477221,0.8865540867220649
171,0,1.0,44,171/1/0/44,1/0/44,3.png,C:\Users\u1021\Downloads\20260803\NASH_datasource_fromDrTsui_171\fast_035\1\0\44\3.png,475,735,349125,31.80179018976012,33.97722878625134,0.0,0.0,68.19820981023989,66.02277121374865,349125,37.74383387039026,42.42883738010585,0.0,240.0,0.0,0.0,0.0,0.0,24.0,63.0,96.0,122.0,172.0,63.0,240.0,5.737115197706059,0.8895797339968523,1.1241263281786256,0.7913521031379104,42.42883738010585,1.0,1.221624316359166,1.1423646546585324,230502,57.02964833276935,40.39048902243068,6.0,240.0,6.0,8.0,11.0,25.0,50.0,79.0,111.0,138.0,181.0,54.0,234.0,7.0559730050034695,1.411957362068535,0.7082366839569344,1.993623592299537,40.39048902243068,0.8904109589041096,1.0154818586582992,0.8973188574601543,0.0330356359481811,0.0420868508517742,584.39794921875,47.65382766723633,156.48353576660156,5956.61474609375,223.586181640625,14.02587890625,0.0,,0.0376694314181804,0.0175220184028148,4.290535653590422,1.1353893080269368,0.6443788955133006,0.1043839912892641,0.3226320261897993,0.9120762878502596
171,0,1.0,45,171/1/0/45,1/0/45,1.png,C:\Users\u1021\Downloads\20260803\NASH_datasource_fromDrTsui_171\fast_035\1\0\45\1.png,475,735,349125,31.80121732903688,34.63515932688865,0.0,0.0,68.19878267096313,65.36484067311135,349125,34.96439957035446,39.91361895673511,0.0,239.0,0.0,0.0,0.0,0.0,24.0,55.0,91.0,119.0,164.0,55.0,239.0,5.663156982488495,0.8760017378593151,1.1415502467423173,0.7673790447325403,39.91361895673511,1.0,1.367889878400058,1.7397680500170516,228205,53.31205714160514,38.269708115622535,6.0,239.0,6.0,8.0,11.0,26.0,45.0,70.0,108.0,133.0,173.0,44.0,233.0,6.9466945344856725,1.3930615039063228,0.7178433954250203,1.940620353665746,38.269708115622535,0.8865248226950354,1.2194122995753125,1.451981721451478,0.0370424091815948,0.049629807472229,668.3779296875,53.43359375,190.6858673095703,7980.4033203125,318.39013671875,13.3544921875,0.0,,0.0515501722693443,0.0229020435363054,5.657226064393066,1.2664807762363202,0.6307461743862927,0.1116307885179731,0.3336521334021152,0.8656940536833898
171,0,1.0,45,171/1/0/45,1/0/45,2.png,C:\Users\u1021\Downloads\20260803\NASH_datasource_fromDrTsui_171\fast_035\1\0\45\2.png,475,735,349125,31.80121732903688,34.20895094880057,0.0,0.0,68.19878267096313,65.79104905119942,349125,36.89519513068385,40.83507836799095,0.0,242.0,0.0,0.0,0.0,0.0,27.0,59.0,94.0,120.0,165.0,59.0,242.0,5.69998734009101,0.903517186821529,1.1067858083783515,0.8163433068818897,40.83507836799095,1.0,1.247724380975442,1.3632879232909376,229693,55.92649754237178,38.40782361757567,6.0,242.0,6.0,8.0,12.0,28.0,49.0,74.0,110.0,135.0,174.0,46.0,236.0,7.000710136794281,1.4561225363672898,0.6867553897591498,2.1202928409167097,38.40782361757567,0.8881118881118881,1.122229850348568,1.2855655681901013,0.03766780346632,0.0489154420793056,696.674072265625,54.335723876953125,189.15835571289065,7931.14306640625,316.9144897460937,13.95263671875,1.4825797080993652,25.15419006347656,0.0510034337639808,0.0231354814022779,5.657634712608442,1.291841705798104,0.6231879160260902,0.1051245095813862,0.3237606129574867,0.871787510678861
171,0,1.0,45,171/1/0/45,1/0/45,3.png,C:\Users\u1021\Downloads\20260803\NASH_datasource_fromDrTsui_171\fast_035\1\0\45\3.png,475,735,349125,31.80179018976012,34.24303616183316,0.0,0.0,68.19820981023989,65.75696383816685,349125,36.86692445399213,40.82224716256737,0.0,240.0,0.0,0.0,0.0,0.0,27.0,59.0,94.0,120.0,164.0,59.0,240.0,5.701370194208395,0.9031086482617218,1.1072864842173442,0.8156052305651142,40.82224716256737,1.0,1.228841209810311,1.2591594684151106,229574,55.91101344228876,38.39934001137328,6.0,240.0,6.0,8.0,11.0,28.0,49.0,75.0,111.0,134.0,173.0,47.0,234.0,7.002460403529968,1.4560410003330473,0.6867938469941884,2.120055394650861,38.39934001137328,0.8873239436619719,1.0864662211069367,1.1510447964872217,0.0374188795685768,0.0488946363329887,691.4271240234375,53.97665023803711,189.2685546875,7888.0166015625,310.7006530761719,13.720703125,1.4825797080993652,25.13368797302246,0.0514627657830715,0.023135894909501,5.599308836771203,1.280508256456266,0.6263518867716158,0.1051894311980203,0.3238663499547359,0.8729137425713568
171,0,1.0,46,171/1/0/46,1/0/46,1.png,C:\Users\u1021\Downloads\20260803\NASH_datasource_fromDrTsui_171\fast_035\1\0\46\1.png,475,735,349125,31.80121732903688,32.29445041174365,0.0,0.0,68.19878267096313,67.70554958825635,349125,45.47163050483351,49.18674091986764,0.0,240.0,0.0,0.0,0.0,0.0,24.0,81.0,116.0,140.0,183.0,81.0,240.0,5.827585042010259,0.9244692706701876,1.0817017198149343,0.8546434324134689,49.18674091986764,1.0,0.9266761431674626,-0.0009792030276458,236377,67.12884502299293,46.05220757424654,6.0,240.0,7.0,10.0,12.0,22.0,64.0,97.0,130.0,153.0,190.0,75.0,234.0,7.201504024156764,1.457668341192246,0.6860271103796403,2.124796992914154,46.05220757424654,0.8773006134969326,0.6101163595284124,-0.2103520782570096,0.0376332513988018,0.0499309301376342,777.45849609375,54.28588104248047,179.6248779296875,8134.59375,311.1390075683594,15.1123046875,1.4825797080993652,31.00164031982422,0.0373843275010585,0.0174116678535938,5.842566836522152,1.2865604451370585,0.6373028640844912,0.0930160334597978,0.3045274039986546,0.9114837187574532
171,0,1.0,46,171/1/0/46,1/0/46,2.png,C:\Users\u1021\Downloads\20260803\NASH_datasource_fromDrTsui_171\fast_035\1\0\46\2.png,475,735,349125,31.80121732903688,32.29330469029717,0.0,0.0,68.19878267096313,67.70669530970282,349125,45.91995130683853,50.40109711520706,0.0,242.0,0.0,0.0,0.0,0.0,20.0,84.0,120.0,142.0,181.0,84.0,242.0,5.814116331955931,0.9110903122182934,1.0975860313619537,0.8300855570180274,50.40109711520706,1.0,0.8924465763185245,-0.2337457087420547,236381,67.78980544121566,47.65132208651728,6.0,242.0,7.0,10.0,12.0,19.0,66.0,101.0,133.0,153.0,188.0,82.0,236.0,7.181838050960459,1.4226217127435477,0.7029275534333612,2.023852537569385,47.65132208651728,0.8773006134969326,0.5113107967417125,-0.5426187662955582,0.0379469916224479,0.0510624945163726,788.21630859375,54.73845672607422,183.9086456298828,8421.7314453125,328.7968139648437,15.56396484375,0.0,,0.0368157736957073,0.0168540403246879,6.007649905646946,1.29088081477975,0.6416242727787276,0.0957195258701635,0.3089515356917358,0.9138210003995196
171,0,1.0,46,171/1/0/46,1/0/46,3.png,C:\Users\u1021\Downloads\20260803\NASH_datasource_fromDrTsui_171\fast_035\1\0\46\3.png,475,735,349125,31.80121732903688,32.6078052273541,0.0,0.0,68.19878267096313,67.3921947726459,349125,38.8791321160043,45.39571112157546,0.0,242.0,0.0,0.0,0.0,0.0,17.0,69.0,106.0,131.0,174.0,69.0,242.0,5.695394833332247,0.856449456466957,1.1676112261489668,0.7335056714825462,45.39571112157546,1.0,1.1751567178630429,0.6425686857858022,235283,57.63826115783971,44.47964749958896,6.0,242.0,6.0,9.0,11.0,16.0,51.0,86.0,120.0,144.0,182.0,70.0,236.0,7.0005739821484525,1.295834486061796,0.7717034935836026,1.6791870152670385,44.47964749958896,0.8823529411764706,0.834197720246062,0.0783040501629921,0.0331181138753891,0.0478429198265075,661.445556640625,47.77280426025391,170.8800811767578,7045.07763671875,282.5235595703125,13.092041015625,0.0,,0.0375042371451854,0.017369482666254,5.055942716107116,1.1238997253121157,0.67697800795239,0.1079170004908488,0.328128428366592,0.9104630991308632
171,0,1.0,47,171/1/0/47,1/0/47,1.png,C:\Users\u1021\Downloads\20260803\NASH_datasource_fromDrTsui_171\fast_035\1\0\47\1.png,475,735,349125,31.801503759398496,33.9531686358754,0.0,0.0,68.1984962406015,66.04683136412459,349125,39.21226781238811,41.86214031795178,0.0,238.0,0.0,0.0,0.0,0.0,32.0,63.0,93.0,120.0,175.0,63.0,238.0,5.7132458075611785,0.9367000233280636,1.067577639687713,0.8774069337027951,41.86214031795178,1.0,1.1681835078916338,1.2575980596333016,230586,59.23463696841959,38.3671680299047,6.0,238.0,6.0,8.0,13.0,33.0,53.0,77.0,109.0,139.0,183.0,44.0,232.0,7.018854906092542,1.5438886946842172,0.6477150868732394,2.383592301573736,38.3671680299047,0.891156462585034,1.128629220394911,1.5237857830559038,0.0372722595930099,0.0451101623475551,689.69775390625,53.7651481628418,178.63340759277344,7124.966796875,259.175537109375,14.923095703125,1.4825797080993652,26.73599624633789,0.0497157834470272,0.0216519013047218,5.069313790894921,1.2753179805886814,0.6166196975535988,0.1063360266673477,0.3256648131787845,0.8911141097105272
171,0,1.0,47,171/1/0/47,1/0/47,2.png,C:\Users\u1021\Downloads\20260803\NASH_datasource_fromDrTsui_171\fast_035\1\0\47\2.png,475,735,349125,31.80121732903688,33.46996061582528,0.0,0.0,68.19878267096313,66.53003938417473,349125,41.340348012889365,43.75829633742207,0.0,235.0,0.0,0.0,0.0,0.0,34.0,67.0,98.0,127.0,180.0,67.0,235.0,5.757859997388347,0.9447430881246428,1.0584888236494483,0.8925395025592864,43.75829633742207,1.0,1.1136700561826172,1.0287709120548474,232273,62.03116591252535,39.98177878360632,6.0,235.0,6.0,9.0,13.0,34.0,56.0,81.0,114.0,145.0,188.0,47.0,229.0,7.086762535939857,1.5514858968195762,0.6445434032303621,2.4071084880300444,39.98177878360632,0.8831168831168831,1.051826871203961,1.2676658687346445,0.0387731343507766,0.0469092167913913,737.516845703125,55.93015670776367,190.92327880859372,7706.9296875,283.10498046875,15.386962890625,1.4825797080993652,28.18478775024414,0.0483635254204273,0.021319868043065,5.438420979864162,1.3230640720174198,0.6092129771002773,0.093640828906608,0.3055553304648817,0.8929382816086102
171,0,1.0,47,171/1/0/47,1/0/47,3.png,C:\Users\u1021\Downloads\20260803\NASH_datasource_fromDrTsui_171\fast_035\1\0\47\3.png,475,735,349125,31.80121732903688,33.60859291084855,0.0,0.0,68.19878267096313,66.39140708915146,349125,40.28991049051199,42.93572650715628,0.0,242.0,0.0,0.0,0.0,0.0,33.0,65.0,96.0,124.0,178.0,65.0,242.0,5.740322931078861,0.9383772854943238,1.0656694438987986,0.8805519299316955,42.93572650715628,1.0,1.1431643257775963,1.1380251989533114,231789,60.570341992070375,39.40069445528701,6.0,242.0,6.0,8.0,13.0,33.0,55.0,79.0,112.0,142.0,185.11999999999531,46.0,236.0,7.059947938210263,1.5372912287322058,0.6504948322802138,2.363264321936975,39.40069445528701,0.8933333333333333,1.0806718099590973,1.3613136555339764,0.0377426072955131,0.0454944781959056,705.9613037109375,54.443626403808594,186.4296112060547,7270.8388671875,269.952880859375,14.361572265625,1.4825797080993652,27.468626022338867,0.0473418831825256,0.0211395733058452,5.181084240376644,1.296716808580426,0.612103693927668,0.0974916313026361,0.3118051999892716,0.8940092900627296
171,0,1.0,48,171/1/0/48,1/0/48,1.png,C:\Users\u1021\Downloads\20260803\NASH_datasource_fromDrTsui_171\fast_035\1\0\48\1.png,475,735,349125,31.80179018976012,36.93204439670605,0.0,0.0,68.19820981023989,63.067955603293946,349125,32.763912638739704,36.91762854636704,0.0,238.0,0.0,0.0,0.0,0.0,23.0,54.0,83.0,106.0,150.0,54.0,238.0,5.58440622510925,0.8874869250496293,1.1267771634428063,0.7876330421340464,36.91762854636704,1.0,1.2809701654172851,1.6119438520625875,220186,51.6256846484336,34.590817273326564,6.0,238.0,6.0,7.0,11.0,27.0,46.0,68.0,99.0,120.0,160.0,41.0,232.0,6.854331730897421,1.4924679067424882,0.6700311581122267,2.227460452656304,34.590817273326564,0.889763779527559,1.1466713027202475,1.6692849389500433,0.0333047024905681,0.0408137068152427,573.614013671875,48.041954040527344,165.41249084472656,5774.14013671875,225.44879150390625,13.604736328125,0.0,,0.0495927259325981,0.0225905701518058,4.162245291713412,1.1321210308196477,0.6471642112570096,0.1374563404023024,0.3703853620209348,0.8844967698311437
171,0,1.0,48,171/1/0/48,1/0/48,2.png,C:\Users\u1021\Downloads\20260803\NASH_datasource_fromDrTsui_171\fast_035\1\0\48\2.png,475,735,349125,31.801503759398496,36.692302184031504,0.0,0.0,68.1984962406015,63.30769781596849,349125,33.34984317937701,37.86064429842946,0.0,240.0,0.0,0.0,0.0,0.0,23.0,55.0,85.0,110.0,154.0,55.0,240.0,5.610357287464398,0.8808577824641096,1.1352570413836864,0.7759104329275887,37.86064429842946,1.0,1.309676074246905,1.675804945466794,221023,52.37083923392588,35.7358282765034,6.0,240.0,6.0,7.0,11.0,26.0,46.0,69.0,101.0,124.0,165.0,43.0,234.0,6.890399836435959,1.4654995213406077,0.6823611918243558,2.1476888470495497,35.7358282765034,0.8931297709923665,1.1638219823301323,1.6309870622427507,0.0336087010800838,0.0426377914845943,587.2392578125,48.48047637939453,168.41819763183594,6133.2119140625,237.75930786132807,11.68212890625,0.0,,0.0494613572955131,0.0220703836530447,4.3755156156719766,1.1383807564241588,0.6489623791423992,0.1330377896496305,0.3643893130169521,0.8849951643486765
171,0,1.0,48,171/1/0/48,1/0/48,3.png,C:\Users\u1021\Downloads\20260803\NASH_datasource_fromDrTsui_171\fast_035\1\0\48\3.png,475,735,349125,31.801503759398496,36.57457930540637,0.0,0.0,68.1984962406015,63.425420694593626,349125,34.176475474400284,38.34624157241339,0.0,241.0,0.0,0.0,0.0,0.0,24.0,57.0,86.0,110.0,155.0,57.0,241.0,5.622916679226655,0.8912601098040108,1.1220069079720183,0.7943445833278574,38.34624157241339,1.0,1.245524449960408,1.4507074063777647,221434,53.58352827479068,35.88143549817924,6.0,241.0,6.0,7.0,11.0,27.0,48.0,72.0,102.0,124.0,165.0,45.0,235.0,6.908413145428725,1.493349625811646,0.6696355513240867,2.230093104911783,35.88143549817924,0.8931297709923665,1.0942459452555229,1.494562593002727,0.0338967144489288,0.0422532446682453,604.9210205078125,48.89593505859375,163.24366760253906,6105.740234375,237.6078186035156,13.067626953125,0.0,,0.0491303466260433,0.0224692933261394,4.389846306051488,1.153566023367407,0.6442325456987978,0.1325020540459578,0.363643185520737,0.8874155887070225
171,0,1.0,49,171/1/0/49,1/0/49,1.png,C:\Users\u1021\Downloads\20260803\NASH_datasource_fromDrTsui_171\fast_035\1\0\49\1.png,475,735,349125,31.80121732903688,35.5265306122449,0.0,0.0,68.19878267096313,64.4734693877551,349125,32.439143573218765,37.519194667963696,0.0,240.0,0.0,0.0,0.0,0.0,21.0,52.0,83.0,110.0,156.0,52.0,240.0,5.580239475091457,0.8646012757016183,1.1566025034933085,0.7475353659448657,37.519194667963696,1.0,1.403710873012673,1.9691358098442668,225093,50.07394721292977,36.15323326035994,6.0,240.0,6.0,7.0,9.0,24.0,43.0,66.0,100.0,125.0,165.0,42.0,234.0,6.830805739614561,1.3850475516897442,0.7219968720785145,1.9183567204417549,36.15323326035994,0.8939393939393939,1.238090592243231,1.6984008242937216,0.032933697104454,0.0458292737603187,587.6097412109375,47.50678634643555,163.27186584472656,6627.2451171875,240.02362060546875,12.53662109375,0.0,,0.0498413331806659,0.0219260789453983,4.701486858701695,1.1237831513775274,0.6561051820256507,0.1281966244729934,0.357655475219676,0.87391174035842
171,0,1.0,49,171/1/0/49,1/0/49,2.png,C:\Users\u1021\Downloads\20260803\NASH_datasource_fromDrTsui_171\fast_035\1\0\49\2.png,475,735,349125,31.80121732903688,35.6327962764053,0.0,0.0,68.19878267096313,64.3672037235947,349125,32.634345864661654,37.631907676281976,0.0,236.0,0.0,0.0,0.0,0.0,21.0,53.0,83.0,110.0,156.0,53.0,236.0,5.581980532273506,0.8671988182313143,1.1531381027934735,0.752033790341788,37.631907676281976,1.0,1.3886436549504262,1.931664217033464,224722,50.45404989275638,36.16649205673674,6.0,236.0,6.0,7.0,9.0,24.0,44.0,67.0,100.0,125.0,166.0,43.0,230.0,6.834394118234603,1.3950495893714494,0.7168203966502423,1.94616335680545,36.16649205673674,0.8939393939393939,1.2248342493892816,1.7009391317634108,0.032909482717514,0.0454808361828327,576.4232177734375,47.47185897827149,161.9607696533203,6557.724609375,242.67857360839844,12.835693359375,0.0,,0.0483569875359535,0.0213505644351243,4.64260740055319,1.1186000042804525,0.6570586584098578,0.1301555264285715,0.3603840796884767,0.876522509337171
171,0,1.0,49,171/1/0/49,1/0/49,3.png,C:\Users\u1021\Downloads\20260803\NASH_datasource_fromDrTsui_171\fast_035\1\0\49\3.png,475,735,349125,31.80121732903688,34.63487289652703,0.0,0.0,68.19878267096313,65.36512710347296,349125,34.49858073755818,39.28856923039013,0.0,242.0,0.0,0.0,0.0,0.0,23.0,56.0,87.0,115.0,162.0,56.0,242.0,5.627807545030475,0.8780818801330428,1.1388459580198658,0.7710277882179793,39.28856923039013,1.0,1.337930577309765,1.7140032813639436,228206,52.59522536655478,37.619150408437584,6.0,242.0,6.0,7.0,9.0,25.0,46.0,70.0,105.0,130.0,171.0,45.0,236.0,6.896153792799319,1.3980971073381343,0.7152578992913593,1.9546755215472584,37.619150408437584,0.8978102189781022,1.1750299986481787,1.5143539861902102,0.0337216630578041,0.0465097688138484,609.2384033203125,48.64342498779297,164.06214904785156,6867.283203125,257.80474853515625,13.482666015625,0.0,,0.046524167060852,0.021045783534646,4.878573640245713,1.1566807929679748,0.6463662887637128,0.1110952418169692,0.33289116325029,0.8810785346869595
171,0,1.0,50,171/1/0/50,1/0/50,1.png,C:\Users\u1021\Downloads\20260803\NASH_datasource_fromDrTsui_171\fast_035\1\0\50\1.png,475,735,349125,31.80121732903688,31.944146079484423,0.0,0.0,68.19878267096313,68.05585392051557,349125,34.28606373075546,35.84269671724535,0.0,241.0,0.0,0.0,0.0,0.0,29.0,50.0,79.0,109.0,156.0,50.0,241.0,5.483746919122566,0.9565704277563208,1.0454013327022302,0.9150269832579104,35.84269671724535,1.0,1.41875957998196,2.4932400346614365,237600,50.3703367003367,32.83001081309055,6.0,241.0,9.0,15.0,19.0,28.0,42.0,61.0,96.0,123.0,163.0,33.0,235.0,6.706819753705739,1.5342771888534428,0.6517727091721247,2.3540064922360227,32.83001081309055,0.782608695652174,1.6593789381766677,3.1608397665062204,0.0336332805454731,0.0408507473766803,546.6099853515625,48.51593399047852,159.05210876464844,5826.2001953125,202.5696258544922,10.443115234375,1.4825797080993652,23.372264862060547,0.049947265535593,0.0230009816586971,4.1880010456921095,1.141655432353374,0.6284543127069234,0.0873416215480939,0.2950281714920463,0.8725831466108
171,0,1.0,50,171/1/0/50,1/0/50,2.png,C:\Users\u1021\Downloads\20260803\NASH_datasource_fromDrTsui_171\fast_035\1\0\50\2.png,475,735,349125,31.80121732903688,31.93555316863588,0.0,0.0,68.19878267096313,68.06444683136412,349125,34.63721303258146,36.115220877469,0.0,241.0,0.0,0.0,0.0,0.0,30.0,51.0,80.0,109.0,157.0,51.0,241.0,5.494919282347644,0.959075209593703,1.042671096069342,0.9198252576572052,36.115220877469,1.0,1.4019465456068334,2.4263743237495508,237630,50.880414930774734,33.01634430859915,6.0,241.0,9.0,15.0,19.0,29.0,42.0,61.0,96.0,124.0,164.0,32.0,235.0,6.723730742902246,1.54106749236689,0.6489008462985116,2.3748890160299743,33.01634430859915,0.7841726618705036,1.6418509552539349,3.1047310851629044,0.0339371934533119,0.0415379852056503,546.8021240234375,48.954322814941406,159.69972229003906,5986.74658203125,205.937744140625,11.376953125,1.4825797080993652,23.610998153686523,0.0500816963613033,0.022766713052988,4.296125632158348,1.1533736687023706,0.6257862919669054,0.0868428989641442,0.2941813815810288,0.871130695342579
171,0,1.0,50,171/1/0/50,1/0/50,3.png,C:\Users\u1021\Downloads\20260803\NASH_datasource_fromDrTsui_171\fast_035\1\0\50\3.png,475,735,349125,31.80121732903688,31.9656283566058,0.0,0.0,68.19878267096313,68.0343716433942,349125,34.30524597207304,36.11694904847311,0.0,239.0,0.0,0.0,0.0,0.0,29.0,50.0,80.0,109.0,157.0,50.0,239.0,5.493387453806184,0.9498378704699404,1.0528112545199335,0.902191980178871,36.11694904847311,1.0,1.445471936839266,2.6001983561049355,237525,50.41305546784549,33.250277984771806,6.0,239.0,9.0,15.0,19.0,28.0,42.0,61.0,96.0,124.0,164.0,33.0,233.0,6.719862415473242,1.5161694434835706,0.65955688811561,2.2987697813532804,33.250277984771806,0.7841726618705036,1.6709962140078216,3.226350347478625,0.0338122062385082,0.0412335954606533,528.952392578125,48.77403259277344,158.37449645996094,5916.70166015625,202.5669708251953,10.662841796875,1.4825797080993652,23.386838912963867,0.0482292510569095,0.0218247454613447,4.245223747282234,1.1455304740068444,0.6275799250652387,0.087391449764051,0.2951101530329954,0.8734311948280972
171,0,1.0,51,171/1/0/51,1/0/51,1.png,C:\Users\u1021\Downloads\20260803\NASH_datasource_fromDrTsui_171\fast_035\1\0\51\1.png,475,735,349125,31.80121732903688,32.06015037593985,0.0,0.0,68.19878267096313,67.93984962406016,349125,42.40435087719298,41.38040277052436,0.0,237.0,0.0,0.0,0.0,0.0,38.0,68.0,97.0,121.0,168.0,68.0,237.0,5.705626741603959,1.024744759309061,0.9758527583729774,1.050101821731385,41.38040277052436,1.0,0.929250445127664,0.6128020588825827,237195,62.39819979341892,35.684916328365865,6.0,237.0,8.0,15.0,22.0,37.0,56.0,80.0,110.0,135.0,175.0,43.0,231.0,7.02781575191194,1.7485875325933922,0.5718901578331995,3.057558359141048,35.684916328365865,0.8,1.0660473526618788,1.305688465089931,0.038117304444313,0.043316189199686,695.5546875,54.98412704467773,170.69239807128906,6927.44287109375,260.649169921875,16.27197265625,1.4825797080993652,28.907989501953125,0.0472529605031013,0.0221834611147642,5.022095825774337,1.306030045484776,0.5993279459696538,0.0823080902425556,0.2863612627273184,0.8858825188132324
171,0,1.0,51,171/1/0/51,1/0/51,2.png,C:\Users\u1021\Downloads\20260803\NASH_datasource_fromDrTsui_171\fast_035\1\0\51\2.png,475,735,349125,31.80121732903688,32.16011457214465,0.0,0.0,68.19878267096313,67.83988542785535,349125,44.61514357321876,43.65122775264673,0.0,239.0,0.0,0.0,0.0,0.0,40.0,72.0,103.0,127.0,174.0,72.0,239.0,5.770247291275735,1.0220822155572378,0.9783948735032058,1.0446520553583918,43.65122775264673,1.0,0.8849526413471064,0.4229055250159126,236846,65.74248245695516,37.69177644093217,6.0,239.0,8.0,14.0,22.0,39.0,60.0,85.0,116.0,141.0,182.0,46.0,233.0,7.11972774548309,1.744212893758988,0.5733245084806592,3.042278618755103,37.69177644093217,0.8193548387096774,0.9524147308116157,1.029840087168142,0.0408847332000732,0.0481587871909141,773.8385009765625,58.97614288330078,191.3710174560547,8304.119140625,304.4584045410156,15.826416015625,1.4825797080993652,30.414623260498047,0.0494748577475547,0.0227744746953248,5.931776439615635,1.4007850386280596,0.589518903697397,0.0816658299070504,0.2852520057966298,0.8796246837945464
171,0,1.0,51,171/1/0/51,1/0/51,3.png,C:\Users\u1021\Downloads\20260803\NASH_datasource_fromDrTsui_171\fast_035\1\0\51\3.png,475,735,349125,31.801503759398496,32.236305048335126,0.0,0.0,68.1984962406015,67.76369495166487,349125,44.73214751163624,43.91614879197245,0.0,241.0,0.0,0.0,0.0,0.0,40.0,73.0,103.0,127.0,173.0,73.0,241.0,5.780651387169496,1.0185808351166927,0.9817581143527364,1.0375069176670193,43.91614879197245,1.0,0.8658475313902444,0.3309115023489481,236580,65.98404767943191,38.0124269336513,6.0,241.0,7.0,13.0,20.0,39.0,61.0,86.0,117.0,141.0,181.0,47.0,235.0,7.133169409784517,1.7358546402365629,0.5760851034529709,3.0131913320308072,38.0124269336513,0.8311688311688312,0.890826745133343,0.8836718523659282,0.0410656481981277,0.0486430861055851,785.719970703125,59.23710632324219,192.92095947265625,8432.51953125,311.0210876464844,15.911865234375,1.4825797080993652,30.49728775024414,0.0492271147668361,0.0225151609629392,6.006309401641249,1.4007505699162814,0.5934494926568744,0.0820147817076762,0.2858575556933649,0.8796052495613137
171,0,1.0,52,171/1/0/52,1/0/52,1.png,C:\Users\u1021\Downloads\20260803\NASH_datasource_fromDrTsui_171\fast_035\1\0\52\1.png,475,735,349125,31.801503759398496,32.98703902613677,0.0,0.0,68.1984962406015,67.01296097386323,349125,35.17753813104189,38.46284266802613,0.0,238.0,0.0,0.0,0.0,0.0,27.0,56.0,84.0,110.0,167.0,56.0,238.0,5.633473516566193,0.9145849784078678,1.0933921107482267,0.83646568272932,38.46284266802613,1.0,1.3436955715920624,1.9397210794537152,233959,52.41811172042965,36.14166570082004,6.0,238.0,6.0,9.0,13.0,26.0,46.0,68.0,99.0,127.0,175.0,42.0,232.0,6.902349686841953,1.4503512968756251,0.6894881275689685,2.103518884348808,36.14166570082004,0.8676470588235294,1.32584726317747,2.07292683817379,0.0329940542578697,0.0390587784349918,583.5306396484375,47.593849182128906,149.09860229492188,5439.6181640625,205.0144500732422,14.044189453125,1.4825797080993652,23.979454040527344,0.0463137663900852,0.0221652761101722,3.8702297244100583,1.1226394217624729,0.634140602358466,0.0911934172632388,0.3015040836671456,0.9003225522810206
171,0,1.0,52,171/1/0/52,1/0/52,2.png,C:\Users\u1021\Downloads\20260803\NASH_datasource_fromDrTsui_171\fast_035\1\0\52\2.png,475,735,349125,31.80121732903688,32.61296097386323,0.0,0.0,68.19878267096313,67.38703902613678,349125,38.84775653419263,41.68130010264182,0.0,236.0,0.0,0.0,0.0,0.0,30.0,62.0,93.0,120.0,176.0,62.0,236.0,5.718195132485718,0.9320188295117598,1.0729396964263611,0.868659098564471,41.68130010264182,1.0,1.2312595927101635,1.4651944693376446,235265,57.59666333708797,38.73049534620867,6.0,236.0,7.0,10.0,14.0,29.0,51.0,76.0,108.0,138.0,184.0,47.0,230.0,7.033286279095314,1.4871140382335986,0.672443386512446,2.211508162711441,38.73049534620867,0.8648648648648649,1.1964593372329686,1.625250775345636,0.036109622567892,0.0423015765845775,683.0159912109375,52.08805465698242,163.60069274902344,6436.59765625,239.89068603515625,15.838623046875,1.4825797080993652,26.48445701599121,0.0471810586750507,0.0227927938103675,4.544159544199066,1.2183630689367304,0.6213988198552011,0.0856399372400575,0.2921156686031024,0.9005278695325488
171,0,1.0,52,171/1/0/52,1/0/52,3.png,C:\Users\u1021\Downloads\20260803\NASH_datasource_fromDrTsui_171\fast_035\1\0\52\3.png,475,735,349125,31.801503759398496,33.34479054779806,0.0,0.0,68.1984962406015,66.65520945220193,349125,35.06248764769065,39.13402790016116,0.0,238.0,0.0,0.0,0.0,0.0,25.0,56.0,86.0,113.0,167.0,56.0,238.0,5.646219114099485,0.8959590803467041,1.1161224010509896,0.802742673655712,39.13402790016116,1.0,1.366998870122099,1.925802523491812,232710,52.50391474367238,37.21405422507155,6.0,238.0,6.0,8.0,11.0,25.0,45.0,69.0,101.0,130.0,176.0,44.0,232.0,6.9196086362508575,1.4108625312933487,0.7087862763520215,1.9905330822074752,37.21405422507155,0.8840579710144928,1.2881429431689977,1.8691953196705509,0.0333900786936283,0.0398950204253196,587.415283203125,48.16511917114258,155.9188690185547,5631.70556640625,213.04576110839844,14.202880859375,1.4825797080993652,23.908109664916992,0.0470211692154407,0.0217768270522356,3.999590130837728,1.1424620152375211,0.6328020564925204,0.0911643606427322,0.3014575613511024,0.901071063446774
171,0,1.0,53,171/1/0/53,1/0/53,1.png,C:\Users\u1021\Downloads\20260803\NASH_datasource_fromDrTsui_171\fast_035\1\0\53\1.png,475,735,349125,31.801503759398496,32.77250268528464,0.0,0.0,68.1984962406015,67.22749731471535,349125,42.26029359112066,44.025436933987606,0.0,232.0,0.0,0.0,0.0,0.0,34.0,70.0,102.0,129.0,174.0,70.0,232.0,5.781581370246834,0.95990628450744,1.0417683644118796,0.921420075036878,44.025436933987606,1.0,1.0016855855056013,0.5589375727264652,234708,62.80002385943385,39.94418579423712,6.0,232.0,6.0,9.0,13.0,34.0,58.0,83.0,118.0,143.0,182.0,49.0,226.0,7.124864684676283,1.5721943659819,0.6360536722668249,2.4717951244252285,39.94418579423712,0.881578947368421,0.8890084296724006,0.7227254589217775,0.0393005907535553,0.0481442250311374,735.4215087890625,56.691009521484375,185.60711669921875,8036.88671875,307.5680847167969,15.6005859375,1.4825797080993652,28.81112098693848,0.0451407581567764,0.0203417465090751,5.718289181178602,1.330662246600941,0.6126302358737473,0.0849968234595355,0.2910326296704745,0.8877073710086885
171,0,1.0,53,171/1/0/53,1/0/53,2.png,C:\Users\u1021\Downloads\20260803\NASH_datasource_fromDrTsui_171\fast_035\1\0\53\2.png,475,735,349125,31.80121732903688,32.61467955603294,0.0,0.0,68.19878267096313,67.38532044396706,349125,42.71753097028285,44.63117417059392,0.0,241.0,0.0,0.0,0.0,0.0,34.0,70.0,103.0,131.0,178.0,70.0,241.0,5.793869815066653,0.9571231715079568,1.044797607840264,0.9160847654374494,44.63117417059392,1.0,1.0265098838971884,0.6519477811873484,235259,63.3412239276712,40.64104868311724,6.0,241.0,7.0,10.0,13.0,34.0,58.0,84.0,118.0,145.0,186.0,50.0,235.0,7.145059191858328,1.558552891229499,0.6416208302120102,2.429087114759831,40.64104868311724,0.8709677419354839,0.9227143719847634,0.8122139769270049,0.0393409430980682,0.0486702620983123,721.21142578125,56.74922180175781,188.98001098632807,8149.4619140625,308.2241516113281,15.533447265625,1.4825797080993652,29.1220645904541,0.0444587916135787,0.0190335717052221,5.7613713933310615,1.3252158985342195,0.6162314486206165,0.0851850100175758,0.291353586952604,0.8902494084545832
171,0,1.0,53,171/1/0/53,1/0/53,3.png,C:\Users\u1021\Downloads\20260803\NASH_datasource_fromDrTsui_171\fast_035\1\0\53\3.png,475,735,349125,31.80121732903688,33.392624418188326,0.0,0.0,68.19878267096313,66.60737558181167,349125,38.61308413891872,41.28625513713443,0.0,240.0,0.0,0.0,0.0,0.0,30.0,63.0,94.0,120.0,167.0,63.0,240.0,5.711352666316143,0.9352527617402782,1.0692296680730915,0.8746977283428174,41.28625513713443,1.0,1.103239288026051,0.8963895895884231,232543,57.86906077585651,38.05616112279096,6.0,240.0,6.0,8.0,12.0,30.0,52.0,77.0,109.0,134.0,174.0,47.0,234.0,7.0174204135528,1.5206226552682969,0.6576253461274134,2.312293259715205,38.05616112279096,0.8873239436619719,0.9836816787644624,0.9887692862113826,0.0366163700819015,0.044769313186407,654.7310791015625,52.81903076171875,171.53570556640625,6960.37890625,269.8537902832031,14.703369140625,1.4825797080993652,26.32608413696289,0.0463509820401668,0.0205193106085062,4.961979270054489,1.2509779968508357,0.6202449291797725,0.09136145181145,0.3017699108337343,0.8891966157671177
171,0,1.0,54,171/1/0/54,1/0/54,1.png,C:\Users\u1021\Downloads\20260803\NASH_datasource_fromDrTsui_171\fast_035\1\0\54\1.png,475,735,349125,31.80121732903688,32.90110991765127,0.0,0.0,68.19878267096313,67.09889008234873,349125,33.674981740064446,36.71088142464852,0.0,242.0,0.0,0.0,0.0,0.0,26.0,52.0,81.0,110.0,155.0,52.0,242.0,5.579886798178904,0.9173024572887072,1.0901529719605505,0.8414437981479006,36.71088142464852,1.0,1.3740252065037368,2.0019329712182587,234259,50.11795064437226,34.44483550860044,6.0,242.0,6.0,10.0,14.0,26.0,43.0,64.0,98.0,125.0,163.0,38.0,236.0,6.822483322670543,1.4550207572295837,0.6872754186023018,2.1170854039689506,34.44483550860044,0.8518518518518519,1.3913391255529337,2.100692025393685,0.0332203209400177,0.0423600785434246,562.6209716796875,47.92024230957031,155.8495330810547,6030.08740234375,216.4117126464844,12.109375,1.4825797080993652,22.958894729614254,0.0505220629274845,0.0225564278662204,4.300224393575125,1.125040971359064,0.6395240548121951,0.0941376692282647,0.3063465931820275,0.8773192793988245
171,0,1.0,54,171/1/0/54,1/0/54,2.png,C:\Users\u1021\Downloads\20260803\NASH_datasource_fromDrTsui_171\fast_035\1\0\54\2.png,475,735,349125,31.801503759398496,32.61553884711779,0.0,0.0,68.1984962406015,67.3844611528822,349125,35.30113569638382,38.2240283516682,0.0,242.0,0.0,0.0,0.0,0.0,28.0,54.0,85.0,114.0,162.0,54.0,242.0,5.617599893542481,0.9235325845723736,1.0827988277890956,0.8529124347669285,38.2240283516682,1.0,1.3628301719085265,1.9947210771176511,235256,52.336110449892885,35.75352852607117,6.0,242.0,7.0,10.0,15.0,27.0,45.0,66.0,102.0,129.0,170.0,39.0,236.0,6.883392201228324,1.4638026680843497,0.6831521910727767,2.1427182510908604,35.75352852607117,0.8561151079136691,1.3959951955407188,2.153750651817039,0.0337688624858856,0.0439733602106571,593.994140625,48.71150970458984,158.06825256347656,6396.36328125,229.1100006103516,12.115478515625,1.4825797080993652,24.06574249267578,0.0487132854759693,0.0219559017568826,4.554603006940823,1.1484179220084108,0.6357603445443736,0.0899181622941403,0.2993754547673992,0.8802394904634143
171,0,1.0,54,171/1/0/54,1/0/54,3.png,C:\Users\u1021\Downloads\20260803\NASH_datasource_fromDrTsui_171\fast_035\1\0\54\3.png,475,735,349125,31.801503759398496,32.46688148943788,0.0,0.0,68.1984962406015,67.53311851056212,349125,36.19660866451844,38.25173390422989,0.0,242.0,0.0,0.0,0.0,0.0,29.0,56.0,86.0,114.0,160.0,56.0,242.0,5.625499961242855,0.94627367102216,1.0567767344935268,0.8954338604697548,38.25173390422989,1.0,1.2686003449429009,1.7106910770186978,235775,53.556352454670765,35.18864712569046,6.0,242.0,7.0,11.0,16.0,29.0,46.0,68.0,102.0,129.0,167.0,39.0,236.0,6.897709179167253,1.5219781614045187,0.6570396510007578,2.3164175237922797,35.18864712569046,0.8428571428571429,1.3328338114395848,2.0565010317963743,0.0345450043678283,0.0436863303184509,606.1201171875,49.831092834472656,159.24822998046875,6454.33447265625,226.1924591064453,13.28125,1.4825797080993652,24.67820167541504,0.0502247922122478,0.0224419701844453,4.601972947881813,1.1746498105702308,0.6285141066441662,0.0879100684762407,0.2959927277610584,0.8784555235434236
171,0,1.0,55,171/1/0/55,1/0/55,1.png,C:\Users\u1021\Downloads\20260803\NASH_datasource_fromDrTsui_171\fast_035\1\0\55\1.png,475,735,349125,31.80121732903688,32.596061582527746,0.0,0.0,68.19878267096313,67.40393841747225,349125,36.4306022198353,40.77749426125472,0.0,235.0,0.0,0.0,0.0,0.0,24.0,59.0,92.0,122.0,168.0,59.0,235.0,5.682230587678782,0.8933997264871255,1.1193197964499384,0.7981630712872707,40.77749426125472,1.0,1.3108272348170935,1.4703193140117214,235324,53.9972038551104,38.98723602795916,6.0,235.0,7.0,9.0,12.0,23.0,46.0,72.0,108.0,137.0,175.0,49.0,229.0,6.980173875151407,1.384996972249765,0.7220232390657269,1.9182166131410168,38.98723602795916,0.8767123287671232,1.1734687423327026,1.1974098574225858,0.031617447733879,0.0413376986980438,548.9774169921875,45.608097076416016,151.07081604003906,5635.7802734375,220.24176025390625,12.3046875,1.4825797080993652,24.83192443847656,0.0373210161924362,0.0177764277905225,4.074000661864146,1.0837870014194877,0.6544692208690399,0.0873917110527114,0.2951024764400039,0.908184602725615
171,0,1.0,55,171/1/0/55,1/0/55,2.png,C:\Users\u1021\Downloads\20260803\NASH_datasource_fromDrTsui_171\fast_035\1\0\55\2.png,475,735,349125,31.80121732903688,32.339419978517725,0.0,0.0,68.19878267096313,67.66058002148228,349125,37.98908986752596,42.1935521922173,0.0,241.0,0.0,0.0,0.0,0.0,27.0,60.0,94.0,127.0,176.0,60.0,241.0,5.713086750510357,0.9003529661229407,1.110675521297114,0.8106354636063772,42.1935521922173,1.0,1.3356785099444246,1.630124353910845,236220,56.11174752349505,40.19311435377355,6.0,241.0,7.0,10.0,13.0,26.0,48.0,74.0,112.0,143.0,183.0,48.0,235.0,7.031182940654956,1.3960537377026363,0.7163048047459926,1.9489660385535013,40.19311435377355,0.869281045751634,1.2409315965940075,1.4324116815400902,0.0327981561422348,0.0432306341826915,585.292724609375,47.31126403808594,156.3201904296875,6127.13720703125,235.4506378173828,12.738037109375,1.4825797080993652,25.897357940673828,0.0381307676434516,0.0179351437836885,4.415901872359397,1.124901651570591,0.6473457173457856,0.0858246886609893,0.29243580090083,0.907471241482674
171,0,1.0,55,171/1/0/55,1/0/55,3.png,C:\Users\u1021\Downloads\20260803\NASH_datasource_fromDrTsui_171\fast_035\1\0\55\3.png,475,735,349125,31.80121732903688,32.34973147153598,0.0,0.0,68.19878267096313,67.65026852846403,349125,40.6529036877909,44.62243976595566,0.0,241.0,0.0,0.0,0.0,0.0,27.0,67.0,104.0,132.0,176.0,67.0,241.0,5.7837971472683165,0.9110417068411109,1.0976445891454714,0.8299969916039645,44.62243976595566,1.0,1.157462588199594,0.8359927631159696,236184,60.05723927107679,42.1809069518696,6.0,241.0,7.0,10.0,13.0,25.0,53.0,83.0,120.0,146.0,183.0,58.0,235.0,7.1355169727810175,1.4238015161600228,0.7023450871839139,2.02721075741958,42.1809069518696,0.8717948717948718,0.9741355246494632,0.5845492037928333,0.0346323996782302,0.0456686317920684,627.046142578125,49.957157135009766,166.42593383789062,6835.4833984375,265.3379211425781,13.68408203125,1.4825797080993652,27.71345329284668,0.0362268537282943,0.0170695446431636,4.918401229393655,1.1841890931868224,0.6426022451882157,0.0853753767068348,0.291665043393945,0.9083246311703796
171,0,1.0,56,171/1/0/56,1/0/56,1.png,C:\Users\u1021\Downloads\20260803\NASH_datasource_fromDrTsui_171\fast_035\1\0\56\1.png,475,735,349125,31.80121732903688,31.815825277479416,0.0,0.0,68.19878267096313,68.18417472252058,349125,49.21430433225922,44.53388197372416,0.0,240.0,0.0,0.0,0.0,0.0,49.0,77.0,106.0,133.0,174.0,77.0,240.0,5.703829400244228,1.105098009674894,0.9048971143239932,1.2212416109874122,44.53388197372416,1.0,0.6794075312231117,0.0484413705464032,238048,72.17755242640139,35.37373646584076,6.0,240.0,15.0,26.0,33.0,47.0,66.0,89.0,120.0,146.0,180.0,42.0,234.0,7.038908943327053,2.040427719477722,0.4900933223235983,4.163345278413058,35.37373646584076,0.6976744186046512,1.023665834281433,1.119234846689552,0.0412911027669906,0.0470661781728267,865.072998046875,59.56232452392578,177.01722717285156,8157.1103515625,317.00830078125,17.29736328125,1.4825797080993652,33.55168151855469,0.0514307245612144,0.0244867466390132,5.845062559558836,1.4251346681411678,0.5730891667667457,0.0800194997503081,0.2823674462516258,0.8837620476290118
171,0,1.0,56,171/1/0/56,1/0/56,2.png,C:\Users\u1021\Downloads\20260803\NASH_datasource_fromDrTsui_171\fast_035\1\0\56\2.png,475,735,349125,31.80121732903688,31.80981023988543,0.0,0.0,68.19878267096313,68.19018976011458,349125,51.90277407805228,46.093401207107725,0.0,238.0,0.0,0.0,0.0,0.0,53.0,81.0,110.0,137.0,179.0,81.0,238.0,5.7181393648275805,1.1260348058248462,0.8880720159155979,1.2679543839289988,46.093401207107725,1.0,0.604923851034107,-0.0856263930025624,238069,76.1141517795261,35.67770140309486,6.0,238.0,17.0,29.0,36.0,51.0,71.0,93.0,124.0,151.0,185.0,42.0,232.0,7.060531486864826,2.13338160212652,0.4687393943039615,4.551317060291917,35.67770140309486,0.6777777777777778,1.0007227003487231,1.12590360389361,0.0421830117702484,0.047263566404581,887.5802001953125,60.848899841308594,180.12290954589844,8350.771484375,332.1033630371094,17.67578125,1.4825797080993652,35.38185501098633,0.0493304431438446,0.0230982489883899,5.965729640947978,1.4532050157594438,0.5674845822122893,0.0797288317107783,0.2818544651136343,0.889514556225732
171,0,1.0,56,171/1/0/56,1/0/56,3.png,C:\Users\u1021\Downloads\20260803\NASH_datasource_fromDrTsui_171\fast_035\1\0\56\3.png,475,735,349125,31.80121732903688,31.80981023988543,0.0,0.0,68.19878267096313,68.19018976011458,349125,52.60576584317938,46.30316190206887,0.0,241.0,0.0,0.0,0.0,0.0,54.0,82.0,110.0,137.0,180.0,82.0,241.0,5.710648926627399,1.136116059513182,0.8801917652924413,1.2907597006837603,46.30316190206887,1.0,0.5756959085213812,-0.111356852881109,238069,77.14510919103286,35.37029649608359,6.0,241.0,18.0,30.0,38.0,53.0,72.0,94.0,124.0,151.0,186.0,41.0,235.0,7.04954376250127,2.181070469668662,0.4584904586562558,4.757068393660677,35.37029649608359,0.6685082872928176,1.0133394458253482,1.226915678428826,0.0419163927435874,0.0462664104998111,900.579833984375,60.46430206298828,177.53872680664062,8110.0517578125,330.4466247558594,18.10302734375,1.4825797080993652,35.8663215637207,0.0484420843422412,0.0232731718569993,5.813345813378909,1.448288816930868,0.5661007451000388,0.0800413292936037,0.2824132210701134,0.8932308940599086
171,0,1.0,57,171/1/0/57,1/0/57,1.png,C:\Users\u1021\Downloads\20260803\NASH_datasource_fromDrTsui_171\fast_035\1\0\57\1.png,475,735,349125,31.80179018976012,32.640458288578586,0.0,0.0,68.19820981023989,67.35954171142141,349125,35.84135767991407,37.92794251347272,0.0,240.0,0.0,0.0,0.0,0.0,29.0,55.0,87.0,113.0,157.0,55.0,240.0,5.624130959176004,0.9449855516729532,1.0582172375330523,0.8929976928706357,37.92794251347272,1.0,1.2353306457377742,1.4745236444195733,235169,53.15659802099766,34.88303680461178,6.0,240.0,7.0,11.0,16.0,28.0,45.0,68.0,102.0,127.0,164.0,40.0,234.0,6.891899309347802,1.523852361786632,0.6562315517413746,2.3221260205226963,34.88303680461178,0.8405797101449275,1.2672922796073982,1.6938978370913116,0.0341715812683105,0.0419834554195404,592.5216064453125,49.29242706298828,165.06845092773438,6097.38232421875,227.9094696044922,12.59765625,1.4825797080993652,24.434158325195312,0.049115315079689,0.0226885043084621,4.4408618313358135,1.1757620837935676,0.6289446495460751,0.0900176971674987,0.2995348898637542,0.8806772460230867
171,0,1.0,57,171/1/0/57,1/0/57,2.png,C:\Users\u1021\Downloads\20260803\NASH_datasource_fromDrTsui_171\fast_035\1\0\57\2.png,475,735,349125,31.80121732903688,32.77937701396348,0.0,0.0,68.19878267096313,67.22062298603652,349125,36.36695166487648,38.69421529666217,0.0,234.0,0.0,0.0,0.0,0.0,30.0,56.0,87.0,116.0,162.0,56.0,234.0,5.639598006827692,0.9398549986362832,1.0639939154986529,0.8833274184616079,38.69421529666217,1.0,1.2533827077646005,1.552121869484889,234684,54.03844744422287,35.69884072097236,6.0,234.0,6.0,10.0,15.0,29.0,47.0,69.0,104.0,130.0,169.0,40.0,228.0,6.914044334151454,1.513731156330697,0.6606192888465164,2.291382013646269,35.69884072097236,0.8571428571428571,1.2787961181371734,1.765721160585061,0.0329199321568012,0.0399784296751022,556.4228515625,47.4869270324707,156.4712371826172,5580.6982421875,213.69692993164065,12.53662109375,1.4825797080993652,24.79240226745605,0.0421375259757041,0.0208434518426656,4.102228229486584,1.138408194740863,0.6345637784682362,0.0903167465802701,0.3000331664944471,0.8953888683018351
171,0,1.0,57,171/1/0/57,1/0/57,3.png,C:\Users\u1021\Downloads\20260803\NASH_datasource_fromDrTsui_171\fast_035\1\0\57\3.png,475,735,349125,31.80121732903688,32.553383458646614,0.0,0.0,68.19878267096313,67.4466165413534,349125,38.50098675259577,40.453178901501,0.0,239.0,0.0,0.0,0.0,0.0,32.0,60.0,92.0,121.0,167.0,60.0,239.0,5.685817355287164,0.9517419347028672,1.0507049900162262,0.905812710271957,40.453178901501,1.0,1.189478940036985,1.3186285712961352,235473,57.035672879693216,37.024278479252565,6.0,239.0,7.0,10.0,16.0,31.0,50.0,73.0,109.0,135.0,175.0,42.0,233.0,6.985897996953703,1.540493838702475,0.6491424859201506,2.373121267080287,37.024278479252565,0.8620689655172413,1.2120744789734657,1.5722948711178475,0.0339508056640625,0.0416843183338642,599.7623291015625,48.97396469116211,161.74632263183594,6014.009765625,233.8201904296875,13.3544921875,1.4825797080993652,26.248933792114254,0.041675642132759,0.0205615740269422,4.408098692363832,1.173164265838874,0.630542934728299,0.086023415597138,0.2927924200559455,0.897091260619426
171,0,1.0,58,171/1/0/58,1/0/58,1.png,C:\Users\u1021\Downloads\20260803\NASH_datasource_fromDrTsui_171\fast_035\1\0\58\1.png,475,735,349125,31.80179018976012,33.972932330827064,0.0,0.0,68.19820981023989,66.02706766917294,349125,35.109029717150015,40.60611136371642,0.0,241.0,0.0,0.0,0.0,0.0,22.0,56.0,92.0,121.0,166.0,56.0,241.0,5.663999173484918,0.8646242779238811,1.1565717335640635,0.7475751419753928,40.60611136371642,1.0,1.354932127200159,1.5595194276770323,230517,53.034400933553705,39.38089721920381,6.0,241.0,6.0,8.0,10.0,23.0,45.0,72.0,110.0,135.0,174.0,49.0,235.0,6.946428792799035,1.3467037238474056,0.7425538240460896,1.813610919824469,39.38089721920381,0.8881118881118881,1.1469703181705035,1.1147235208196138,0.0318811014294624,0.0422674119472503,570.3995361328125,45.98841857910156,157.1444854736328,5832.353515625,224.504150390625,12.847900390625,0.0,,0.0393999703228473,0.01852448284626,4.21104500415256,1.1086441124713715,0.6511947481676029,0.0966529918967348,0.3104103966995121,0.9049456807543288
171,0,1.0,58,171/1/0/58,1/0/58,2.png,C:\Users\u1021\Downloads\20260803\NASH_datasource_fromDrTsui_171\fast_035\1\0\58\2.png,475,735,349125,31.80121732903688,33.809380594343004,0.0,0.0,68.19878267096313,66.190619405657,349125,35.238731113498034,40.91351609719455,0.0,239.0,0.0,0.0,0.0,0.0,22.0,56.0,93.0,123.0,168.0,56.0,239.0,5.66635694192164,0.8612980372985923,1.1610382895291829,0.7418343090544075,40.91351609719455,1.0,1.3857203437234205,1.6652138783558588,231088,53.10819255002424,39.79848949854093,6.0,239.0,6.0,8.0,10.0,23.0,44.0,71.0,112.0,137.0,176.0,48.0,233.0,6.950965421064857,1.3344273418208814,0.7493851247348234,1.7806963305991437,39.79848949854093,0.8896551724137931,1.1847675403036024,1.187303470915257,0.0318441800773143,0.0422102399170398,577.2037353515625,45.935157775878906,156.0727081298828,5817.4091796875,225.4771881103516,12.091064453125,0.0,,0.0390047021210193,0.0188763700425624,4.19523233994889,1.1096226599497416,0.6501765102754947,0.0939710497615989,0.3060656595520976,0.9068166224569364
171,0,1.0,58,171/1/0/58,1/0/58,3.png,C:\Users\u1021\Downloads\20260803\NASH_datasource_fromDrTsui_171\fast_035\1\0\58\3.png,475,735,349125,31.80121732903688,34.44754744002864,0.0,0.0,68.19878267096313,65.55245255997136,349125,33.31763694951665,39.49751426462292,0.0,240.0,0.0,0.0,0.0,0.0,21.0,52.0,88.0,119.0,165.0,52.0,240.0,5.621049594577342,0.8435375635615262,1.1854836621357665,0.7115556211393159,39.49751426462292,1.0,1.4825538053904688,2.034860200390291,228860,50.65562789478284,38.81378989186418,6.0,240.0,6.0,8.0,10.0,22.0,42.0,67.0,108.0,134.0,173.0,45.0,234.0,6.883663273044357,1.3050935772031074,0.7662285812049271,1.7032692452568032,38.81378989186418,0.8873239436619719,1.2779496492977669,1.439626660370111,0.0303307287395,0.0404198169708251,517.5028076171875,43.75200653076172,149.16433715820312,5313.76953125,203.7103729248047,11.767578125,0.0,,0.0376132167875766,0.0176711585372686,3.843430580696769,1.054818025160326,0.6598335017720518,0.1060972820223475,0.3252798121812835,0.909026735631
171,0,1.0,59,171/1/0/59,1/0/59,1.png,C:\Users\u1021\Downloads\20260803\NASH_datasource_fromDrTsui_171\fast_035\1\0\59\1.png,475,735,349125,31.80121732903688,32.80544217687075,0.0,0.0,68.19878267096313,67.19455782312926,349125,39.634761188686,42.770234183995925,0.0,240.0,0.0,0.0,0.0,0.0,28.0,66.0,98.0,123.0,174.0,66.0,240.0,5.760244192677797,0.9266903009737744,1.079109168348035,0.8587549139188647,42.770234183995925,1.0,1.1437098318192331,0.9362008114861088,234593,58.92211191297268,39.85158805135231,6.0,240.0,7.0,10.0,14.0,27.0,52.0,81.0,112.0,140.0,181.0,54.0,234.0,7.092041655280429,1.4785386177596314,0.6763435110780257,2.186076444206561,39.85158805135231,0.8666666666666667,1.0149131292220812,0.8744030401947223,0.0325775295495986,0.0389769822359085,582.5352783203125,46.993011474609375,147.12303161621094,5369.5048828125,216.203369140625,13.92822265625,1.4825797080993652,27.01935577392578,0.0357293672859668,0.0173496324568986,3.921974401115874,1.1233170047293857,0.6342520394531189,0.0896692101580703,0.2989544825684536,0.9204731609405438
171,0,1.0,59,171/1/0/59,1/0/59,2.png,C:\Users\u1021\Downloads\20260803\NASH_datasource_fromDrTsui_171\fast_035\1\0\59\2.png,475,735,349125,31.801503759398496,32.4983888292159,0.0,0.0,68.1984962406015,67.5016111707841,349125,41.629184389545294,44.70955567926848,0.0,238.0,0.0,0.0,0.0,0.0,29.0,70.0,103.0,129.0,181.0,70.0,238.0,5.802830890975186,0.9311026190503716,1.073995475407315,0.8669520872024614,44.70955567926848,1.0,1.112792595841189,0.8057945404572502,235665,61.62722932976895,41.59982777165764,6.0,238.0,7.0,11.0,15.0,28.0,54.0,85.0,117.0,145.0,187.0,57.0,232.0,7.159974505207215,1.481429915240086,0.6750234956865552,2.194634593768249,41.59982777165764,0.8589743589743589,0.9729072118641194,0.7326036992369249,0.0332908108830452,0.0404301770031452,628.534423828125,48.02192306518555,151.3145294189453,5707.37890625,228.9601287841797,14.068603515625,1.4825797080993652,28.37761878967285,0.0344898998737335,0.0170200858265161,4.186951825966303,1.155319686151744,0.629650216554614,0.0853703658207902,0.2916768913865739,0.9223367688458048
171,0,1.0,59,171/1/0/59,1/0/59,3.png,C:\Users\u1021\Downloads\20260803\NASH_datasource_fromDrTsui_171\fast_035\1\0\59\3.png,475,735,349125,31.80121732903688,32.30533476548514,0.0,0.0,68.19878267096313,67.69466523451486,349125,40.85793626924454,44.07024851226645,0.0,241.0,0.0,0.0,0.0,0.0,28.0,68.0,102.0,128.0,178.0,68.0,241.0,5.779334892675281,0.9271092777675668,1.0786215001622574,0.8595316129226994,44.07024851226645,1.0,1.1335106064236382,0.8420368240604583,236339,60.32424187290291,41.1814616834235,6.0,241.0,7.0,11.0,15.0,27.0,53.0,84.0,116.0,143.0,185.0,57.0,235.0,7.129078407024014,1.4648397460157376,0.6826685326636791,2.1457554815074507,41.1814616834235,0.8571428571428571,0.992419504156476,0.7167247940330101,0.0330102741718292,0.0393350236117839,592.27978515625,47.61724853515625,149.68296813964844,5486.90771484375,221.01730346679688,13.818359375,1.4825797080993652,27.852602005004883,0.0334393307566642,0.016313087195158,4.040124794731325,1.1420221831201445,0.6308610803508934,0.0841465766266046,0.2895393384338294,0.9230451262083276
171,0,1.0,60,171/1/0/60,1/0/60,1.png,C:\Users\u1021\Downloads\20260803\NASH_datasource_fromDrTsui_171\fast_035\1\0\60\1.png,475,735,349125,31.80121732903688,32.14779806659506,0.0,0.0,68.19878267096313,67.85220193340494,349125,39.48997923379879,41.87448663205011,0.0,239.0,0.0,0.0,0.0,0.0,32.0,59.0,99.0,129.0,171.0,59.0,239.0,5.693842369780856,0.943055841634456,1.0603825943825886,0.8893543204408718,41.87448663205011,1.0,1.2563505132332735,1.379870534615832,236889,58.1784464453816,38.70068110443899,6.0,239.0,8.0,14.0,19.0,31.0,48.0,74.0,117.0,142.0,179.0,43.0,233.0,7.006882772819096,1.5032925722516155,0.6652065063437456,2.2598885577868795,38.70068110443899,0.8205128205128205,1.2860440965255218,1.3982295659808432,0.0364928320050239,0.0436335019767284,691.1700439453125,52.64083099365234,177.78269958496094,6732.65478515625,239.00942993164065,12.445068359375,1.4825797080993652,26.921541213989254,0.046731099486351,0.0217296443879604,4.833899736466072,1.251176378079358,0.6127056590275194,0.0842644311904524,0.2897783672501699,0.895336920961328
171,0,1.0,60,171/1/0/60,1/0/60,2.png,C:\Users\u1021\Downloads\20260803\NASH_datasource_fromDrTsui_171\fast_035\1\0\60\2.png,475,735,349125,31.80121732903688,32.25349087003222,0.0,0.0,68.19878267096313,67.74650912996778,349125,40.0511507339778,42.31171511639273,0.0,241.0,0.0,0.0,0.0,0.0,32.0,61.0,100.0,127.0,172.0,61.0,241.0,5.72340256803462,0.9465735582640296,1.056441933402357,0.8960015012046262,42.31171511639273,1.0,1.2234002782178814,1.3350642092763323,236520,59.091222729578895,38.96809100317252,6.0,241.0,8.0,13.0,19.0,31.0,49.0,77.0,116.0,141.0,182.0,46.0,235.0,7.04707534836277,1.5164002446198377,0.6594565013742137,2.299469701883103,38.96809100317252,0.8311688311688312,1.244124507386944,1.4447598334268283,0.0373822823166847,0.0446800515055656,691.0323486328125,53.923858642578125,178.21896362304688,7061.6982421875,236.2490081787109,13.26904296875,1.4825797080993652,27.309057235717773,0.0487091429531574,0.0214864667505025,4.908618754389869,1.2635674270059971,0.6102788956967239,0.0843572895547273,0.2899347832882082,0.8952942241501015
171,0,1.0,60,171/1/0/60,1/0/60,3.png,C:\Users\u1021\Downloads\20260803\NASH_datasource_fromDrTsui_171\fast_035\1\0\60\3.png,475,735,349125,31.80121732903688,32.2577873254565,0.0,0.0,68.19878267096313,67.7422126745435,349125,41.06692731829574,43.13369745173243,0.0,241.0,0.0,0.0,0.0,0.0,33.0,63.0,102.0,130.0,175.0,63.0,241.0,5.748295522583077,0.9520845590445972,1.0503268753812005,0.9064650075711452,43.13369745173243,1.0,1.1810561072069183,1.1545229635643164,236505,60.59419039766601,39.55071626893916,6.0,241.0,8.0,13.0,19.0,32.0,51.0,79.0,118.0,143.0,183.0,47.0,235.0,7.083678939641039,1.5320630348546471,0.652714658111227,2.3472171427680326,39.55071626893916,0.8333333333333334,1.19097915844853,1.2509354193193492,0.038094762712717,0.045536532998085,718.149169921875,54.95161056518555,178.5404510498047,7334.3759765625,248.0925750732422,14.111328125,1.4825797080993652,27.997636795043945,0.047566182911396,0.0220871809870004,5.135024184097386,1.2923141026953169,0.606237627352031,0.0838309787740155,0.289028782612705,0.8948209851734794
171,0,1.0,61,171/1/0/61,1/0/61,1.png,C:\Users\u1021\Downloads\20260803\NASH_datasource_fromDrTsui_171\fast_035\1\0\61\1.png,475,735,349125,31.801503759398496,32.53934837092732,0.0,0.0,68.1984962406015,67.46065162907267,349125,38.9955574650913,40.43313038261352,0.0,240.0,0.0,0.0,0.0,0.0,32.0,62.0,96.0,120.0,162.0,62.0,240.0,5.704464693688088,0.964445668591112,1.0368650433785729,0.9301554476641573,40.43313038261352,1.0,1.0904538119630969,0.9055120643981528,235522,57.75823914538769,36.62386106160434,6.0,240.0,7.0,11.0,17.0,31.0,50.0,76.0,110.0,132.0,169.0,45.0,234.0,7.013449348751732,1.5770658109540552,0.6340889473693201,2.487136572080172,36.62386106160434,0.8461538461538461,1.082096093455705,1.1245484789890146,0.0361179895699024,0.0426795817911624,653.0728759765625,52.1001205444336,165.75160217285156,6504.6962890625,268.6354064941406,14.208984375,1.4825797080993652,26.584867477416992,0.0477742440998554,0.0216677673161029,4.652469360982619,1.231314663250141,0.6167919684409264,0.0864832365898723,0.2935883098677886,0.8908447790905728
171,0,1.0,61,171/1/0/61,1/0/61,2.png,C:\Users\u1021\Downloads\20260803\NASH_datasource_fromDrTsui_171\fast_035\1\0\61\2.png,475,735,349125,31.80121732903688,31.878267096312207,0.0,0.0,68.19878267096313,68.12173290368779,349125,45.53794486215539,45.28959130721559,0.0,237.0,0.0,0.0,0.0,0.0,39.0,70.0,111.0,138.0,176.0,70.0,237.0,5.781233962005108,1.0054836784296668,0.9945462283005616,1.0109974275884537,45.28959130721559,1.0,0.9683999064805704,0.4641574854677244,237830,66.84297607534793,39.8385825030593,6.0,237.0,10.0,18.0,24.0,38.0,58.0,87.0,127.0,149.0,183.0,49.0,231.0,7.147773013133405,1.6778452413615597,0.5960025247552075,2.8151646539596302,39.8385825030593,0.7844311377245509,1.02975480160254,0.6947655252548453,0.0378712005913257,0.0432388596236705,746.957275390625,54.62911987304688,175.7144012451172,6874.6015625,285.2204284667969,14.898681640625,1.4825797080993652,31.045154571533203,0.0417680069804191,0.0199201796203851,4.9623801935153375,1.306755699876392,0.5963355756334118,0.0807103172946256,0.2835793225751036,0.9081403468409834
171,0,1.0,61,171/1/0/61,1/0/61,3.png,C:\Users\u1021\Downloads\20260803\NASH_datasource_fromDrTsui_171\fast_035\1\0\61\3.png,475,735,349125,31.80121732903688,31.963050483351235,0.0,0.0,68.19878267096313,68.03694951664876,349125,44.07902040816327,43.926074407421645,0.0,241.0,0.0,0.0,0.0,0.0,38.0,68.0,107.0,133.0,173.0,68.0,241.0,5.752700517816392,1.0034818954984008,0.9965301860312372,1.0069759145930637,43.926074407421645,1.0,0.9945316917586228,0.5979313724792785,237534,64.77657093300327,38.67364591810996,6.0,241.0,9.0,17.0,23.0,37.0,56.0,83.0,122.0,145.0,180.0,46.0,235.0,7.101319751338188,1.6749538192019784,0.597031385901997,2.8054702964592937,38.67364591810996,0.7901234567901234,1.077690056238168,0.902012048699758,0.0369312986731529,0.0418588705360889,706.8692626953125,53.27330780029297,165.58018493652344,6483.9501953125,261.4360046386719,13.470458984375,1.4825797080993652,30.04991340637207,0.0419387258589267,0.0202011968940496,4.697360011472143,1.2758125035446464,0.5993704601312967,0.0814688576943421,0.2849149955488217,0.907325110186168
171,0,1.0,62,171/1/0/62,1/0/62,1.png,C:\Users\u1021\Downloads\20260803\NASH_datasource_fromDrTsui_171\fast_035\1\0\62\1.png,475,735,349125,31.80121732903688,34.416899391335484,0.0,0.0,68.19878267096313,65.58310060866451,349125,36.2949201575367,40.59657400866959,0.0,240.0,0.0,0.0,0.0,0.0,25.0,60.0,95.0,120.0,159.0,60.0,240.0,5.682906489661247,0.8940389932851415,1.1185194465909205,0.7993057215143092,40.59657400866959,1.0,1.1814136760002103,0.9469782063984696,228967,55.17391152436814,38.42779890123308,6.0,240.0,6.0,8.0,10.0,26.0,48.0,75.0,111.0,132.0,167.0,49.0,234.0,6.97775125615606,1.4357812079264762,0.6964849480403621,2.061467677034811,38.42779890123308,0.8857142857142857,0.9633277465611996,0.6914718420269916,0.0328095108270645,0.0410758927464485,585.6900634765625,47.32764434814453,161.00218200683594,5750.69189453125,220.4596405029297,12.420654296875,0.0,,0.040997140109539,0.0190478004515171,4.190248803978729,1.1352370625768209,0.644154285011919,0.1106427728712661,0.332207959141404,0.905224458438512
171,0,1.0,62,171/1/0/62,1/0/62,2.png,C:\Users\u1021\Downloads\20260803\NASH_datasource_fromDrTsui_171\fast_035\1\0\62\2.png,475,735,349125,31.80121732903688,32.649910490512,0.0,0.0,68.19878267096313,67.35008950948801,349125,44.86406301467956,47.461711330706144,0.0,242.0,0.0,0.0,0.0,0.0,34.0,75.0,113.0,139.0,179.0,75.0,242.0,5.853901189343581,0.9452685492538068,1.0579004250055692,0.8935326302083964,47.461711330706144,1.0,0.9588542982302676,0.2362401144899664,235136,66.55873196788242,43.62182741891913,6.0,242.0,6.0,9.0,12.0,33.0,61.0,92.0,129.0,151.0,187.0,59.0,236.0,7.234324961023667,1.5258125554596866,0.655388498686673,2.328103954398419,43.62182741891913,0.8875,0.7425049178462448,0.1737451884599461,0.0378790721297264,0.0462590754032135,742.7598876953125,54.640472412109375,181.5540008544922,7438.2890625,281.8661193847656,14.825439453125,1.4825797080993652,30.585346221923828,0.0388601347804069,0.0180242788046598,5.347982043051445,1.2929880761991068,0.6211431869704488,0.0870024904444613,0.2944553503974375,0.9116719174699858
171,0,1.0,62,171/1/0/62,1/0/62,3.png,C:\Users\u1021\Downloads\20260803\NASH_datasource_fromDrTsui_171\fast_035\1\0\62\3.png,475,735,349125,31.80121732903688,33.846902971715004,0.0,0.0,68.19878267096313,66.153097028285,349125,37.867471535982816,43.31423866525567,0.0,240.0,0.0,0.0,0.0,0.0,21.0,63.0,101.0,128.0,168.0,63.0,240.0,5.724106142012498,0.8742499626654651,1.143837623911519,0.7643129972205671,43.31423866525567,1.0,1.1911274443739752,0.848382667948786,230957,57.10993388379655,41.73146030094404,6.0,240.0,6.0,8.0,10.0,22.0,50.0,81.0,118.0,140.0,177.0,59.0,234.0,7.038002378205152,1.3685103150465268,0.7307215656361361,1.872820482388744,41.73146030094404,0.8918918918918919,0.9072903979203149,0.4181744057804852,0.0336426272988319,0.0454270988702774,622.409423828125,48.52941131591797,172.62066650390625,6649.08642578125,257.3516845703125,12.249755859375,0.0,,0.0389667637646198,0.0180727578699588,4.7913527350508405,1.1604927760012076,0.6506119155103033,0.0956618223630449,0.3088347919595681,0.904962585340456
171,0,1.0,63,171/1/0/63,1/0/63,1.png,C:\Users\u1021\Downloads\20260803\NASH_datasource_fromDrTsui_171\fast_035\1\0\63\1.png,475,735,349125,31.80121732903688,32.02434658073756,0.0,0.0,68.19878267096313,67.97565341926244,349125,38.71059076262084,39.69155672383239,0.0,240.0,0.0,0.0,0.0,0.0,33.0,58.0,91.0,121.0,167.0,58.0,240.0,5.626697308964572,0.9752852736909022,1.0253410227507758,0.9511813650783382,39.69155672383239,1.0,1.2179685251049226,1.5049144037180089,237320,56.933676049216245,35.78543753322982,6.0,240.0,9.0,15.0,21.0,32.0,48.0,70.0,108.0,135.0,173.0,38.0,234.0,6.913094774585578,1.590973311318284,0.6285460559809126,2.531196077327065,35.78543753322982,0.8,1.3802516141676444,1.9519446560201992,0.0357159450650215,0.0408559963107109,605.902099609375,51.520164489746094,162.11106872558594,6127.6240234375,233.83419799804688,13.214111328125,1.4825797080993652,26.390182495117188,0.0437614917755126,0.0212582796812057,4.448624922370345,1.221722796212296,0.6111456336435098,0.0851452137061931,0.2912768525372016,0.8915310542974431
171,0,1.0,63,171/1/0/63,1/0/63,2.png,C:\Users\u1021\Downloads\20260803\NASH_datasource_fromDrTsui_171\fast_035\1\0\63\2.png,475,735,349125,31.801503759398496,35.98481919083423,0.0,0.0,68.1984962406015,64.01518080916577,349125,30.86397994987469,38.805424843607,0.0,240.0,0.0,0.0,0.0,0.0,16.0,47.0,87.0,117.0,162.0,47.0,240.0,5.561833361603315,0.7953521981594636,1.2573046284578264,0.6325851191170906,38.805424843607,1.0,1.6152843498435323,2.3860498051131245,223493,47.94109435194839,39.253937781555415,6.0,240.0,6.0,7.0,9.0,18.0,37.0,65.0,107.0,132.0,171.0,47.0,234.0,6.811021393841394,1.2213066270888848,0.818795196734179,1.4915898773712284,39.253937781555415,0.8992805755395683,1.3124119450668392,1.3765569955568155,0.0302914585918188,0.0429143570363521,516.124755859375,43.69536209106445,165.19406127929688,5741.37353515625,219.6988525390625,9.375,0.0,,0.0395515970885753,0.0181291103363037,4.104264180872304,1.0346505354065163,0.6793164448067839,0.1331960218361325,0.3645948584486846,0.900367432833801
171,0,1.0,63,171/1/0/63,1/0/63,3.png,C:\Users\u1021\Downloads\20260803\NASH_datasource_fromDrTsui_171\fast_035\1\0\63\3.png,475,735,349125,31.801503759398496,36.64819190834229,0.0,0.0,68.1984962406015,63.35180809165772,349125,30.081730039384176,38.51521145652917,0.0,239.0,0.0,0.0,0.0,0.0,14.0,45.0,86.0,116.0,161.7600000000093,45.0,239.0,5.538084492356429,0.78103504827791,1.28035227382546,0.6100157466384774,38.51521145652917,1.0,1.6675976764879454,2.604637020258796,221177,47.16644587818806,39.29243436186358,6.0,239.0,6.0,7.0,8.0,17.0,36.0,64.0,107.0,131.0,171.0,47.0,233.0,6.784958384551662,1.2003951051698347,0.833059045053768,1.4409484085156985,39.29243436186358,0.8985507246376812,1.3398547310616975,1.4798479407308829,0.0293926112353801,0.0431338474154472,508.9747314453125,42.39877700805664,160.94686889648438,5669.04443359375,216.2563934326172,9.063720703125,0.0,,0.0381124392151832,0.0180399008095264,4.08626526708951,1.007575583007901,0.6890309520725668,0.1438842197935467,0.3789656057529836,0.8999135649053861
171,0,1.0,64,171/1/0/64,1/0/64,1.png,C:\Users\u1021\Downloads\20260803\NASH_datasource_fromDrTsui_171\fast_035\1\0\64\1.png,475,735,349125,31.80121732903688,35.41969208736126,0.0,0.0,68.19878267096313,64.58030791263873,349125,46.492073039742216,48.15173443397481,0.0,241.0,0.0,0.0,0.0,0.0,35.0,83.0,114.0,133.0,174.0,83.0,241.0,5.845015305674188,0.9655326767822184,1.0356977283592814,0.932253349934236,48.15173443397481,1.0,0.7405558355288249,-0.3776198111167672,225466,71.7644833367337,42.26283390966313,6.0,241.0,6.0,8.0,13.0,39.0,71.0,100.0,126.0,145.0,183.0,61.0,235.0,7.234688598801206,1.69805185071428,0.5889101676013917,2.8833800877141917,42.26283390966313,0.8954248366013072,0.4005964157537456,-0.1674998166924348,0.0380821973085403,0.0453351512551307,787.771728515625,54.93348693847656,181.12535095214844,7294.3056640625,282.3071594238281,15.41748046875,1.4825797080993652,31.69437789916992,0.039240188896656,0.018789043650031,5.203968094301141,1.305603345088961,0.6140170018859126,0.1189341133694133,0.344480644311891,0.9172143820446064
171,0,1.0,64,171/1/0/64,1/0/64,2.png,C:\Users\u1021\Downloads\20260803\NASH_datasource_fromDrTsui_171\fast_035\1\0\64\2.png,475,735,349125,31.80121732903688,35.04819190834228,0.0,0.0,68.19878267096313,64.95180809165771,349125,48.06929896168994,49.44821836724479,0.0,238.0,0.0,0.0,0.0,0.0,38.0,85.0,118.0,137.0,182.0,85.0,238.0,5.8779181234968405,0.9721138708110004,1.02868607271876,0.9450053778231462,49.44821836724479,1.0,0.7608407736470627,-0.2712954328283175,226763,73.80304547038097,43.292574581753904,6.0,238.0,6.0,8.0,15.0,41.0,72.0,102.0,130.0,150.0,191.0,61.0,232.0,7.280669857853709,1.7047506687552376,0.5865960449982828,2.9061748426214296,43.292574581753904,0.8987341772151899,0.4748940447422878,-0.0213615895197607,0.0393134392797946,0.0462746582925319,807.6607666015625,56.70954132080078,182.4716339111328,7671.6806640625,289.2254943847656,16.44287109375,1.4825797080993652,32.7725715637207,0.0397868975996971,0.0178642850369215,5.432457905542328,1.3435667463471124,0.6057732811559694,0.1170937898713747,0.3417998360305637,0.9181202543046978
171,0,1.0,64,171/1/0/64,1/0/64,3.png,C:\Users\u1021\Downloads\20260803\NASH_datasource_fromDrTsui_171\fast_035\1\0\64\3.png,475,735,349125,31.80179018976012,35.17937701396348,0.0,0.0,68.19820981023989,64.82062298603653,349125,47.506712495524525,48.26380180879946,0.0,237.0,0.0,0.0,0.0,0.0,40.0,82.0,115.0,137.0,177.0,82.0,237.0,5.8662191874909,0.9843135168614732,1.0159364703113536,0.9688730994762016,48.26380180879946,1.0,0.7634295263363431,-0.2296998164853305,226305,73.08019707916307,41.63817181697641,6.0,237.0,6.0,9.0,19.0,43.0,70.0,99.0,129.0,150.0,185.0,56.0,231.0,7.261660367940572,1.755125018466045,0.5697599826102338,3.080463830445434,41.63817181697641,0.8867924528301887,0.5480864659956128,0.069247935145126,0.0402847826480865,0.0455037467181682,778.098388671875,58.1107063293457,183.1408233642578,7685.33984375,286.7677917480469,16.66259765625,1.4825797080993652,32.38896942138672,0.0408675335347652,0.0176232475787401,5.420416481907302,1.364489352871549,0.5995412263133292,0.1155074080326687,0.3394409111109076,0.9137916790868318
171,0,1.0,65,171/1/0/65,1/0/65,1.png,C:\Users\u1021\Downloads\20260803\NASH_datasource_fromDrTsui_171\fast_035\1\0\65\1.png,475,735,349125,31.80179018976012,34.86516290726817,0.0,0.0,68.19820981023989,65.13483709273183,349125,35.20818045112782,40.22392987849906,0.0,241.0,0.0,0.0,0.0,0.0,24.0,54.0,93.0,122.0,162.0,54.0,241.0,5.675620870841433,0.8753043414076676,1.1424597739248,0.7661576900871105,40.22392987849906,1.0,1.357678635811682,1.5938195626039855,227402,53.86489124985708,38.53495055656926,6.0,241.0,6.0,8.0,12.0,26.0,45.0,70.0,112.0,136.0,170.0,44.0,235.0,6.964533521063615,1.3978191348859652,0.7154001365717322,1.953898333853348,38.53495055656926,0.8888888888888888,1.2021263641228592,1.2230402719007305,0.034199085086584,0.0438228398561477,618.65576171875,49.33210372924805,179.0217742919922,6429.7099609375,258.2010803222656,11.34033203125,1.4825797080993652,24.00547218322754,0.0445500537753105,0.0207702498883008,4.65340601113455,1.174683370532361,0.6423210992011084,0.1122054637089787,0.3345328818100009,0.8927458472556197
171,0,1.0,65,171/1/0/65,1/0/65,2.png,C:\Users\u1021\Downloads\20260803\NASH_datasource_fromDrTsui_171\fast_035\1\0\65\2.png,475,735,349125,31.80121732903688,35.09946294307196,0.0,0.0,68.19878267096313,64.90053705692803,349125,35.67608449695668,40.99560338542678,0.0,238.0,0.0,0.0,0.0,0.0,24.0,55.0,95.0,125.0,165.0,55.0,238.0,5.691222137475778,0.8702417223023212,1.1491060177560652,0.7573206552357105,40.99560338542678,1.0,1.3569565624126427,1.533790151768148,226584,54.766638421071214,39.375600516851904,6.0,238.0,6.0,8.0,12.0,26.0,45.0,72.0,115.0,139.0,173.0,46.0,232.0,6.9901045581304855,1.3908775409693697,0.7189705567486925,1.9345403339730003,39.375600516851904,0.891156462585034,1.18215737289117,1.0984801983163344,0.0346890315413475,0.0446366555988788,616.877197265625,50.038848876953125,181.6039581298828,6649.736328125,263.3180847167969,11.883544921875,1.4825797080993652,24.32036781311035,0.043473020195961,0.0199865736067295,4.776453580090125,1.182931495241105,0.6423926559147768,0.1139586008175763,0.3371579187141492,0.8946543628724851
171,0,1.0,65,171/1/0/65,1/0/65,3.png,C:\Users\u1021\Downloads\20260803\NASH_datasource_fromDrTsui_171\fast_035\1\0\65\3.png,475,735,349125,31.80121732903688,35.082849982098104,0.0,0.0,68.19878267096313,64.91715001790189,349125,35.679326888650195,40.94452523739093,0.0,238.0,0.0,0.0,0.0,0.0,25.0,55.0,94.0,124.0,165.0,55.0,238.0,5.691114157257231,0.8714065355938599,1.1475700022361022,0.7593493502756932,40.94452523739093,1.0,1.3611531396530163,1.573456780660211,226642,54.757745695855135,39.295747816870815,6.0,238.0,6.0,8.0,12.0,26.0,45.0,72.0,114.0,139.0,173.0,46.0,232.0,6.99081834162972,1.3934776340443134,0.7176290279576883,1.941779916581737,39.295747816870815,0.891156462585034,1.1941234489082135,1.160726374417818,0.0346019342541694,0.0447024926543235,624.673095703125,49.9132194519043,181.5224151611328,6649.41845703125,266.76129150390625,12.005615234375,1.4825797080993652,24.32707977294922,0.0437886714935302,0.0198213402181863,4.794463629822403,1.1872644470768474,0.640935054025426,0.1136011761635871,0.3366194585817375,0.8938490840472867
171,0,1.0,66,171/1/0/66,1/0/66,1.png,C:\Users\u1021\Downloads\20260803\NASH_datasource_fromDrTsui_171\fast_035\1\0\66\1.png,475,735,349125,31.80207662012173,35.89144289294665,0.0,0.0,68.19792337987826,64.10855710705334,349125,35.40745291800931,39.53120161597708,0.0,240.0,0.0,0.0,0.0,0.0,26.0,57.0,90.0,115.0,160.7600000000093,57.0,240.0,5.66898460447062,0.8956836997259123,1.1164655562069616,0.8022492899546984,39.53120161597708,1.0,1.2721754695994436,1.5189559559377193,223819,54.9773745749914,37.00810317703394,6.0,240.0,6.0,8.0,13.0,28.0,48.0,73.0,106.0,130.0,171.0,45.0,234.0,6.966649311334173,1.485549646032889,0.6731515184769938,2.206857750828442,37.00810317703394,0.8840579710144928,1.157978321503357,1.5224559197975545,0.0330537632107734,0.0431981794536113,594.6324462890625,47.67997741699219,163.35232543945312,6156.32421875,220.5623779296875,12.738037109375,0.0,,0.0433838367462158,0.0214153695851564,4.421849778659959,1.127072292140466,0.6483445821765464,0.1212247608183516,0.3477892151927496,0.8938378974301283
171,0,1.0,66,171/1/0/66,1/0/66,2.png,C:\Users\u1021\Downloads\20260803\NASH_datasource_fromDrTsui_171\fast_035\1\0\66\2.png,475,735,349125,31.801503759398496,37.03057644110276,0.0,0.0,68.1984962406015,62.96942355889724,349125,35.83097744360902,41.18385022618413,0.0,241.0,0.0,0.0,0.0,0.0,23.0,59.0,95.0,120.0,163.0,59.0,241.0,5.689191874371073,0.8700249550933966,1.1493923181693686,0.7569434224852668,41.18385022618413,1.0,1.268338079418903,1.290159925046174,219842,56.57278863911355,39.12206192171205,6.0,241.0,6.0,7.0,11.0,27.0,49.0,77.0,112.0,135.0,174.0,50.0,235.0,7.0220178979872045,1.4460584606282385,0.6915349740186516,2.09108507155451,39.12206192171205,0.9014084507042254,1.0431660593522354,0.9969331189378544,0.0328899025917053,0.0441270433366298,625.732421875,47.44361114501953,168.74681091308594,6302.62109375,229.61117553710935,11.43798828125,0.0,,0.0418273098766803,0.0203241351991891,4.571979594914318,1.1279971943185527,0.6559074006535789,0.1355299602317624,0.3677899727970719,0.9003998687110656
171,0,1.0,66,171/1/0/66,1/0/66,3.png,C:\Users\u1021\Downloads\20260803\NASH_datasource_fromDrTsui_171\fast_035\1\0\66\3.png,475,735,349125,31.80179018976012,37.6452559971357,0.0,0.0,68.19820981023989,62.3547440028643,349125,37.21016254923022,43.87180233045995,0.0,239.0,0.0,0.0,0.0,0.0,22.0,61.0,100.0,127.0,180.0,61.0,239.0,5.735763083253652,0.8481566877273107,1.1790274302730113,0.7193697669365627,43.87180233045995,1.0,1.348005547073014,1.5569565217007488,217696,59.30763082463619,42.28868019505042,6.0,239.0,6.0,7.0,11.0,28.0,50.0,81.0,118.0,144.0,192.0,53.0,233.0,7.10945328954292,1.4024469562797497,0.7130394454651499,1.9668574651783344,42.28868019505042,0.9072847682119204,1.0968307809328222,1.1181586729277857,0.0346906930208206,0.046517513692379,656.0224609375,50.0412483215332,185.8758544921875,7006.7255859375,264.1683959960937,12.4755859375,0.0,,0.0386539921164512,0.0179846733808517,5.073228351654417,1.1858816076807974,0.6505586764422773,0.1390717460451772,0.3725865571240911,0.9040916845487544
171,0,1.0,67,171/1/0/67,1/0/67,1.png,C:\Users\u1021\Downloads\20260803\NASH_datasource_fromDrTsui_171\fast_035\1\0\67\1.png,475,735,349125,31.80121732903688,35.21747225205872,0.0,0.0,68.19878267096313,64.78252774794127,349125,38.63626208378088,42.75349796254097,0.0,242.0,0.0,0.0,0.0,0.0,28.0,62.0,99.0,127.0,171.0,62.0,242.0,5.752365501549839,0.9036982685634878,1.1065640322511547,0.8166705606046457,42.75349796254097,1.0,1.202208435545665,1.104226272871939,226172,59.42917779389138,39.91337983865965,6.0,242.0,6.0,9.0,14.0,30.0,52.0,79.0,117.0,141.0,179.0,49.0,236.0,7.086068172281891,1.4889537802641548,0.671612519646238,2.2169833597629167,39.91337983865965,0.88,1.0563506462831602,0.97607855699584,0.0367877557873725,0.0455384664237499,676.4156494140625,53.066253662109375,186.2460021972656,7131.08984375,246.6214599609375,12.95166015625,1.4825797080993652,26.33946418762207,0.045728001743555,0.0202464144676923,5.026850070528316,1.24708605257869,0.6281295028486179,0.1154114300628246,0.3393170640918966,0.8977691348558426
171,0,1.0,67,171/1/0/67,1/0/67,2.png,C:\Users\u1021\Downloads\20260803\NASH_datasource_fromDrTsui_171\fast_035\1\0\67\2.png,475,735,349125,31.80179018976012,34.99119226638024,0.0,0.0,68.19820981023989,65.00880773361976,349125,38.80543644826352,42.40074710653827,0.0,239.0,0.0,0.0,0.0,0.0,29.0,62.0,98.0,125.0,168.0,62.0,239.0,5.746030760812708,0.915206431404593,1.0926496642569172,0.8376028120843301,42.40074710653827,1.0,1.1722354483172754,1.0689553568635135,226962,59.49507406526202,39.260643559363146,6.0,239.0,6.0,9.0,14.0,31.0,52.0,79.0,115.0,139.0,177.0,48.0,233.0,7.074251241377567,1.5153871325441692,0.6598973810217785,2.29639816148044,39.260643559363146,0.8783783783783784,1.0506515068666265,1.0594771832066874,0.0364509373903274,0.0449639968574047,656.8468017578125,52.58039474487305,182.7469787597656,6971.57861328125,234.40631103515625,13.4033203125,1.4825797080993652,26.45391082763672,0.0446380712091922,0.0194487329572439,4.931010676193628,1.2409379640234082,0.6270359082584069,0.1145728823926451,0.3380809765870903,0.8977745680541575
171,0,1.0,67,171/1/0/67,1/0/67,3.png,C:\Users\u1021\Downloads\20260803\NASH_datasource_fromDrTsui_171\fast_035\1\0\67\3.png,475,735,349125,31.80121732903688,35.31228070175438,0.0,0.0,68.19878267096313,64.68771929824561,349125,37.45321876118869,40.62709976203806,0.0,241.0,0.0,0.0,0.0,0.0,29.0,61.0,93.0,117.0,164.0,61.0,241.0,5.70256403432466,0.9218777363031204,1.084742542986408,0.8498585606913657,40.62709976203806,1.0,1.1675255792350934,1.1589448821593518,225841,57.68157686159732,37.30931257094754,6.0,241.0,6.0,9.0,15.0,31.0,51.0,76.0,109.0,133.0,173.0,45.0,235.0,7.010743574196881,1.5460369780844876,0.6468150595201042,2.390230337604615,37.30931257094754,0.8732394366197183,1.081095270139491,1.3104497680191909,0.0356992855668067,0.0434743799269199,611.736083984375,51.49613952636719,175.36297607421875,6584.609375,217.1225128173828,13.29345703125,1.4825797080993652,25.532772064208984,0.0439939200878143,0.0200350098311901,4.702413332822399,1.211210279096116,0.631538970465472,0.1186224367664084,0.3440164375052579,0.8931070795577343
171,0,1.0,68,171/1/0/68,1/0/68,1.png,C:\Users\u1021\Downloads\20260803\NASH_datasource_fromDrTsui_171\fast_035\1\0\68\1.png,475,735,349125,31.80121732903688,31.965341926244182,0.0,0.0,68.19878267096313,68.03465807375582,349125,47.08522735409954,46.81948095404868,0.0,241.0,0.0,0.0,0.0,0.0,37.0,81.0,114.0,134.0,169.0,81.0,241.0,5.843348817387991,1.005675979200019,0.9943560557103752,1.0113841751399166,46.81948095404868,1.0,0.7363431235843141,-0.3602873736708765,237526,69.19700159140473,41.13839477711085,6.0,241.0,8.0,13.0,17.0,35.0,66.0,97.0,125.0,144.0,175.0,62.0,235.0,7.234709162416562,1.682054002503411,0.5945112335939834,2.8293056673377444,41.13839477711085,0.8343949044585988,0.5312283043531125,-0.2545410962950853,0.0364316031336784,0.0470914356410503,763.41650390625,52.55250549316406,158.39158630371094,7376.154296875,276.6044006347656,16.30859375,1.4825797080993652,32.0998420715332,0.0396841950714588,0.0200391113758087,5.318465677266966,1.2595238728826856,0.6161790206846993,0.0808437258962097,0.2837885110031282,0.9077900510870608
171,0,1.0,68,171/1/0/68,1/0/68,2.png,C:\Users\u1021\Downloads\20260803\NASH_datasource_fromDrTsui_171\fast_035\1\0\68\2.png,475,735,349125,31.80121732903688,31.999427139276765,0.0,0.0,68.19878267096313,68.00057286072324,349125,46.09377443609023,46.06247433083311,0.0,240.0,0.0,0.0,0.0,0.0,36.0,79.0,112.0,132.0,167.0,79.0,240.0,5.828553480898148,1.000679514197008,0.9993209472289905,1.0013594901335598,46.06247433083311,1.0,0.7587547595044818,-0.2982931896107628,237407,67.7716242570775,40.6396810599741,6.0,240.0,8.0,12.0,16.0,34.0,64.0,95.0,123.0,142.0,173.0,61.0,234.0,7.211328288524321,1.667621951979972,0.5996562942894206,2.780962974725492,40.6396810599741,0.8441558441558441,0.5582059681949938,-0.199223813869779,0.0360693708062171,0.0465878956019878,760.0924072265625,52.02998733520508,157.99337768554688,7223.353515625,271.9512023925781,16.400146484375,1.4825797080993652,31.42464256286621,0.040923599153757,0.0209676902741193,5.2141825072046695,1.2481708846112527,0.6184244643429384,0.081534011156627,0.2850010436782532,0.9066099489223626
171,0,1.0,68,171/1/0/68,1/0/68,3.png,C:\Users\u1021\Downloads\20260803\NASH_datasource_fromDrTsui_171\fast_035\1\0\68\3.png,475,735,349125,31.80121732903688,32.03866809881848,0.0,0.0,68.19878267096313,67.96133190118152,349125,44.58781238811314,44.9425228074218,0.0,240.0,0.0,0.0,0.0,0.0,34.0,76.0,109.0,129.0,164.0,76.0,240.0,5.805333466359012,0.9921074653323626,1.0079553223248787,0.9842772227682052,44.9425228074218,1.0,0.7908818513868583,-0.2176815479169329,237270,65.59231676992457,39.936294013380966,6.0,240.0,8.0,12.0,15.0,32.0,62.0,92.0,120.0,139.0,171.0,60.0,234.0,7.1757130487182295,1.6424237248440563,0.6088562804308901,2.6975556919306256,39.936294013380966,0.8410596026490066,0.5899574762793786,-0.1420443636264203,0.0350866019725799,0.0455455817282199,730.3646240234375,50.612342834472656,153.56719970703125,6878.0205078125,259.4344482421875,16.375732421875,1.4825797080993652,30.400379180908203,0.0411590337753295,0.0211052484810352,4.974672927468915,1.2129188979852594,0.6252613702573643,0.0825509587309864,0.2867677969815516,0.9060924889711776
171,0,1.0,69,171/1/0/69,1/0/69,1.png,C:\Users\u1021\Downloads\20260803\NASH_datasource_fromDrTsui_171\fast_035\1\0\69\1.png,475,735,349125,31.80121732903688,32.02234156820623,0.0,0.0,68.19878267096313,67.97765843179377,349125,40.16646186895811,38.54639558610299,0.0,240.0,0.0,0.0,0.0,0.0,37.0,64.0,91.0,113.0,152.0,64.0,240.0,5.632134131557289,1.0420289954020812,0.959666193947066,1.0858244272586703,38.54639558610299,1.0,0.8569094234680997,0.4321028380512768,237327,59.07365786446548,32.70075544623845,6.0,240.0,8.0,15.0,22.0,36.0,54.0,75.0,104.0,124.0,159.0,39.0,234.0,6.92134622134794,1.8064921454669536,0.5535590079975208,3.2634138716337984,32.70075544623845,0.7841726618705036,1.0080348525765084,1.2291143333893553,0.0377806909382343,0.0423388555645942,687.6365966796875,54.4985580444336,178.8653106689453,6700.08984375,244.6747894287109,14.312744140625,1.4825797080993652,27.384353637695312,0.0543569922447204,0.0266693793237209,4.779051379693342,1.2895543486381558,0.5984582839199838,0.0834544909773622,0.2883615730428129,0.8724154054390767
171,0,1.0,69,171/1/0/69,1/0/69,2.png,C:\Users\u1021\Downloads\20260803\NASH_datasource_fromDrTsui_171\fast_035\1\0\69\2.png,475,735,349125,31.80121732903688,32.09251700680272,0.0,0.0,68.19878267096313,67.90748299319728,349125,38.15028141783029,37.551093887642494,0.0,239.0,0.0,0.0,0.0,0.0,34.0,60.0,87.0,110.0,153.0,60.0,239.0,5.602094979606763,1.0159565932215089,0.984294020701306,1.0321677993102545,37.551093887642494,1.0,1.0199314121159475,1.0437748115477614,237082,56.16161075071072,32.642715410493295,6.0,239.0,8.0,15.0,20.0,33.0,50.0,71.0,100.0,122.0,162.0,38.0,233.0,6.873899808738857,1.7204944516551175,0.5812282620487377,2.960101158176044,32.642715410493295,0.781021897810219,1.2155522785027246,1.9473551536941225,0.037858560681343,0.0432921685278415,674.0518798828125,54.61088943481445,179.47145080566406,6882.208984375,243.6235809326172,15.032958984375,1.4825797080993652,26.008100509643555,0.058425273746252,0.0277218297123909,4.803606783509269,1.2742928193114482,0.6042902348720102,0.0845474145395605,0.290238865946119,0.8647050830528337
171,0,1.0,69,171/1/0/69,1/0/69,3.png,C:\Users\u1021\Downloads\20260803\NASH_datasource_fromDrTsui_171\fast_035\1\0\69\3.png,475,735,349125,31.80121732903688,32.0718940207662,0.0,0.0,68.19878267096313,67.9281059792338,349125,39.09284067311135,38.098496643416254,0.0,241.0,0.0,0.0,0.0,0.0,36.0,62.0,88.0,111.0,155.0,62.0,241.0,5.613764511198095,1.0260992983266946,0.9745645490945604,1.0528797700265349,38.098496643416254,1.0,0.9864290295017588,0.9841436087691622,237154,57.5334508378522,32.80920748761059,6.0,241.0,8.0,15.0,22.0,34.0,52.0,73.0,101.0,123.0,163.0,39.0,235.0,6.891885458531115,1.7535763660118269,0.5702631601236211,3.075030071435244,32.80920748761059,0.782608695652174,1.2068157050479842,2.0071822949612432,0.0381359457969665,0.0434762574732303,688.7415771484375,55.011016845703125,184.56190490722656,6959.30859375,252.94029235839844,15.4052734375,1.4825797080993652,26.652589797973636,0.0576184801757335,0.0275023281574249,4.870889974031559,1.2906607415115143,0.6011033656720007,0.0840455670096614,0.2893871848371048,0.8670060555769593
171,0,1.0,70,171/1/0/70,1/0/70,1.png,C:\Users\u1021\Downloads\20260803\NASH_datasource_fromDrTsui_171\fast_035\1\0\70\1.png,475,735,349125,31.801503759398496,38.9264590046545,0.0,0.0,68.1984962406015,61.07354099534551,349125,32.43832151808092,38.19114205494845,0.0,240.0,0.0,0.0,0.0,0.0,18.0,55.0,85.0,107.0,155.0,55.0,240.0,5.573095545460167,0.8493676746144297,1.177346430630233,0.7214254466799238,38.19114205494845,1.0,1.358837930628572,1.8928452355419656,213223,52.65337229098174,36.56244429825258,6.0,240.0,6.0,7.0,9.0,25.0,47.0,72.0,101.0,122.0,169.0,47.0,234.0,6.886116239938787,1.4400944275352563,0.694398909460066,2.073871960218097,36.56244429825258,0.8914728682170543,1.1270629359809614,1.75101519493807,0.0315863490104675,0.043649137020111,580.15576171875,45.56324005126953,171.14321899414062,6040.44677734375,220.1333770751953,11.669921875,0.0,,0.0477134697139263,0.0216920711100101,4.306153286122803,1.074960465780454,0.6708372842207898,0.1567905827201581,0.3956653313810974,0.8902809977720015
171,0,1.0,70,171/1/0/70,1/0/70,2.png,C:\Users\u1021\Downloads\20260803\NASH_datasource_fromDrTsui_171\fast_035\1\0\70\2.png,475,735,349125,31.80236305048335,38.88836376655925,0.0,0.0,68.19763694951665,61.11163623344075,349125,31.4862298603652,36.25836599093253,0.0,240.0,0.0,0.0,0.0,0.0,17.0,55.0,82.0,101.0,143.0,55.0,240.0,5.527005688444647,0.8683852402019234,1.151562640294845,0.7540929254005523,36.25836599093253,1.0,1.220407644763334,1.286892490851077,213356,51.062590224788615,34.12006860734727,6.0,240.0,6.0,7.0,9.0,25.0,47.0,70.0,96.0,115.0,154.0,45.0,234.0,6.811042083644653,1.496555907094308,0.6682008973133426,2.2396795830588667,34.12006860734727,0.8852459016393442,0.9564003838623206,1.240375712499313,0.0305232591927051,0.0418332815170288,542.66943359375,44.02973175048828,157.82037353515625,5580.06591796875,201.2301025390625,12.41455078125,0.0,,0.0491616688668727,0.0218947380781173,3.973738057692727,1.0346746728416285,0.6764414116046074,0.1628476325079423,0.4032401152511413,0.8866899559600019
171,0,1.0,70,171/1/0/70,1/0/70,3.png,C:\Users\u1021\Downloads\20260803\NASH_datasource_fromDrTsui_171\fast_035\1\0\70\3.png,475,735,349125,31.80121732903688,37.33018259935553,0.0,0.0,68.19878267096313,62.66981740064447,349125,34.99378159684927,40.40387171132964,0.0,240.0,0.0,0.0,0.0,0.0,19.0,60.0,92.0,114.0,159.0,60.0,240.0,5.634439347567299,0.8660997106135419,1.1546014711072974,0.7501287087248609,40.40387171132964,1.0,1.2200448312269123,1.1826167129897138,218796,55.4785690780453,38.46366137603916,6.0,240.0,6.0,7.0,9.0,25.0,50.0,77.0,107.0,129.0,172.0,52.0,234.0,6.94925078729645,1.4423631836725126,0.6933066590439605,2.080411553613906,38.46366137603916,0.8970588235294118,0.9357806643355312,0.9655860377807448,0.0331562012434005,0.0450234860181808,643.3331298828125,47.82774353027344,174.60610961914062,6505.51220703125,238.3410797119141,13.17138671875,0.0,,0.0465108305215835,0.0215957034379243,4.621192755361837,1.1273549897462334,0.6604216108909368,0.1481275018026246,0.3845410532590054,0.8949828152053945
171,0,1.0,71,171/1/0/71,1/0/71,1.png,C:\Users\u1021\Downloads\20260803\NASH_datasource_fromDrTsui_171\fast_035\1\0\71\1.png,475,735,349125,31.80121732903688,32.58517722878625,0.0,0.0,68.19878267096313,67.41482277121375,349125,36.36319369853205,41.337905076355256,0.0,241.0,0.0,0.0,0.0,0.0,26.0,53.0,95.0,129.0,172.0,53.0,241.0,5.664139190326547,0.8796573902660423,1.1368062282720794,0.7737971242496641,41.337905076355256,1.0,1.473767214743507,1.9930470914787364,235362,53.89058131728997,39.89722294715187,6.0,241.0,7.0,11.0,15.0,26.0,42.0,68.0,115.0,143.0,179.0,42.0,235.0,6.952089800468897,1.3507351473728837,0.7403375872353312,1.8244854383484448,39.89722294715187,0.8571428571428571,1.3921171528831144,1.5636103980929477,0.0339671000838279,0.0422530025243759,577.991455078125,48.997467041015625,166.0171661376953,6115.6376953125,239.07589721679688,11.90185546875,1.4825797080993652,24.790510177612305,0.0387039929628372,0.0181070659309625,4.44532460390846,1.1637890181397732,0.6319183038657986,0.0897468840632196,0.2990681648816385,0.9035938253462352
171,0,1.0,71,171/1/0/71,1/0/71,2.png,C:\Users\u1021\Downloads\20260803\NASH_datasource_fromDrTsui_171\fast_035\1\0\71\2.png,475,735,349125,31.80121732903688,32.339706408879344,0.0,0.0,68.19878267096313,67.66029359112066,349125,40.12123451485858,44.47985099632988,0.0,239.0,0.0,0.0,0.0,0.0,30.0,60.0,104.0,139.0,182.0,60.0,239.0,5.748963834898452,0.9020091932899924,1.1086361507609424,0.8136205847796629,44.47985099632988,1.0,1.3620982116603932,1.5634694249794752,236219,59.26417011332704,42.31811113672248,6.0,239.0,7.0,12.0,17.0,29.0,48.0,75.0,126.0,153.0,188.0,46.0,233.0,7.0832322589244585,1.40044459739365,0.714058950893943,1.9612450703690616,42.31811113672248,0.8545454545454545,1.2934431745955173,1.2381622828712713,0.0361277982592582,0.0452540889382362,627.485595703125,52.1142692565918,171.94412231445312,6977.2353515625,270.3515014648437,13.031005859375,1.4825797080993652,27.350801467895508,0.037201352417469,0.0167462397366762,5.041133378119028,1.2360651997043648,0.6190384475164065,0.0851636804528664,0.2913191193097199,0.9059938603447084
171,0,1.0,71,171/1/0/71,1/0/71,3.png,C:\Users\u1021\Downloads\20260803\NASH_datasource_fromDrTsui_171\fast_035\1\0\71\3.png,475,735,349125,31.80121732903688,32.28327962764053,0.0,0.0,68.19878267096313,67.71672037235948,349125,40.87087146437522,45.13942795348744,0.0,241.0,0.0,0.0,0.0,0.0,31.0,60.0,107.0,142.0,184.0,60.0,241.0,5.759231672962539,0.9054361855557712,1.1044400654102242,0.8198146861137852,45.13942795348744,1.0,1.3502511293528308,1.5078666107516048,236416,60.325130278830535,42.85427638758495,6.0,241.0,7.0,12.0,18.0,30.0,49.0,76.0,128.0,155.0,190.0,46.0,235.0,7.099929370423812,1.4076805248847222,0.7103884598260617,1.9815644601397275,42.85427638758495,0.8562874251497006,1.2866376131745512,1.1868647736337508,0.0365593507885932,0.0461954548954963,673.9010009765625,52.73678588867188,173.8837432861328,7221.63671875,283.2239074707031,13.43994140625,1.4825797080993652,27.86429214477539,0.0383083038032054,0.01787587441504,5.219396991516775,1.2540560885609604,0.6166735254472315,0.0851508278313285,0.2913059226290289,0.9053313175200768
171,0,1.0,72,171/1/0/72,1/0/72,1.png,C:\Users\u1021\Downloads\20260803\NASH_datasource_fromDrTsui_171\fast_035\1\0\72\1.png,475,735,349125,31.80121732903688,34.82391693519513,0.0,0.0,68.19878267096313,65.17608306480487,349125,36.41280630146795,43.81389025672848,0.0,242.0,0.0,0.0,0.0,0.0,18.0,58.0,104.0,132.0,170.0,58.0,242.0,5.702718939434325,0.8310790502305614,1.2032549728242767,0.6906923877321322,43.81389025672848,1.0,1.3338644172166605,1.1490387686758368,227546,55.6721322282088,43.352151858965,6.0,242.0,6.0,7.0,9.0,20.0,45.0,79.0,122.0,145.0,177.0,59.0,236.0,7.013501015146628,1.2841838257377318,0.7787047149776433,1.6491280982863974,43.352151858965,0.9078947368421052,1.0003489138067572,0.3837131407710425,0.0333800092339515,0.0463580936193466,607.6529541015625,48.15058517456055,177.627685546875,6790.2685546875,280.69940185546875,11.444091796875,0.0,,0.0371664203703403,0.0163818523287773,4.899682047723436,1.159725418966061,0.6535417556863561,0.1087501718863671,0.3293622924656736,0.9071779206497692
171,0,1.0,72,171/1/0/72,1/0/72,2.png,C:\Users\u1021\Downloads\20260803\NASH_datasource_fromDrTsui_171\fast_035\1\0\72\2.png,475,735,349125,31.80179018976012,33.69452201933405,0.0,0.0,68.19820981023989,66.30547798066596,349125,39.394721088435375,46.86971998425737,0.0,241.0,0.0,0.0,0.0,0.0,20.0,63.0,113.0,141.0,179.0,63.0,241.0,5.772377079399459,0.840515392489379,1.189746206834203,0.7064661250115748,46.86971998425737,1.0,1.2810382226975852,0.9192240827387884,231489,59.2917892426854,46.23463199730729,6.0,241.0,6.0,8.0,10.0,20.0,48.0,85.0,131.0,154.0,185.0,65.0,235.0,7.110125626170496,1.2824107531803983,0.7797813590692253,1.644577339872717,46.23463199730729,0.9012345679012346,0.9512128528054872,0.197115104174308,0.0350893773138523,0.0484895519912242,641.800537109375,50.61634826660156,184.4819183349609,7454.46728515625,306.1244506835937,12.4267578125,0.0,,0.0345916897058486,0.0147203132510185,5.348381289846977,1.1945354814236613,0.6546956847105478,0.0956462300155694,0.3088105358725865,0.9116613525178202
171,0,1.0,72,171/1/0/72,1/0/72,3.png,C:\Users\u1021\Downloads\20260803\NASH_datasource_fromDrTsui_171\fast_035\1\0\72\3.png,475,735,349125,31.801503759398496,39.162764052989615,0.0,0.0,68.1984962406015,60.83723594701039,349125,31.616790547798068,39.73234147798839,0.0,241.0,0.0,0.0,0.0,0.0,13.0,50.0,93.0,119.0,156.0,50.0,241.0,5.569325526548738,0.7957444583353761,1.2566848433879234,0.633209242971461,39.73234147798839,1.0,1.442741439921304,1.5256734950071955,212398,51.48582849179371,39.81402157903188,6.0,241.0,6.0,7.0,8.0,20.0,41.0,73.0,112.0,133.0,165.0,53.0,235.0,6.891667228353699,1.2931582002986808,0.773300590576644,1.672258130999723,39.81402157903188,0.9,1.0378071930182504,0.5140401801849701,0.0306334029883146,0.0428509786725044,519.8348388671875,44.18861389160156,169.2926483154297,5773.4111328125,239.1472625732422,9.46044921875,0.0,,0.0387969389557838,0.0166084375232458,4.148602837618779,1.0357229776748602,0.6848539171632573,0.1659235888273668,0.4070287825437582,0.905001780321248
171,0,1.0,73,171/1/0/73,1/0/73,1.png,C:\Users\u1021\Downloads\20260803\NASH_datasource_fromDrTsui_171\fast_035\1\0\73\1.png,475,735,349125,31.80121732903688,31.862226996061583,0.0,0.0,68.19878267096313,68.13777300393842,349125,40.644648764769066,37.862318137390886,0.0,236.0,0.0,0.0,0.0,0.0,39.0,64.0,90.0,112.0,149.0,64.0,236.0,5.573219804173629,1.0734854801357367,0.931544970569658,1.152371076062253,37.862318137390886,1.0,0.7998827846580158,0.3676704021821191,237886,59.64681402016092,31.154901930459296,6.0,236.0,11.0,19.0,25.0,38.0,54.0,74.0,103.0,123.0,156.0,36.0,230.0,6.843461006376876,1.9145242104532467,0.5223229847604063,3.665402952411628,31.154901930459296,0.7323943661971831,1.08812754581083,1.4023738478217735,0.0367115326225757,0.0413369163870811,688.7513427734375,52.95630645751953,169.6994171142578,6359.91748046875,248.55294799804688,14.483642578125,1.4825797080993652,27.709705352783203,0.0563604272902011,0.0269858222454786,4.56120487964578,1.259797525451519,0.6000580828569173,0.0835199589950628,0.288494987702071,0.8716231337466467
171,0,1.0,73,171/1/0/73,1/0/73,2.png,C:\Users\u1021\Downloads\20260803\NASH_datasource_fromDrTsui_171\fast_035\1\0\73\2.png,475,735,349125,31.80121732903688,31.872538489079844,0.0,0.0,68.19878267096313,68.12746151092016,349125,41.00867883995704,38.811924659159466,0.0,238.0,0.0,0.0,0.0,0.0,39.0,63.0,92.0,117.0,154.0,63.0,238.0,5.598235454298179,1.0565999805495123,0.9464319689651364,1.11640351889723,38.811924659159466,1.0,0.8727969891838663,0.528904072922801,237850,60.18956485179735,32.508055042277626,6.0,238.0,11.0,19.0,25.0,37.0,54.0,75.0,106.0,128.0,161.0,38.0,232.0,6.879462608192409,1.851527714393222,0.5400945350298024,3.428154877166189,32.508055042277626,0.7414965986394558,1.1433545259624744,1.4324589619634729,0.0362843051552772,0.0414290353655815,680.8026123046875,52.34003448486328,166.69940185546875,6310.89111328125,244.92156982421875,13.2080078125,1.4825797080993652,27.957538604736328,0.0518601313233375,0.0248662251979112,4.560950682336588,1.2520316137853882,0.6023914146203434,0.0835315542802484,0.2885066329258429,0.8792619232314071
171,0,1.0,73,171/1/0/73,1/0/73,3.png,C:\Users\u1021\Downloads\20260803\NASH_datasource_fromDrTsui_171\fast_035\1\0\73\3.png,475,735,349125,31.80121732903688,32.78224131757966,0.0,0.0,68.19878267096313,67.21775868242034,349125,38.394910132474045,39.96377964673589,0.0,238.0,0.0,0.0,0.0,0.0,31.0,63.0,91.0,116.0,162.0,63.0,238.0,5.690649401048685,0.96074271432457,1.040861393055714,0.9230265631277426,39.96377964673589,1.0,1.0747825728821436,0.9208789590020618,234674,57.05786750982214,36.23895032854901,6.0,238.0,6.0,10.0,14.0,31.0,52.0,75.0,105.0,130.0,169.0,44.0,232.0,6.989655174514015,1.5744900719398598,0.635126265844245,2.479018986637185,36.23895032854901,0.8571428571428571,1.0377158959574764,1.2200410060157365,0.0332812815904617,0.0425888001918792,628.6220703125,48.0081672668457,158.13409423828125,6078.951171875,233.05381774902344,12.506103515625,1.4825797080993652,26.174585342407227,0.0453708171844482,0.0214328505098819,4.378442044615661,1.1512545878556757,0.6349773365113417,0.0863819665172867,0.2934179874345564,0.8945519003194681
171,0,1.0,8,171/1/0/8,1/0/8,1.png,C:\Users\u1021\Downloads\20260803\NASH_datasource_fromDrTsui_171\fast_035\1\0\8\1.png,475,735,349125,31.80121732903688,34.6812746151092,0.0,0.0,68.19878267096313,65.3187253848908,349125,40.257326172574295,42.56471310253183,0.0,238.0,0.0,0.0,0.0,0.0,31.0,68.0,98.0,119.0,169.0,68.0,238.0,5.751677205725365,0.9457910846385974,1.0573159508921748,0.8945207757818546,42.56471310253183,1.0,0.991846535835452,0.5204306705395063,228044,61.452355685744855,38.44076696980121,6.0,238.0,6.0,8.0,13.0,33.0,57.0,83.0,111.0,135.0,177.0,50.0,232.0,7.080397469806608,1.5986245990882904,0.6255377282260693,2.555600608810197,38.44076696980121,0.8881118881118881,0.835792462250555,0.7217762144699265,0.0335253365337848,0.038106620311737,614.6324462890625,48.36022186279297,145.15643310546875,5360.2705078125,206.8327789306641,15.283203125,1.4825797080993652,27.44264793395996,0.0368579290807247,0.0182774066925048,3.926072728075431,1.1549218627100115,0.6269216883464269,0.1130419962364352,0.3357963791003728,0.9192431062396812
171,0,1.0,8,171/1/0/8,1/0/8,2.png,C:\Users\u1021\Downloads\20260803\NASH_datasource_fromDrTsui_171\fast_035\1\0\8\2.png,475,735,349125,31.80121732903688,32.801145721446474,0.0,0.0,68.19878267096313,67.19885427855353,349125,52.56182169709989,50.43763366631325,0.0,240.0,0.0,0.0,0.0,0.0,49.0,91.0,120.0,139.0,184.0,91.0,240.0,5.899853176671882,1.0421151405484228,0.9595868643399048,1.0860039661602587,50.43763366631325,1.0,0.5832650248271947,-0.5551342706136273,234608,78.15527603491782,42.290459654309885,6.0,240.0,7.0,10.0,18.0,48.0,78.0,105.0,131.0,152.0,191.0,57.0,234.0,7.300130911245565,1.8480592709035,0.5411081861628326,3.415323068772377,42.290459654309885,0.8765432098765432,0.3660641625948764,-0.011342188005964,0.0401417389512062,0.0434808619320392,844.00146484375,57.90437316894531,164.98484802246094,7286.845703125,284.3260803222656,17.681884765625,1.4825797080993652,35.83100128173828,0.0359492935240268,0.0181874148547649,5.263614171487728,1.3841676377572227,0.5822945544858235,0.0865325916848114,0.2936917098105849,0.922436332545676
171,0,1.0,8,171/1/0/8,1/0/8,3.png,C:\Users\u1021\Downloads\20260803\NASH_datasource_fromDrTsui_171\fast_035\1\0\8\3.png,475,735,349125,31.80121732903688,33.12137486573577,0.0,0.0,68.19878267096313,66.87862513426424,349125,50.240378088077335,48.33681633901726,0.0,239.0,0.0,0.0,0.0,0.0,47.0,87.0,115.0,134.0,177.0,87.0,239.0,5.862789459638726,1.0393811982921914,0.9621109191152404,1.0803132753633118,48.33681633901726,1.0,0.5968409559055736,-0.5167447824206257,233490,75.03902094308107,40.453563109526,6.0,239.0,6.0,10.0,19.0,46.0,74.0,100.0,126.0,146.0,184.0,54.0,233.0,7.242859872073129,1.8549421898861336,0.5391003587348376,3.440810527819565,40.453563109526,0.8717948717948718,0.3930082207532384,0.0446135688406732,0.0391064509749412,0.0417614057660102,803.7366943359375,56.41097259521485,160.69720458984375,6811.1435546875,265.61676025390625,17.535400390625,1.4825797080993652,34.2510871887207,0.037367146462202,0.0192041285336017,4.9809943854878265,1.3516044904073543,0.5869116611723335,0.0935550076366668,0.305422525623102,0.9198760614746884
171,1,1.0,1,171/1/1/1,1/1/1,1.png,C:\Users\u1021\Downloads\20260803\NASH_datasource_fromDrTsui_171\fast_035\1\1\1\1.png,475,735,349125,31.80121732903688,31.872252058718225,0.0,0.0,68.19878267096313,68.12774794128178,349125,57.28947798066595,50.105061298924966,0.0,239.0,0.0,0.0,0.0,0.0,59.0,95.0,123.0,141.0,178.0,95.0,239.0,5.848898334876068,1.1433870450507788,0.8745944816574244,1.3073339347899515,50.105061298924966,1.0,0.3663412638903857,-0.8157467752990115,237851,84.08679803742679,37.84109896234429,6.0,239.0,12.0,25.0,35.0,57.0,82.0,108.0,133.0,151.0,184.0,51.0,233.0,7.247360692148855,2.2221024320964258,0.4500242588081583,4.937739218728852,37.84109896234429,0.7159090909090909,0.3913375570730704,0.0297112625380377,0.0446942895650863,0.0457742400467395,970.62890625,64.47140502929688,191.1949005126953,8516.4228515625,350.92626953125,18.902587890625,1.4825797080993652,39.0546760559082,0.0448196455836296,0.0221262145787477,6.143327906667518,1.5395445723591072,0.5520503084694863,0.0779570922148561,0.2786871435335948,0.9057356270464996
171,1,1.0,1,171/1/1/1,1/1/1,2.png,C:\Users\u1021\Downloads\20260803\NASH_datasource_fromDrTsui_171\fast_035\1\1\1\2.png,475,735,349125,31.80121732903688,31.86967418546366,0.0,0.0,68.19878267096313,68.13032581453633,349125,60.69761833154315,52.34767630762063,0.0,240.0,0.0,0.0,0.0,0.0,64.0,100.0,129.0,147.0,183.0,100.0,240.0,5.874644210832853,1.1595093156543217,0.8624337782363489,1.3444618530891534,52.34767630762063,1.0,0.3114294156630711,-0.8892750125045721,237860,89.08615151769949,38.64363530818822,6.0,240.0,13.0,28.0,39.0,62.0,88.0,113.0,139.0,157.0,190.0,51.0,234.0,7.285303749997305,2.305325335135408,0.4337782545305099,5.31452490081718,38.64363530818822,0.6972972972972973,0.3478320223536711,0.035046029089039,0.047213390469551,0.0496096946299076,1035.65478515625,68.10521697998047,205.09825134277344,9759.421875,400.7301025390625,19.818115234375,2.9651594161987305,20.69089698791504,0.0436754375696182,0.0206390786916017,6.964865144173458,1.6195559955529617,0.5443084295200773,0.0773150583021212,0.2775314128697008,0.9025206592980504
171,1,1.0,1,171/1/1/1,1/1/1,3.png,C:\Users\u1021\Downloads\20260803\NASH_datasource_fromDrTsui_171\fast_035\1\1\1\3.png,475,735,349125,31.80121732903688,31.965055495882567,0.0,0.0,68.19878267096313,68.03494450411743,349125,58.65030290010741,51.15528677117853,0.0,242.0,0.0,0.0,0.0,0.0,61.0,98.0,126.0,143.0,179.0,98.0,242.0,5.869199063919152,1.1465149860747466,0.8722083986216691,1.3144966132939764,51.15528677117853,1.0,0.3319663654310288,-0.8952794918607427,237527,86.19613770224016,38.37382504148113,6.0,242.0,11.0,25.0,36.0,59.0,85.0,111.0,135.0,152.0,186.0,52.0,236.0,7.271979300727221,2.246222199873594,0.4451919316157924,5.045514171204969,38.37382504148113,0.7175141242937854,0.308303564777038,-0.03311292003078,0.0452515631914138,0.0460361242294311,985.8035888671876,65.27528381347656,190.9085998535156,8670.7529296875,357.0868530273437,19.415283203125,1.4825797080993652,39.98223876953125,0.0430965349078178,0.0208304431289434,6.195399445034302,1.5509199528102935,0.5508732131129732,0.0781736981129801,0.2790751412254899,0.909280665588298
171,1,1.0,10,171/1/1/10,1/1/10,1.png,C:\Users\u1021\Downloads\20260803\NASH_datasource_fromDrTsui_171\fast_035\1\1\10\1.png,475,735,349125,31.80121732903688,33.240529896168994,0.0,0.0,68.19878267096313,66.759470103831,349125,56.459674901539564,55.20184546106667,0.0,236.0,0.0,0.0,0.0,0.0,47.0,105.0,134.0,148.0,177.0,105.0,236.0,5.919689621237717,1.022786003438237,0.9777216315420444,1.0460912088291614,55.20184546106667,1.0,0.4424377446634538,-1.150948997003864,233074,84.47980898770348,46.927168924498176,6.0,236.0,6.0,9.0,12.0,47.0,89.0,120.0,143.0,156.0,184.0,73.0,230.0,7.329358658933669,1.800232379746247,0.5554838426697756,3.240836621086836,46.927168924498176,0.8909090909090909,-0.066118138245093,-0.8361469812585915,0.0401152819395065,0.0462061278522014,904.5838623046876,57.866207122802734,173.9930877685547,7791.0185546875,322.13739013671875,16.839599609375,1.4825797080993652,38.49240112304688,0.0325095243752002,0.0163660906255245,5.683149782393792,1.3974889341711665,0.5927878536848875,0.0859076922414846,0.2926167357987425,0.9312533150529342
171,1,1.0,10,171/1/1/10,1/1/10,2.png,C:\Users\u1021\Downloads\20260803\NASH_datasource_fromDrTsui_171\fast_035\1\1\10\2.png,475,735,349125,31.80121732903688,33.780164697457934,0.0,0.0,68.19878267096313,66.21983530254208,349125,55.35856784819191,54.31987295395782,0.0,240.0,0.0,0.0,0.0,0.0,46.0,103.0,131.0,145.0,173.0,103.0,240.0,5.882528576758425,1.019121821126395,0.9812369623238364,1.03860928629598,54.31987295395782,1.0,0.4309820483874957,-1.1831035535578354,231190,83.47222198191963,45.99505636524232,6.0,240.0,6.0,8.0,11.0,47.0,89.0,118.0,140.0,153.0,179.0,71.0,234.0,7.274946951883455,1.8148085594041836,0.5510223074594205,3.293530107286688,45.99505636524232,0.9006211180124224,-0.111595748923348,-0.8244455259979055,0.0394334346055984,0.0456115752458572,852.6463623046875,56.88263702392578,172.5389862060547,7564.5634765625,307.00860595703125,16.412353515625,1.4825797080993652,37.73898315429688,0.0326123535633087,0.0155580844730138,5.455126541590434,1.3693617035306185,0.5954991297021202,0.0944698829567814,0.3069057841302468,0.9319670316524976
171,1,1.0,10,171/1/1/10,1/1/10,3.png,C:\Users\u1021\Downloads\20260803\NASH_datasource_fromDrTsui_171\fast_035\1\1\10\3.png,475,735,349125,31.80121732903688,33.7921947726459,0.0,0.0,68.19878267096313,66.2078052273541,349125,51.92661654135338,51.56899442087748,0.0,238.0,0.0,0.0,0.0,0.0,41.0,96.0,125.0,140.0,170.0,96.0,238.0,5.885472100951936,1.006934828272143,0.993112932359244,1.0139177483874506,51.56899442087748,1.0,0.5176543532554501,-1.0061737724306088,231148,78.30447592018966,44.239585192366846,6.0,238.0,6.0,8.0,13.0,42.0,81.0,111.0,134.0,148.0,177.0,69.0,232.0,7.278148402018034,1.7700092706497712,0.5649687923006751,3.132932818186135,44.239585192366846,0.8974358974358975,0.052291433795071,-0.7766543054342918,0.0384175106883049,0.044241864234209,828.5750732421875,55.41717529296875,166.01205444335938,7143.9013671875,285.0882263183594,16.85791015625,1.4825797080993652,35.401329040527344,0.0338766351342201,0.0169276613742113,5.147550587682006,1.3315609665091912,0.5996146499247031,0.0990007313085074,0.3142192015130295,0.9285148699933612
171,1,1.0,13,171/1/1/13,1/1/13,1.png,C:\Users\u1021\Downloads\20260803\NASH_datasource_fromDrTsui_171\fast_035\1\1\13\1.png,475,735,349125,31.801503759398496,32.845255997135695,0.0,0.0,68.1984962406015,67.1547440028643,349125,48.71757393483709,48.37442501973875,0.0,241.0,0.0,0.0,0.0,0.0,41.0,84.0,114.0,136.0,182.0,84.0,241.0,5.889289147197453,1.007093601938593,0.9929563628197636,1.014237523065649,48.37442501973875,1.0,0.7452293808183483,-0.1885892066835843,234454,72.47998754553132,42.01438951452134,6.0,241.0,7.0,10.0,18.0,40.0,70.0,99.0,126.0,149.0,190.0,59.0,235.0,7.283698143470504,1.7251229491381808,0.579668829111322,2.976049189643214,42.01438951452134,0.8742138364779874,0.5729793141899562,0.1637147171002757,0.0401860326528549,0.0442232340574264,798.4766845703125,57.96826553344727,180.85353088378903,7429.7275390625,283.4766845703125,17.02880859375,1.4825797080993652,33.21208572387695,0.0387179590761661,0.0189279578626155,5.325844079507641,1.3719985801829555,0.5896160933077474,0.0866942217722666,0.2939632519091038,0.9150389315032632
171,1,1.0,13,171/1/1/13,1/1/13,2.png,C:\Users\u1021\Downloads\20260803\NASH_datasource_fromDrTsui_171\fast_035\1\1\13\2.png,475,735,349125,31.801503759398496,33.278052273541,0.0,0.0,68.1984962406015,66.721947726459,349125,48.707740780522734,49.09198014312717,0.0,240.0,0.0,0.0,0.0,0.0,40.0,84.0,117.0,138.0,184.0,84.0,240.0,5.900249385810172,0.9921730726386636,1.0078886714195143,0.9844074060692464,49.09198014312717,1.0,0.761334606541141,-0.206420749695281,232943,72.90800324542914,43.03219272895255,6.0,240.0,6.0,10.0,16.0,40.0,70.0,100.0,129.0,150.0,192.0,60.0,234.0,7.299214711002186,1.69426651587698,0.5902259122924257,2.87053902682192,43.03219272895255,0.875,0.544870961113423,0.0608352318320397,0.0392584986984729,0.0432266406714916,790.7484130859375,56.63029479980469,173.1660919189453,7095.052734375,283.6701354980469,17.27294921875,1.4825797080993652,33.20558166503906,0.0368775762617588,0.0179331973195076,5.164555088631045,1.3535193718516336,0.593362275087662,0.0926902069373783,0.3039884651335923,0.9209125556092596
171,1,1.0,13,171/1/1/13,1/1/13,3.png,C:\Users\u1021\Downloads\20260803\NASH_datasource_fromDrTsui_171\fast_035\1\1\13\3.png,475,735,349125,31.80121732903688,33.38059434300036,0.0,0.0,68.19878267096313,66.61940565699965,349125,48.04953526673828,48.53023118955248,0.0,239.0,0.0,0.0,0.0,0.0,39.0,83.0,115.0,136.0,183.0,83.0,239.0,5.889656151775869,0.9900949179298842,1.0100041742369767,0.9802879465105844,48.53023118955248,1.0,0.7631210671541112,-0.2138947949266092,232585,72.02655803254724,42.57483998825995,6.0,239.0,6.0,10.0,16.0,39.0,70.0,99.0,128.0,149.0,190.0,60.0,233.0,7.282697428700293,1.6917634464958324,0.5910991882885935,2.8620635588994574,42.57483998825995,0.8742138364779874,0.5406122432201216,0.0378022851098074,0.0389146506786346,0.0428011231124401,800.4925537109375,56.13429641723633,172.87594604492188,6962.9521484375,279.3206787109375,17.29736328125,1.4825797080993652,32.754539489746094,0.037588708102703,0.018462648615241,5.053301430293688,1.33799109449206,0.5968979528597121,0.0955999623520904,0.3087338522759168,0.9207174099233668
171,1,1.0,16,171/1/1/16,1/1/16,1.png,C:\Users\u1021\Downloads\20260803\NASH_datasource_fromDrTsui_171\fast_035\1\1\16\1.png,475,735,349125,31.80121732903688,31.836448263515933,0.0,0.0,68.19878267096313,68.16355173648407,349125,49.71095452918009,48.59773165300129,0.0,240.0,0.0,0.0,0.0,0.0,44.0,76.0,117.0,150.0,193.0,76.0,240.0,5.816307188379049,1.0229068896492426,0.977606085283972,1.0463385048918876,48.59773165300129,1.0,0.9688924006302894,0.5571225130929687,237976,72.92668168218644,42.09357351279462,6.0,240.0,13.0,22.0,29.0,43.0,63.0,92.0,136.0,164.0,199.0,49.0,234.0,7.202108311564414,1.7324896794523728,0.577204015619933,3.001520489408985,42.09357351279462,0.7634408602150538,1.1341019800826366,0.9436972840007593,0.0412098318338394,0.046381339430809,807.576416015625,59.44509506225586,185.9483642578125,8009.9951171875,317.3384704589844,16.595458984375,1.4825797080993652,33.88814926147461,0.0379701182246208,0.0183149483054876,5.797018054507468,1.4231146481081496,0.5750516447068275,0.0789285130419103,0.2804158776541532,0.9080261403232616
171,1,1.0,16,171/1/1/16,1/1/16,2.png,C:\Users\u1021\Downloads\20260803\NASH_datasource_fromDrTsui_171\fast_035\1\1\16\2.png,475,735,349125,31.80121732903688,31.843036161833155,0.0,0.0,68.19878267096313,68.15696383816685,349125,49.46788113139993,47.7465170229174,0.0,238.0,0.0,0.0,0.0,0.0,45.0,76.0,114.0,146.0,190.0,76.0,238.0,5.801595997364033,1.0360521398378926,0.9652023885173062,1.0734040364626758,47.7465170229174,1.0,0.9268717948522454,0.5058678243192265,237953,72.57668951431586,40.83848646846443,6.0,238.0,13.0,23.0,29.0,44.0,63.0,91.0,132.0,161.0,197.0,47.0,232.0,7.180014507324482,1.777164037907226,0.5626942581944162,3.158312017630716,40.83848646846443,0.75,1.1246622256011969,1.0363926169539894,0.0417444854974746,0.0457614809274673,827.84814453125,60.21632766723633,188.51336669921875,7983.4375,319.2712097167969,17.462158203125,1.4825797080993652,33.72154235839844,0.0412868969142437,0.0196241233497858,5.7310750239784864,1.4375720379449703,0.5705683682122953,0.0791203108305507,0.2807611940564297,0.9051177860060228
171,1,1.0,16,171/1/1/16,1/1/16,3.png,C:\Users\u1021\Downloads\20260803\NASH_datasource_fromDrTsui_171\fast_035\1\1\16\3.png,475,735,349125,31.80121732903688,31.85019692087361,0.0,0.0,68.19878267096313,68.14980307912639,349125,49.575232366630864,48.25152844305197,0.0,242.0,0.0,0.0,0.0,0.0,45.0,76.0,115.0,147.0,193.0,76.0,242.0,5.816955308972583,1.027433409184979,0.9732990878632798,1.0556194103094685,48.25152844305197,1.0,0.9533708397458605,0.5574582755170843,237928,72.74147221008036,41.60892178023568,6.0,242.0,13.0,22.0,29.0,43.0,63.0,92.0,134.0,162.0,199.0,49.0,236.0,7.201909672162211,1.748218148845008,0.5720109933995755,3.0562666959510665,41.60892178023568,0.7608695652173914,1.128888412864644,1.0285831837137964,0.0412126034498214,0.04673757776618,804.738037109375,59.4490852355957,185.78558349609372,8079.49560546875,321.86798095703125,16.314697265625,1.4825797080993652,33.79490280151367,0.0390984043478965,0.0181299317628145,5.808454315741479,1.423745765751551,0.5748305185287457,0.0791049220205558,0.2807357974822298,0.9061949475178832
171,1,1.0,17,171/1/1/17,1/1/17,1.png,C:\Users\u1021\Downloads\20260803\NASH_datasource_fromDrTsui_171\fast_035\1\1\17\1.png,475,735,349125,31.80121732903688,31.94328678839957,0.0,0.0,68.19878267096313,68.05671321160042,349125,40.1153798782671,41.75275914070565,0.0,241.0,0.0,0.0,0.0,0.0,32.0,62.0,95.0,126.0,174.0,62.0,241.0,5.688505814526247,0.9607839267119898,1.040816745781974,0.92310575382811,41.75275914070565,1.0,1.2184764324552746,1.3919999097575504,237603,58.93504711640846,38.11446291132715,6.0,241.0,9.0,15.0,20.0,31.0,50.0,76.0,112.0,142.0,181.0,45.0,235.0,7.0078807690113365,1.5462646621446603,0.6467198174295762,2.3909344053973403,38.11446291132715,0.8089171974522293,1.298443899498224,1.631535951280898,0.0360113903880119,0.0412238053977489,631.868408203125,51.94635009765625,169.0517578125,6234.5390625,231.402587890625,14.0869140625,1.4825797080993652,27.345985412597656,0.0417835190892219,0.0193585902452468,4.4675351881925245,1.232057402102735,0.6086042677997451,0.0816082772842798,0.2851351856762416,0.9034127505505168
171,1,1.0,17,171/1/1/17,1/1/17,2.png,C:\Users\u1021\Downloads\20260803\NASH_datasource_fromDrTsui_171\fast_035\1\1\17\2.png,475,735,349125,31.801503759398496,31.91063372717508,0.0,0.0,68.1984962406015,68.08936627282492,349125,42.98202935911207,42.97046608971831,0.0,239.0,0.0,0.0,0.0,0.0,36.0,68.0,100.0,129.0,175.0,68.0,239.0,5.7302996309468845,1.0002690980677198,0.9997309743265692,1.0005382685492097,42.97046608971831,1.0,1.0358029318130206,0.8328482726968165,237717,63.11912063504083,37.96111222761689,6.0,239.0,10.0,17.0,22.0,35.0,55.0,82.0,115.0,143.0,182.0,47.0,233.0,7.070942154015351,1.66273106690276,0.6014201694461286,2.7646746008435903,37.96111222761689,0.7875,1.145444186894894,1.274598309097919,0.0387881398200988,0.0446290597319603,725.24560546875,55.95179748535156,176.77548217773438,7275.04296875,276.5524597167969,15.631103515625,1.4825797080993652,29.30308151245117,0.0479544252157211,0.020911268889904,5.122606165457885,1.3208302806566727,0.5922951259523209,0.080104773498512,0.2824937206272509,0.8945135984892545
171,1,1.0,17,171/1/1/17,1/1/17,3.png,C:\Users\u1021\Downloads\20260803\NASH_datasource_fromDrTsui_171\fast_035\1\1\17\3.png,475,735,349125,31.80121732903688,31.89316147511636,0.0,0.0,68.19878267096313,68.10683852488364,349125,44.650927318295736,44.50627853742742,0.0,241.0,0.0,0.0,0.0,0.0,39.0,70.0,101.0,133.0,185.0,70.0,241.0,5.747260822172963,1.0032500758459657,0.9967604529277256,1.006510714684936,44.50627853742742,1.0,1.083328597131642,1.0986464461268035,237778,65.55436163143773,39.22123050503426,6.0,241.0,10.0,18.0,24.0,38.0,58.0,83.0,117.0,152.0,192.0,45.0,235.0,7.096875542740877,1.6713999226266874,0.5983008533519917,2.793577701356497,39.22123050503426,0.788235294117647,1.2643185410562503,1.711999283467862,0.0380317009985446,0.0412469394505023,696.3060302734375,54.86064529418945,166.0171661376953,6549.77587890625,236.26426696777344,16.302490234375,1.4825797080993652,30.440763473510746,0.040428277105093,0.0189870540052652,4.680357735865022,1.3013999184829808,0.5902937872521385,0.0807983771424114,0.2837178021662767,0.9110535800115196
171,1,1.0,23,171/1/1/23,1/1/23,1.png,C:\Users\u1021\Downloads\20260803\NASH_datasource_fromDrTsui_171\fast_035\1\1\23\1.png,475,735,349125,31.80121732903688,32.01460794844254,0.0,0.0,68.19878267096313,67.98539205155747,349125,48.79492158968851,46.08724448997552,0.0,241.0,0.0,0.0,0.0,0.0,44.0,82.0,110.0,130.0,176.0,82.0,241.0,5.824653158654689,1.0587511171404906,0.944509038820032,1.120953928046237,46.08724448997552,1.0,0.6706579206125113,-0.2124067197965868,237354,71.759131929523,38.431212655452384,6.0,241.0,8.0,16.0,24.0,43.0,69.0,95.0,121.0,142.0,183.0,52.0,235.0,7.204752745558941,1.867209670765938,0.5355584943975764,3.4864719546018423,38.431212655452384,0.7974683544303798,0.6575869105987038,0.4172859763142358,0.0387874245643615,0.0423911549150943,791.0672607421875,55.95076751708984,158.37449645996094,6869.70703125,278.1689758300781,17.694091796875,1.4825797080993652,33.26791000366211,0.0411895960569381,0.0206257812678813,4.993400438911212,1.341875425215102,0.5837837531578276,0.0803454226432869,0.2829283623589203,0.9103650117849448
171,1,1.0,23,171/1/1/23,1/1/23,2.png,C:\Users\u1021\Downloads\20260803\NASH_datasource_fromDrTsui_171\fast_035\1\1\23\2.png,475,735,349125,31.80121732903688,32.564554242749736,0.0,0.0,68.19878267096313,67.43544575725026,349125,49.56085929108485,45.71526158551793,0.0,240.0,0.0,0.0,0.0,0.0,48.0,84.0,111.0,127.0,166.0,84.0,240.0,5.80576628893181,1.0841206540702628,0.9224065570982004,1.1753175925817343,45.71526158551793,1.0,0.5040066509151666,-0.6317390899663811,235434,73.44659225090683,36.70008695687398,6.0,240.0,7.0,14.0,25.0,47.0,72.0,97.0,120.0,137.0,173.0,50.0,234.0,7.162116362339223,2.0012648018304,0.4996839993814805,4.005060807045267,36.70008695687398,0.8145695364238411,0.3991607468354582,0.1000772071107714,0.0396604537963867,0.0428336262702941,829.541748046875,57.21011352539063,166.9954071044922,7090.6806640625,293.0155639648437,17.24853515625,1.4825797080993652,33.78580474853516,0.0457575321197509,0.0222761649638414,5.114655932000432,1.3713126511557336,0.5804252657604927,0.085743066584912,0.292336727183531,0.9056821659304664
171,1,1.0,23,171/1/1/23,1/1/23,3.png,C:\Users\u1021\Downloads\20260803\NASH_datasource_fromDrTsui_171\fast_035\1\1\23\3.png,475,735,349125,31.80121732903688,32.48492660221984,0.0,0.0,68.19878267096313,67.51507339778017,349125,51.08755603293949,48.08187805965422,0.0,238.0,0.0,0.0,0.0,0.0,48.0,88.0,115.0,133.0,175.0,88.0,238.0,5.8618756342921845,1.0625116591651471,0.9411661428597736,1.1289310258618737,48.08187805965422,1.0,0.5516435152506007,-0.5837872072038399,235712,75.62512303149606,39.63058824421709,6.0,238.0,7.0,12.0,22.0,47.0,75.0,101.0,126.0,144.0,182.0,54.0,232.0,7.24753810264705,1.90825133771592,0.5240399837460349,3.641423167894598,39.63058824421709,0.8461538461538461,0.3900790743682374,0.0205659346339524,0.0402772277593612,0.0450786352157592,855.1627197265625,58.09980773925781,171.1092987060547,7603.947265625,312.44073486328125,17.48046875,1.4825797080993652,34.829830169677734,0.0423112884163856,0.0207688342779874,5.433438706800424,1.383905435487197,0.5843284776193874,0.0838490630074618,0.2890926530401559,0.9104799643717234
171,0,2.0,13,171/2/0/13,2/0/13,1.png,C:\Users\u1021\Downloads\20260803\NASH_datasource_fromDrTsui_171\fast_035\2\0\13\1.png,475,735,349125,31.801503759398496,33.36140350877193,0.0,0.0,68.1984962406015,66.63859649122807,349125,52.3847619047619,48.52687217529394,0.0,241.0,0.0,0.0,0.0,0.0,51.0,92.0,118.0,133.0,162.0,92.0,241.0,5.831160152996754,1.0795000698897732,0.9263547339113272,1.1653204008920253,48.52687217529394,1.0,0.3889741743479528,-1.0265652754774657,232652,78.51256812750374,38.56296383110092,6.0,241.0,6.0,10.0,24.0,51.0,80.0,105.0,127.0,141.0,169.0,54.0,235.0,7.195090141069042,2.0359578291589604,0.4911693089503199,4.145124282113667,38.56296383110092,0.8675496688741722,0.061549327502358,-0.3883807744637031,0.0392233617603778,0.0425479672849178,815.9547119140625,56.5796127319336,165.32386779785156,6968.18603515625,282.31610107421875,18.353271484375,1.4825797080993652,35.71239471435547,0.0374647825956344,0.0188284292817115,5.095102362675274,1.362542715701952,0.5862677602161371,0.096248492616784,0.3097965488310069,0.9180636467397992
171,0,2.0,13,171/2/0/13,2/0/13,2.png,C:\Users\u1021\Downloads\20260803\NASH_datasource_fromDrTsui_171\fast_035\2\0\13\2.png,475,735,349125,31.80121732903688,33.383458646616546,0.0,0.0,68.19878267096313,66.61654135338347,349125,51.313919083422846,47.908856730979295,0.0,237.0,0.0,0.0,0.0,0.0,49.0,90.0,117.0,132.0,164.0,90.0,237.0,5.837581054506103,1.0710737551422664,0.9336425201336148,1.147198988954556,47.908856730979295,1.0,0.4461922095796134,-0.8942416660496519,232575,76.92983768676771,38.464199860770016,6.0,237.0,6.0,11.0,24.0,49.0,77.0,103.0,126.0,141.0,172.0,54.0,231.0,7.204269455871572,2.000037384509047,0.4999906540474352,4.00014953943379,38.464199860770016,0.8552631578947368,0.1782043368103484,-0.2904514919807361,0.0394922718405723,0.0431925393640995,819.275146484375,56.9675178527832,163.26632690429688,7127.228515625,280.9705505371094,18.26171875,1.4825797080993652,34.98252487182617,0.0400996059179306,0.0196475498378276,5.171157418865732,1.3614458700004155,0.5862332951819648,0.0969849753660386,0.3109782623876388,0.9145652734024404
171,0,2.0,13,171/2/0/13,2/0/13,3.png,C:\Users\u1021\Downloads\20260803\NASH_datasource_fromDrTsui_171\fast_035\2\0\13\3.png,475,735,349125,31.80179018976012,32.68256355173648,0.0,0.0,68.19820981023989,67.3174364482635,349125,56.41014249910491,51.31480338351032,0.0,242.0,0.0,0.0,0.0,0.0,56.0,99.0,126.0,140.0,170.0,99.0,242.0,5.88133820372446,1.099295695971271,0.9096733514602372,1.208451027180961,51.31480338351032,1.0,0.335415493360262,-1.1056004007166709,235022,83.74140718741224,40.320855067978606,6.0,242.0,7.0,12.0,26.0,55.0,86.0,112.0,134.0,148.0,176.0,57.0,236.0,7.27398114125231,2.076875776722223,0.4814924470727012,4.313412991935536,40.320855067978606,0.85,0.0040107789281254,-0.4429241145601499,0.0410587601363658,0.0434136725962162,879.583740234375,59.2271728515625,172.30523681640625,7429.63916015625,301.36260986328125,18.951416015625,1.4825797080993652,38.45580291748047,0.0364299826323986,0.0185645874589681,5.403085844504248,1.4195925999083414,0.5746272495502064,0.0854724264891872,0.2918708730184314,0.9223771445385966
171,0,2.0,4,171/2/0/4,2/0/4,1.png,C:\Users\u1021\Downloads\20260803\NASH_datasource_fromDrTsui_171\fast_035\2\0\4\1.png,475,735,349125,31.80121732903688,32.720372359470105,0.0,0.0,68.19878267096313,67.2796276405299,349125,52.87044468313641,49.92359977781454,0.0,240.0,0.0,0.0,0.0,0.0,49.0,89.0,123.0,143.0,179.0,89.0,240.0,5.915861700287032,1.0590270917649536,0.9442629067528572,1.1215383810921356,49.92359977781454,1.0,0.5902592709565138,-0.5569431908122584,234890,78.52774064455703,41.13842509030711,6.0,240.0,7.0,16.0,27.0,48.0,75.0,105.0,135.0,153.0,186.0,57.0,234.0,7.322454768048522,1.9088659926133016,0.5238712428581571,3.643769377755565,41.13842509030711,0.8106508875739645,0.480518980492063,-0.1250083955343677,0.0393568947911262,0.0412657260894775,830.0494384765625,56.77223205566406,164.65447998046875,6766.3974609375,265.2604675292969,18.27392578125,1.4825797080993652,36.043758392333984,0.0366930998861789,0.0188912041485309,4.941902573842535,1.3682591037896108,0.5785841823998082,0.0863090734896792,0.2932848629410148,0.9255888603897868
171,0,2.0,4,171/2/0/4,2/0/4,2.png,C:\Users\u1021\Downloads\20260803\NASH_datasource_fromDrTsui_171\fast_035\2\0\4\2.png,475,735,349125,31.80121732903688,32.05442176870748,0.0,0.0,68.19878267096313,67.94557823129252,349125,59.41386895810956,52.5935367931641,0.0,238.0,0.0,0.0,0.0,0.0,60.0,99.0,130.0,149.0,183.0,99.0,238.0,5.9153039851463785,1.1296800439903472,0.8852063956690951,1.276177001790033,52.5935367931641,1.0,0.3785607920346048,-0.8629889313629988,237215,87.4277385494172,40.28264100801108,6.0,238.0,10.0,24.0,35.0,58.0,86.0,113.0,141.0,158.0,190.0,55.0,232.0,7.336227996145222,2.1703576618035125,0.4607535511769177,4.710452380149209,40.28264100801108,0.7362637362637363,0.3287026856145722,-0.1390466133221477,0.0435982160270214,0.044133611023426,948.9697265625,62.89032745361328,178.97930908203125,8008.1240234375,314.7322692871094,19.78759765625,1.4825797080993652,40.50449752807617,0.0389242395758628,0.0193742159754037,5.805317024739032,1.5079341615122186,0.5536964430799703,0.0804017070061583,0.2830322209948839,0.9203787381364842
171,0,2.0,4,171/2/0/4,2/0/4,3.png,C:\Users\u1021\Downloads\20260803\NASH_datasource_fromDrTsui_171\fast_035\2\0\4\3.png,475,735,349125,31.80121732903688,32.08163265306123,0.0,0.0,68.19878267096313,67.91836734693878,349125,57.49993268886502,51.07308919952023,0.0,237.0,0.0,0.0,0.0,0.0,58.0,96.0,126.0,145.0,179.0,96.0,237.0,5.889809865068447,1.125836200434987,0.8882286780382725,1.2675071502098878,51.07308919952023,1.0,0.3987344321200641,-0.8115646052805259,237120,84.64346322537112,39.29322864598649,6.0,237.0,10.0,23.0,34.0,56.0,83.0,109.0,137.0,154.0,186.0,53.0,231.0,7.297400158638421,2.1541488480870057,0.464220474313115,4.640357259714573,39.29322864598649,0.7401129943502824,0.3648003302839325,-0.0631725345884031,0.0423169136047363,0.0426170192658901,913.891357421875,61.04205322265625,173.8245391845703,7505.302734375,292.8686218261719,19.5068359375,1.4825797080993652,39.19880676269531,0.038623958826065,0.0194601882249116,5.49266793398816,1.4685581897160622,0.5592792576852196,0.080480448627445,0.2831699174858335,0.9198862358079049
171,0,2.0,8,171/2/0/8,2/0/8,1.png,C:\Users\u1021\Downloads\20260803\NASH_datasource_fromDrTsui_171\fast_035\2\0\8\1.png,475,735,349125,31.80121732903688,31.86394557823129,0.0,0.0,68.19878267096313,68.1360544217687,349125,48.539059076262085,45.57549327402301,0.0,238.0,0.0,0.0,0.0,0.0,45.0,78.0,109.0,133.0,177.0,78.0,238.0,5.782856028418954,1.065025424616265,0.938944720836412,1.1342791550790554,45.57549327402301,1.0,0.7537814446528004,0.0793511787048597,237880,71.2343660669245,37.84164648571468,6.0,238.0,12.0,21.0,28.0,43.0,66.0,91.0,122.0,148.0,184.0,48.0,232.0,7.151166650605564,1.882433051474535,0.5312273917081336,3.5435541932837293,37.84164648571468,0.7514792899408284,0.9041358633387574,0.7871662369076562,0.0405189916491508,0.0419761054217815,792.204345703125,58.44855499267578,179.1128692626953,7082.5888671875,260.4897155761719,17.68798828125,1.4825797080993652,33.08977508544922,0.0434587486088275,0.0209927968680858,5.098298408419531,1.3904713003452247,0.5734008067513573,0.0790855396022882,0.280692319918399,0.9061759323360732
171,0,2.0,8,171/2/0/8,2/0/8,2.png,C:\Users\u1021\Downloads\20260803\NASH_datasource_fromDrTsui_171\fast_035\2\0\8\2.png,475,735,349125,31.80121732903688,31.83415682062299,0.0,0.0,68.19878267096313,68.16584317937702,349125,55.002486215538845,48.512497873837454,0.0,240.0,0.0,0.0,0.0,0.0,55.0,91.0,118.0,137.0,178.0,91.0,240.0,5.815453810952841,1.1337797191680252,0.8820055457808034,1.2854564515967255,48.512497873837454,1.0,0.4462703902388309,-0.6022500958524883,237984,80.6870671977948,37.15170059201467,6.0,240.0,14.0,25.0,34.0,54.0,78.0,103.0,129.0,149.0,185.0,49.0,234.0,7.201095752553311,2.171827020352806,0.4604418264570413,4.716832606334548,37.15170059201467,0.7126436781609196,0.568280585784218,0.3161387179098498,0.0442858189344406,0.0457547381520271,920.4505615234376,63.88219451904297,191.59434509277344,8437.0810546875,317.3558349609375,19.183349609375,1.4825797080993652,37.499961853027344,0.044528242200613,0.0219769570976495,6.065065161025719,1.5272469080440365,0.5526527334207197,0.0779209291177082,0.2786169861457629,0.9004115428207301
171,0,2.0,8,171/2/0/8,2/0/8,3.png,C:\Users\u1021\Downloads\20260803\NASH_datasource_fromDrTsui_171\fast_035\2\0\8\3.png,475,735,349125,31.80121732903688,31.83215180809166,0.0,0.0,68.19878267096313,68.16784819190835,349125,53.32883637665593,47.498853049330265,0.0,239.0,0.0,0.0,0.0,0.0,53.0,88.0,116.0,135.0,176.0,88.0,239.0,5.802458760431391,1.122739454808959,0.8906785948572156,1.260543883384719,47.498853049330265,1.0,0.4902252593002518,-0.5207936409514602,237991,78.22968935800094,36.90250705519513,6.0,239.0,14.0,24.0,32.0,51.0,75.0,100.0,126.0,146.0,182.0,49.0,233.0,7.182109379238263,2.119901751959364,0.471719974322267,4.49398343796038,36.90250705519513,0.7176470588235294,0.6109856911885764,0.3581627733285684,0.0443045571446418,0.0458496958017349,908.94873046875,63.90922546386719,191.24819946289065,8458.634765625,317.0848693847656,18.994140625,1.4825797080993652,36.35717010498047,0.0466551817953586,0.0227149184793233,6.03157495893879,1.515946583607222,0.5559544739802288,0.0782756660973786,0.2792571226740564,0.8963111130551064
171,0,2.0,9,171/2/0/9,2/0/9,1.png,C:\Users\u1021\Downloads\20260803\NASH_datasource_fromDrTsui_171\fast_035\2\0\9\1.png,475,735,349125,31.80121732903688,31.806945936269244,0.0,0.0,68.19878267096313,68.19305406373076,349125,59.279395631936985,49.94037176682841,0.0,237.0,0.0,0.0,0.0,0.0,64.0,95.0,122.0,142.0,183.0,95.0,237.0,5.768048995965264,1.187003491057545,0.8424575054190138,1.4089772877827995,49.94037176682841,1.0,0.3094311621033539,-0.7199184220905068,238079,86.92841451787012,35.40986854589757,6.0,237.0,21.0,35.0,44.0,62.0,84.0,107.0,133.0,154.0,189.0,45.0,231.0,7.134022048456737,2.454920565581746,0.4073451556926563,6.026634983316198,35.40986854589757,0.6296296296296297,0.6426696039813115,0.5283074384609376,0.0457592755556106,0.0477259941399097,1010.075927734375,66.00764465332031,187.82188415527344,9096.59375,365.2322082519531,20.037841796875,2.9651594161987305,20.20805549621582,0.0467504113912582,0.0230290908366441,6.51773004762751,1.5775619160442955,0.5448884445550103,0.0780107341479179,0.278791585396142,0.8978212505014812
171,0,2.0,9,171/2/0/9,2/0/9,2.png,C:\Users\u1021\Downloads\20260803\NASH_datasource_fromDrTsui_171\fast_035\2\0\9\2.png,475,735,349125,31.80121732903688,31.80637307554601,0.0,0.0,68.19878267096313,68.19362692445398,349125,56.13287218045113,48.00993330779468,0.0,241.0,0.0,0.0,0.0,0.0,59.0,89.0,117.0,140.0,179.0,89.0,241.0,5.7348835368653726,1.16919287974386,0.8552908740079517,1.3670119900437403,48.00993330779468,1.0,0.4089131735120034,-0.5116324540303618,238081,82.31364115574111,34.999932003124854,6.0,241.0,21.0,34.0,42.0,58.0,78.0,101.0,129.0,151.0,185.0,43.0,235.0,7.085444200442014,2.351822887781382,0.4252020869408924,5.531070895492359,34.999932003124854,0.6324324324324324,0.8090565907576471,0.7421495983708537,0.0454741157591342,0.0479142963886261,961.4154052734376,65.59630584716797,198.0971527099609,9079.9345703125,375.80950927734375,19.07958984375,1.4825797080993652,38.27025985717773,0.0484687872231006,0.0233230777084827,6.551593311612076,1.5682098983409312,0.5497180767387456,0.0785825796264493,0.2798056701008945,0.8884119242850481
171,0,2.0,9,171/2/0/9,2/0/9,3.png,C:\Users\u1021\Downloads\20260803\NASH_datasource_fromDrTsui_171\fast_035\2\0\9\3.png,475,735,349125,31.80121732903688,31.803508771929824,0.0,0.0,68.19878267096313,68.19649122807017,349125,59.818764052989614,50.28374627262763,0.0,238.0,0.0,0.0,0.0,0.0,64.0,95.0,123.0,145.0,185.0,95.0,238.0,5.760119863702823,1.189624252112505,0.8406015582014446,1.415205861214237,50.28374627262763,1.0,0.3225437988170125,-0.6616075451957952,238091,87.71515512976131,35.5059892956673,6.0,238.0,23.0,37.0,46.0,63.0,84.0,107.0,135.0,156.0,191.0,44.0,232.0,7.122826490779,2.4704326472735394,0.4047873966949218,6.103037464714948,35.5059892956673,0.616580310880829,0.7314014550827965,0.6525557057813325,0.0474061965942382,0.0499596297740936,1045.4820556640625,68.38333129882812,203.28128051757807,9869.8828125,397.75775146484375,19.56787109375,2.9651594161987305,20.38973045349121,0.0487960055470466,0.0229363515973091,7.02633943383088,1.6326024050491716,0.5394550637771625,0.0778331982414931,0.27846951809048,0.8911672706139657
171,1,2.0,14,171/2/1/14,2/1/14,1.png,C:\Users\u1021\Downloads\20260803\NASH_datasource_fromDrTsui_171\fast_035\2\1\14\1.png,475,735,349125,31.801503759398496,36.37608306480488,0.0,0.0,68.1984962406015,63.62391693519513,349125,42.93795059076262,47.56011864994496,0.0,241.0,0.0,0.0,0.0,0.0,28.0,74.0,110.0,135.0,184.0,74.0,241.0,5.823036757779555,0.9028142025211772,1.1076476169819045,0.8150734842739489,47.56011864994496,1.0,1.0319403342600215,0.4232740257976224,222127,67.1972970417824,44.00291052658805,6.0,241.0,6.0,7.0,11.0,33.0,62.0,93.0,126.0,152.0,192.0,60.0,235.0,7.2206320368865216,1.5271102806069956,0.6548315551922812,2.3320658091355773,44.00291052658805,0.9119496855345912,0.7406505388813495,0.2962256836126933,0.0348498076200485,0.0410648770630359,683.23974609375,50.27077102661133,162.7882080078125,6036.0537109375,228.66270446777344,15.496826171875,0.0,,0.0331094302237033,0.0162819158285856,4.356435656505935,1.188995238116023,0.6336443296971517,0.1327988572453841,0.3640537358197029,0.9303103464214174
171,1,2.0,14,171/2/1/14,2/1/14,2.png,C:\Users\u1021\Downloads\20260803\NASH_datasource_fromDrTsui_171\fast_035\2\1\14\2.png,475,735,349125,31.801503759398496,36.21997851772288,0.0,0.0,68.1984962406015,63.78002148227712,349125,43.48883064804869,47.2223912279284,0.0,241.0,0.0,0.0,0.0,0.0,31.0,75.0,110.0,135.0,182.0,75.0,241.0,5.823783004934468,0.920936647154124,1.085851022532546,0.8481243080714793,47.2223912279284,1.0,0.9897272385705872,0.3506600354475915,222672,67.90706959114752,43.00092020855864,6.0,241.0,6.0,8.0,12.0,36.0,63.0,92.0,126.0,152.0,190.0,56.0,235.0,7.217922996431209,1.5792003813358326,0.6332318633016718,2.4938738444112394,43.00092020855864,0.9,0.7379067687494819,0.3547850246187676,0.0356932133436203,0.0413597039878368,676.3995361328125,51.48738098144531,164.40194702148438,6210.419921875,238.46112060546875,16.314697265625,0.0,,0.0353916548192501,0.0162329319864511,4.399269817026668,1.2063303778356602,0.6287565742959866,0.1297249602769231,0.3598026026269905,0.928316854469406
171,1,2.0,14,171/2/1/14,2/1/14,3.png,C:\Users\u1021\Downloads\20260803\NASH_datasource_fromDrTsui_171\fast_035\2\1\14\3.png,475,735,349125,31.80121732903688,34.915288220551375,0.0,0.0,68.19878267096313,65.08471177944863,349125,46.65973791621912,49.75227848245289,0.0,241.0,0.0,0.0,0.0,0.0,35.0,81.0,116.0,142.0,190.0,81.0,241.0,5.882433250798161,0.9378412273656076,1.0662785670118131,0.8795461677466292,49.75227848245289,1.0,0.9232369638730968,0.1539492250807566,227227,71.49300479256426,45.12365325820252,6.0,241.0,6.0,8.0,12.0,37.0,67.0,98.0,132.0,158.0,198.0,61.0,235.0,7.286678978673398,1.5843798015083883,0.6311617953270818,2.510259355427761,45.12365325820252,0.9036144578313252,0.6639821688283026,0.1945045204388247,0.0365918651223182,0.0428053401410579,746.77587890625,52.783687591552734,170.6774139404297,6598.76123046875,254.47805786132807,16.17431640625,1.4825797080993652,31.80882453918457,0.0324970483779907,0.0163418687880039,4.792703659390311,1.2627574694364343,0.6173721292695042,0.1195528612876322,0.3453669276536373,0.929922504110531
171,1,2.0,18,171/2/1/18,2/1/18,1.png,C:\Users\u1021\Downloads\20260803\NASH_datasource_fromDrTsui_171\fast_035\2\1\18\1.png,475,735,349125,31.801503759398496,34.93018259935553,0.0,0.0,68.1984962406015,65.06981740064447,349125,48.401300393841744,50.58938016512178,0.0,241.0,0.0,0.0,0.0,0.0,36.0,87.0,119.0,140.0,185.0,87.0,241.0,5.873777566185188,0.956748239173158,1.045207045130515,0.915367193160938,50.58938016512178,1.0,0.7617157637002485,-0.349113749053731,227175,74.18492351711235,45.04592383508957,6.0,241.0,6.0,8.0,11.0,39.0,73.0,104.0,132.0,154.0,193.0,65.0,235.0,7.273506431711111,1.646873173002266,0.6072112998094384,2.712191247954551,45.04592383508957,0.9012345679012346,0.4054433154847139,-0.2170049194503698,0.0375999771058559,0.0455520153045654,781.080322265625,54.237884521484375,174.02984619140625,7259.37890625,302.0410461425781,15.4296875,1.4825797080993652,32.9985466003418,0.0333456210792064,0.0162263140082359,5.224295890113202,1.3012753910673818,0.6149466592866836,0.1176887609544165,0.3426670473225532,0.9255811795407992
171,1,2.0,18,171/2/1/18,2/1/18,2.png,C:\Users\u1021\Downloads\20260803\NASH_datasource_fromDrTsui_171\fast_035\2\1\18\2.png,475,735,349125,31.80121732903688,34.82620837808808,0.0,0.0,68.19878267096313,65.17379162191193,349125,46.867173648406734,48.749905070454936,0.0,241.0,0.0,0.0,0.0,0.0,36.0,83.0,114.0,135.0,182.0,83.0,241.0,5.859225949203046,0.9613797930616024,1.040171644148467,0.9242511065071696,48.749905070454936,1.0,0.7996978748958912,-0.176958418276155,227538,71.72058293559758,43.267636707034086,6.0,241.0,6.0,8.0,12.0,38.0,70.0,99.0,126.0,150.0,190.0,61.0,235.0,7.248311921217814,1.657603428197821,0.6032806055952838,2.7476491251731683,43.267636707034086,0.8987341772151899,0.5072816266121515,0.010244291802576,0.0370206199586391,0.0435361340641975,731.9281005859375,53.40216064453125,169.85287475585938,6795.72802734375,280.7942810058594,16.534423828125,1.4825797080993652,31.952831268310547,0.034099593758583,0.0168230477720499,4.882955986635945,1.2703408096887443,0.616134120733533,0.1149519920667222,0.3386472876170015,0.9246456991207146
171,1,2.0,18,171/2/1/18,2/1/18,3.png,C:\Users\u1021\Downloads\20260803\NASH_datasource_fromDrTsui_171\fast_035\2\1\18\3.png,475,735,349125,31.80121732903688,34.08893662728249,0.0,0.0,68.19878267096313,65.9110633727175,349125,47.28225993555317,49.23068386052148,0.0,236.0,0.0,0.0,0.0,0.0,36.0,83.0,116.0,138.0,186.0,83.0,236.0,5.88337106907762,0.9604225703935272,1.0412083501851237,0.9224115137213096,49.23068386052148,1.0,0.832842233569734,-0.0852470903905397,230112,71.5918900361563,44.0794559837773,6.0,236.0,6.0,8.0,12.0,37.0,69.0,99.0,128.0,153.0,193.0,62.0,230.0,7.277655608896884,1.6241554810137513,0.6157045995225954,2.6378810265070096,44.0794559837773,0.9006211180124224,0.5661573556377587,0.0439021951217437,0.0372094698250293,0.0447513088583946,769.2861328125,53.67457580566406,170.13580322265625,7048.1357421875,296.08172607421875,15.472412109375,1.4825797080993652,32.23298263549805,0.0351356267929077,0.0172282792627811,5.083465472451088,1.2886490747180257,0.61182130660354,0.1042317722675214,0.3224314885307525,0.9229045783698864
171,1,2.0,20,171/2/1/20,2/1/20,1.png,C:\Users\u1021\Downloads\20260803\NASH_datasource_fromDrTsui_171\fast_035\2\1\20\1.png,475,735,349125,31.80121732903688,31.81983530254207,0.0,0.0,68.19878267096313,68.18016469745794,349125,59.114609380594345,51.99026555542634,0.0,239.0,0.0,0.0,0.0,0.0,59.0,97.0,130.0,150.0,186.0,97.0,239.0,5.88096240592736,1.1370322645798532,0.8794825187915946,1.2928423706955892,51.99026555542634,1.0,0.4227436660991515,-0.7282966285153081,238034,86.70233664098406,39.65630939354909,6.0,239.0,16.0,28.0,38.0,58.0,82.0,112.0,141.0,160.0,192.0,54.0,233.0,7.298325096862813,2.1863440639558847,0.457384551903802,4.780100365995135,39.65630939354909,0.7021276595744681,0.5192133562106952,-0.0437560789730344,0.0446357950568199,0.0456092692911624,966.9747314453124,64.38703155517578,184.95388793945312,8474.1806640625,340.3572082519531,20.47119140625,2.9651594161987305,20.15009117126465,0.040924284607172,0.019533809274435,6.0464442282087285,1.5315012563968262,0.5507393709026247,0.0768056178266424,0.2766169358426883,0.9147149772812998
171,1,2.0,20,171/2/1/20,2/1/20,2.png,C:\Users\u1021\Downloads\20260803\NASH_datasource_fromDrTsui_171\fast_035\2\1\20\2.png,475,735,349125,31.80121732903688,31.815825277479416,0.0,0.0,68.19878267096313,68.18417472252058,349125,58.20359470103831,51.0862731319242,0.0,240.0,0.0,0.0,0.0,0.0,59.0,95.0,128.0,147.0,183.0,95.0,240.0,5.86022274477875,1.1393196475838918,0.8777168041652391,1.2980492593706832,51.0862731319242,1.0,0.4205480193194704,-0.7184003094950788,238048,85.36141030380428,38.85105767151964,6.0,240.0,16.0,28.0,38.0,57.0,81.0,110.0,139.0,157.0,189.0,53.0,234.0,7.268243930843516,2.1971450822657976,0.4551360800301606,4.827446512524779,38.85105767151964,0.6972972972972973,0.5324157919444834,-0.0056836510883693,0.044123500585556,0.0453206114470958,941.06640625,63.648048400878906,182.2141571044922,8324.94921875,338.5610046386719,19.7509765625,1.4825797080993652,39.68245315551758,0.0411087274551391,0.0200357027351856,5.936775085464094,1.5169563830456034,0.5522636127122506,0.0769748500063217,0.2769231012136298,0.9129448646442806
171,1,2.0,20,171/2/1/20,2/1/20,3.png,C:\Users\u1021\Downloads\20260803\NASH_datasource_fromDrTsui_171\fast_035\2\1\20\3.png,475,735,349125,31.80121732903688,31.8155388471178,0.0,0.0,68.19878267096313,68.1844611528822,349125,60.1301768707483,52.30785676073685,0.0,240.0,0.0,0.0,0.0,0.0,61.0,98.0,131.0,150.0,186.0,98.0,240.0,5.875082411190211,1.1495438848850523,0.869910242791639,1.3214511432766194,52.30785676073685,1.0,0.3816789558525723,-0.778363202824786,238049,88.18656663123978,39.225808991251206,6.0,240.0,16.0,30.0,40.0,60.0,84.0,113.0,142.0,160.0,192.0,53.0,234.0,7.290110960793238,2.248177128760012,0.444804809731141,5.054300402279609,39.225808991251206,0.6842105263157895,0.4963526556306823,-0.0244438057158218,0.0445026345551013,0.0454821288585662,966.51953125,64.1949462890625,182.3490753173828,8425.3837890625,340.09002685546875,20.574951171875,2.9651594161987305,20.494709014892575,0.0406990610063076,0.0197492055594921,6.03662358331293,1.532853207644244,0.549841265007207,0.0770383209799542,0.2770349733719309,0.915726650514758
171,1,2.0,21,171/2/1/21,2/1/21,1.png,C:\Users\u1021\Downloads\20260803\NASH_datasource_fromDrTsui_171\fast_035\2\1\21\1.png,475,735,349125,31.80264948084497,38.278267096312206,0.0,0.0,68.19735051915504,61.72173290368779,349125,50.87345220193341,54.94896434977401,0.0,241.0,0.0,0.0,0.0,0.0,27.0,96.0,131.0,151.0,183.0,96.0,241.0,5.808886170484558,0.9258309561232456,1.0801107841406865,0.8571629593160829,54.94896434977401,1.0,0.6704461417603739,-0.8040534933046848,215486,82.00068681956137,48.571648551509774,6.0,241.0,6.0,7.0,9.0,45.0,85.0,116.0,145.0,161.0,191.0,71.0,235.0,7.255316384589209,1.6882417884704986,0.5923322161726449,2.850160336338068,48.571648551509774,0.9166666666666666,0.0732334460548142,-0.7040061599243987,0.039119217544794,0.0477146357297897,875.0482177734375,56.42938232421875,185.9475555419922,7921.603515625,328.8358154296875,15.73486328125,0.0,,0.0323986858129501,0.0154939033091068,5.691903074337904,1.3398450505645851,0.6250022886329605,0.1617624852020822,0.4018866187037519,0.9328597996573066
171,1,2.0,21,171/2/1/21,2/1/21,2.png,C:\Users\u1021\Downloads\20260803\NASH_datasource_fromDrTsui_171\fast_035\2\1\21\2.png,475,735,349125,31.80207662012173,39.556319369853206,0.0,0.0,68.19792337987826,60.4436806301468,349125,49.66521732903688,53.71744930871,0.0,241.0,0.0,0.0,0.0,0.0,26.0,95.0,128.0,146.0,178.0,95.0,241.0,5.76668350469242,0.9245639539512523,1.0815909442785014,0.8548185049459733,53.71744930871,1.0,0.6594217654540451,-0.8305973246431848,211024,81.65804363484722,46.74039958336464,6.0,241.0,6.0,7.0,9.0,47.0,85.0,114.0,141.0,157.0,187.0,67.0,235.0,7.229670970365592,1.747054889618661,0.5723918612644593,3.0522007873404724,46.74039958336464,0.9146341463414634,0.0331919864938884,-0.648129108212125,0.0381933078169822,0.0470392331480979,847.031005859375,55.0937614440918,182.9644775390625,7639.486328125,320.0745849609375,15.8935546875,0.0,,0.0327142216265201,0.0159863140434026,5.517970096470968,1.309049127274293,0.6311455545382374,0.1697869346608325,0.4117671901151742,0.9316389374454818
171,1,2.0,21,171/2/1/21,2/1/21,3.png,C:\Users\u1021\Downloads\20260803\NASH_datasource_fromDrTsui_171\fast_035\2\1\21\3.png,475,735,349125,31.80236305048335,39.83472968134622,0.0,0.0,68.19763694951665,60.165270318653775,349125,48.99858503401361,54.18067419226538,0.0,239.0,0.0,0.0,0.0,0.0,18.0,94.0,129.0,148.0,179.0,94.0,239.0,5.756078574116607,0.9043553954337552,1.1057599756126528,0.8178586812501436,54.18067419226538,1.0,0.7035158330208388,-0.7941151088184988,210052,80.91047930988518,48.17510357522213,6.0,239.0,6.0,7.0,8.0,44.0,84.0,115.0,143.0,159.0,187.0,71.0,233.0,7.221662849103584,1.679508154737,0.5954124111749808,2.820747641828083,48.17510357522213,0.9156626506024096,0.0508357482947803,-0.7621428694372399,0.0377341508865356,0.0471040047705173,820.6243896484375,54.43143081665039,181.6397247314453,7579.6328125,321.9285583496094,15.277099609375,0.0,,0.0310424771159887,0.0151025019586086,5.482544190889911,1.2921028493370064,0.6373031541450578,0.1755545247009942,0.4187085078402812,0.9336364763187328
171,1,2.0,3,171/2/1/3,2/1/3,1.png,C:\Users\u1021\Downloads\20260803\NASH_datasource_fromDrTsui_171\fast_035\2\1\3\1.png,475,735,349125,31.801503759398496,34.30261367704976,0.0,0.0,68.1984962406015,65.69738632295024,349125,57.190315789473686,54.71640862166566,0.0,241.0,0.0,0.0,0.0,0.0,55.0,104.0,131.0,147.0,181.0,104.0,241.0,5.890014358658348,1.0452132592420995,0.956742551013097,1.0924707572954928,54.71640862166566,1.0,0.3938166892516145,-1.1225482664163773,229366,86.893297175693,44.546975356533245,6.0,241.0,6.0,8.0,14.0,57.0,91.0,118.0,141.0,156.0,188.0,61.0,235.0,7.289575067349122,1.9505992602245048,0.512662964859786,3.8048374739883855,44.546975356533245,0.902439024390244,-0.0973646304424968,-0.4926274627318432,0.0431801974773407,0.0479173809289932,956.84521484375,62.28733825683594,189.25564575195312,8657.384765625,363.2123107910156,18.792724609375,1.4825797080993652,38.98777770996094,0.0361362844705581,0.017699722200632,6.21768474738337,1.4806385535930344,0.5815451050416712,0.1079717389617256,0.3281838565139815,0.9235387287206004
171,1,2.0,3,171/2/1/3,2/1/3,2.png,C:\Users\u1021\Downloads\20260803\NASH_datasource_fromDrTsui_171\fast_035\2\1\3\2.png,475,735,349125,31.80121732903688,33.94314357321876,0.0,0.0,68.19878267096313,66.05685642678124,349125,58.20923737916219,54.8316288623034,0.0,241.0,0.0,0.0,0.0,0.0,57.0,104.0,133.0,149.0,180.0,104.0,241.0,5.91442090291662,1.0615996385104818,0.941974699052355,1.1269937924855855,54.8316288623034,1.0,0.3758283689658424,-1.1211136801189467,230621,87.98595097584348,44.03039724508085,6.0,241.0,6.0,9.0,19.0,59.0,91.0,119.0,143.0,158.0,187.0,60.0,235.0,7.322205118587283,1.998300185349189,0.5004253151411568,3.9932036307666032,44.03039724508085,0.8922155688622755,-0.0668708090809533,-0.4762055129788569,0.0439981669187545,0.0483818650245666,957.1004638671876,63.467262268066406,192.49957275390625,8898.83984375,360.2705383300781,18.1884765625,1.4825797080993652,39.68381118774414,0.0351188741624355,0.0172226652503013,6.394268257880448,1.5117300222124028,0.5754898242528326,0.1033193274993357,0.3210101644482934,0.921672355690804
171,1,2.0,3,171/2/1/3,2/1/3,3.png,C:\Users\u1021\Downloads\20260803\NASH_datasource_fromDrTsui_171\fast_035\2\1\3\3.png,475,735,349125,31.80179018976012,34.36648764769066,0.0,0.0,68.19820981023989,65.63351235230934,349125,55.59214607948442,52.59175587355277,0.0,236.0,0.0,0.0,0.0,0.0,54.0,99.0,127.0,144.0,175.0,99.0,236.0,5.889937581922647,1.0570505805728476,0.9460285234960752,1.117355929889394,52.59175587355277,1.0,0.4099319819074432,-1.046313679227997,229143,84.54119916384091,42.13011615792532,6.0,236.0,6.0,9.0,22.0,56.0,86.0,114.0,138.0,152.0,182.0,58.0,230.0,7.288392484679613,2.0066690261887024,0.4983382844650348,4.026720580665116,42.13011615792532,0.8881987577639752,0.0138327612768712,-0.4221124154028093,0.0422875694930553,0.0459637716412544,917.234375,60.99972534179688,184.2758331298828,8117.0068359375,332.8174743652344,18.621826171875,1.4825797080993652,37.9017219543457,0.0364178568124771,0.0180890094488859,5.865521815234174,1.458960461219556,0.5802718608763479,0.1083986554823695,0.3288281605161563,0.9214389342919952
171,0,3.0,23,171/3/0/23,3/0/23,1.png,C:\Users\u1021\Downloads\20260803\NASH_datasource_fromDrTsui_171\fast_035\3\0\23\1.png,475,735,349125,31.80121732903688,31.87196562835661,0.0,0.0,68.19878267096313,68.1280343716434,349125,47.77177228786251,44.60983336166343,0.0,236.0,0.0,0.0,0.0,0.0,44.0,79.0,108.0,128.0,170.0,79.0,236.0,5.776013846336393,1.0708798641000166,0.9338115632983864,1.1467836833348697,44.60983336166343,1.0,0.6790131357619419,-0.1529703788111658,237852,70.11608058792862,36.80386846421238,6.0,236.0,11.0,19.0,26.0,42.0,66.0,92.0,119.0,139.0,178.0,50.0,230.0,7.140458256934178,1.9051280072938157,0.5248991123806289,3.629512724175304,36.80386846421238,0.759493670886076,0.7522558833712879,0.5188552584264139,0.0405188873410224,0.0419556312263011,790.24072265625,58.44840621948242,169.90789794921875,7078.99609375,272.8844909667969,17.974853515625,1.4825797080993652,32.56813049316406,0.0454900786280632,0.0222383793443441,5.083236404365817,1.3883588010479422,0.5746539794915547,0.0788839056743906,0.2803254640526535,0.9016784759413696
171,0,3.0,23,171/3/0/23,3/0/23,2.png,C:\Users\u1021\Downloads\20260803\NASH_datasource_fromDrTsui_171\fast_035\3\0\23\2.png,475,735,349125,31.80121732903688,31.83071965628357,0.0,0.0,68.19878267096313,68.16928034371644,349125,54.41965198711063,48.70526239181053,0.0,242.0,0.0,0.0,0.0,0.0,53.0,91.0,119.0,137.0,178.0,91.0,242.0,5.836495045271209,1.117325917461045,0.8949940070058963,1.248417205830166,48.70526239181053,1.0,0.4803270919467123,-0.6000494129009941,237996,79.8282954335367,38.100330885533886,6.0,242.0,13.0,23.0,32.0,51.0,77.0,104.0,129.0,147.0,186.0,53.0,236.0,7.232158982908347,2.0952126550650583,0.477278522341184,4.389916069944771,38.100330885533886,0.7294117647058823,0.5350308536294791,0.165251658293549,0.0423667766153812,0.0441326461732387,894.82421875,61.11398315429688,175.84567260742188,7787.6728515625,302.7978820800781,19.488525390625,1.4825797080993652,37.100379943847656,0.0408677458763122,0.0210990030318498,5.66943759783397,1.4621357590381243,0.5625245212313271,0.0780643482881195,0.2788711821670653,0.9082009212768696
171,0,3.0,23,171/3/0/23,3/0/23,3.png,C:\Users\u1021\Downloads\20260803\NASH_datasource_fromDrTsui_171\fast_035\3\0\23\3.png,475,735,349125,31.80121732903688,31.82155388471178,0.0,0.0,68.19878267096313,68.17844611528821,349125,57.77227640529896,50.48283990051032,0.0,239.0,0.0,0.0,0.0,0.0,58.0,96.0,124.0,141.0,180.0,96.0,239.0,5.848597359774908,1.144394343090729,0.8738246619598317,1.3096384124980616,50.48283990051032,1.0,0.3783279408135112,-0.7860112535239079,238028,84.73555632110508,38.122578960124905,6.0,239.0,15.0,27.0,36.0,56.0,83.0,110.0,134.0,151.0,187.0,54.0,233.0,7.250692934776664,2.2227131173296533,0.4499006156950162,4.940453601949305,38.122578960124905,0.6966292134831461,0.4370697158043774,0.0361827849997555,0.0440131202340126,0.0459759682416915,947.1124267578124,63.48883056640625,182.91116333007807,8429.2041015625,331.4425964355469,18.817138671875,1.4825797080993652,39.3857536315918,0.0417169481515884,0.0208357144147157,6.069935798733254,1.5190815911329587,0.553888570153903,0.0773875307696703,0.2776628900251229,0.9084093472601876
171,0,3.0,39,171/3/0/39,3/0/39,1.png,C:\Users\u1021\Downloads\20260803\NASH_datasource_fromDrTsui_171\fast_035\3\0\39\1.png,475,735,349125,31.801503759398496,37.43845327604726,0.0,0.0,68.1984962406015,62.561546723952745,349125,43.33681632653061,49.06672392637852,0.0,240.0,0.0,0.0,0.0,0.0,16.0,83.0,114.0,131.0,180.0,83.0,240.0,5.721489775092535,0.8832221281281125,1.1322180096635313,0.7800813276151521,49.06672392637852,1.0,0.8924352311510505,-0.1615447817731192,218418,68.90034704099479,45.84090599901221,6.0,240.0,6.0,7.0,8.0,27.0,70.0,101.0,126.0,145.0,191.0,74.0,234.0,7.093087162014113,1.5030319654345283,0.6653218447758685,2.259105089117982,45.84090599901221,0.9078947368421052,0.388974057547315,-0.3293899590688891,0.0338289961218833,0.0422856472432613,687.7188720703125,48.798248291015625,160.44656372070312,6101.8974609375,248.5286407470703,14.58740234375,0.0,,0.0308739729225635,0.0153794726356863,4.499902557754537,1.1768148793543989,0.6462602293444645,0.1579308442192052,0.3970869874121012,0.9332503525200396
171,0,3.0,39,171/3/0/39,3/0/39,2.png,C:\Users\u1021\Downloads\20260803\NASH_datasource_fromDrTsui_171\fast_035\3\0\39\2.png,475,735,349125,31.80121732903688,33.3969208736126,0.0,0.0,68.19878267096313,66.6030791263874,349125,55.404101682778375,52.401603890540926,0.0,239.0,0.0,0.0,0.0,0.0,52.0,97.0,126.0,145.0,183.0,97.0,239.0,5.932305514833895,1.0572978223817198,0.94580730124588,1.1178786852131266,52.401603890540926,1.0,0.4907423728227734,-0.8051453312541317,232528,83.08632508773137,42.75363631599088,6.0,239.0,6.0,11.0,24.0,52.0,84.0,112.0,137.0,155.0,191.0,60.0,233.0,7.346155928522681,1.9433744646570592,0.5145688688342762,3.776704309881111,42.75363631599088,0.8674698795180723,0.2232137991303686,-0.2284473740028252,0.040440484881401,0.0441152043640613,890.9285888671875,58.33531188964844,171.2220458984375,7452.5595703125,290.2581787109375,17.3095703125,1.4825797080993652,37.77286529541016,0.0356698669493198,0.0176843777298927,5.399747302316857,1.4005085685066836,0.5826811762316364,0.097440552504489,0.311715157237795,0.9269054083583764
171,0,3.0,39,171/3/0/39,3/0/39,3.png,C:\Users\u1021\Downloads\20260803\NASH_datasource_fromDrTsui_171\fast_035\3\0\39\3.png,475,735,349125,31.80121732903688,33.435875402792696,0.0,0.0,68.19878267096313,66.56412459720731,349125,54.71461224489796,51.84681325500412,0.0,240.0,0.0,0.0,0.0,0.0,51.0,96.0,125.0,143.0,182.0,96.0,240.0,5.9238247938595885,1.0553129268676325,0.9475862320460609,1.1136853736139292,51.84681325500412,1.0,0.5029938584125158,-0.7692194852563636,232392,82.09710317050501,42.37247721380378,6.0,240.0,6.0,11.0,23.0,52.0,82.0,110.0,136.0,153.0,191.0,58.0,234.0,7.333192481306727,1.937510114319208,0.5161263379269505,3.7539454430892314,42.37247721380378,0.8658536585365854,0.2462210181991274,-0.1825932933545568,0.0410168766975402,0.0441695638000965,884.886962890625,59.16675567626953,172.6059112548828,7560.24169921875,294.1840209960937,18.865966796875,1.4825797080993652,37.30140686035156,0.037232682108879,0.0181156750768423,5.420933505798956,1.4101794523964213,0.5809464721345187,0.0982374597457097,0.312980603451568,0.9248386368271472
171,0,3.0,43,171/3/0/43,3/0/43,1.png,C:\Users\u1021\Downloads\20260803\NASH_datasource_fromDrTsui_171\fast_035\3\0\43\1.png,475,735,349125,31.80121732903688,32.824346580737554,0.0,0.0,68.19878267096313,67.17565341926243,349125,58.86124167561761,53.25066199102682,0.0,242.0,0.0,0.0,0.0,0.0,60.0,104.0,131.0,145.0,170.0,104.0,242.0,5.891074831856757,1.1053616889408102,0.9046812550181916,1.2218244633780804,53.25066199102682,1.0,0.2758597995820465,-1.236160789758946,234527,87.55882691545109,41.37610471109304,6.0,242.0,7.0,11.0,25.0,60.0,91.0,117.0,139.0,151.0,176.0,57.0,236.0,7.286377351912272,2.11616892230013,0.4725520677777787,4.478170907708893,41.37610471109304,0.8641975308641975,-0.1409361115768839,-0.5084531610092169,0.0427164807915687,0.0454295612871646,957.072021484375,61.61842727661133,170.20310974121094,8091.279296875,336.4073181152344,18.634033203125,1.4825797080993652,40.12735748291016,0.0377637520432472,0.0184934865683317,5.875280134169304,1.4770438838190847,0.567074300451329,0.086733823839168,0.2940518748519391,0.9218926951458716
171,0,3.0,43,171/3/0/43,3/0/43,2.png,C:\Users\u1021\Downloads\20260803\NASH_datasource_fromDrTsui_171\fast_035\3\0\43\2.png,475,735,349125,31.80121732903688,32.80859291084855,0.0,0.0,68.19878267096313,67.19140708915144,349125,58.8693619763695,53.27280494932671,0.0,238.0,0.0,0.0,0.0,0.0,61.0,104.0,130.0,144.0,170.0,104.0,238.0,5.886528380850789,1.1050546715602128,0.904932602645001,1.2211458271370497,53.27280494932671,1.0,0.2713603304389107,-1.2425723477026445,234582,87.55074558150241,41.4262181558094,6.0,238.0,7.0,11.0,24.0,60.0,91.0,117.0,139.0,151.0,175.0,57.0,232.0,7.280443425221179,2.1134139074006866,0.4731680796166957,4.466518343994638,41.4262181558094,0.8641975308641975,-0.1574403623825278,-0.4923984150083518,0.0424726828932762,0.0453014522790908,943.7095947265624,61.26675033569336,171.49513244628906,8023.8779296875,331.6706237792969,18.90869140625,1.4825797080993652,40.13118362426758,0.0369959585368633,0.0179937090724706,5.769711758663831,1.463382477931429,0.5686737811397681,0.0868895239227764,0.294313003381197,0.9235081216680316
171,0,3.0,43,171/3/0/43,3/0/43,3.png,C:\Users\u1021\Downloads\20260803\NASH_datasource_fromDrTsui_171\fast_035\3\0\43\3.png,475,735,349125,31.801503759398496,32.815180809165774,0.0,0.0,68.1984962406015,67.18481919083423,349125,59.97204153240244,53.768991288622026,0.0,239.0,0.0,0.0,0.0,0.0,63.0,106.0,131.0,146.0,171.0,106.0,239.0,5.888977028125242,1.1153648245042125,0.8965676324287052,1.2440386917413129,53.768991288622026,1.0,0.242256381608855,-1.2762123240119272,234559,89.20098141618953,41.22472378739367,6.0,239.0,7.0,11.0,26.0,62.0,93.0,119.0,140.0,153.0,176.0,57.0,233.0,7.283240108222863,2.163773901220577,0.4621554957456061,4.681917495603316,41.22472378739367,0.8658536585365854,-0.1887008559096681,-0.4791926251410214,0.0437889173626899,0.0470015667378902,996.261474609375,63.16541290283203,176.82589721679688,8586.6630859375,346.5417175292969,19.22607421875,1.4825797080993652,40.88579940795898,0.0385432392358779,0.0187511555850505,6.241901169683437,1.518365451242733,0.5613449970504806,0.088272327370966,0.2966546684203267,0.918670384530996
171,0,3.0,46,171/3/0/46,3/0/46,1.png,C:\Users\u1021\Downloads\20260803\NASH_datasource_fromDrTsui_171\fast_035\3\0\46\1.png,475,735,349125,31.80121732903688,32.8890798424633,0.0,0.0,68.19878267096313,67.1109201575367,349125,61.91264733261725,55.64018929920036,0.0,240.0,0.0,0.0,0.0,0.0,62.0,106.0,138.0,155.0,187.0,106.0,240.0,5.976194132415713,1.1127325070676393,0.8986885829688566,1.238173632285034,55.64018929920036,1.0,0.3498822448706703,-1.027185545582258,234301,92.18917973034686,42.726882791881,6.0,240.0,7.0,21.0,36.0,61.0,92.0,121.0,148.0,164.0,193.0,60.0,234.0,7.41037621921736,2.157638791001733,0.463469605835056,4.655405152435421,42.726882791881,0.772972972972973,0.1517857043131654,-0.3853431381390937,0.0459334403276443,0.0472561679780483,1011.689453125,66.2588882446289,192.06216430664065,9036.9697265625,341.9639892578125,20.037841796875,1.4825797080993652,42.20869827270508,0.0374116338789463,0.0178064536303281,6.422218142115502,1.5733338676602326,0.5519739936841845,0.0869458538846465,0.2943673244143335,0.9224476964334823
171,0,3.0,46,171/3/0/46,3/0/46,2.png,C:\Users\u1021\Downloads\20260803\NASH_datasource_fromDrTsui_171\fast_035\3\0\46\2.png,475,735,349125,31.80121732903688,32.89767275331185,0.0,0.0,68.19878267096313,67.10232724668815,349125,61.842477622628,55.71298984565464,0.0,238.0,0.0,0.0,0.0,0.0,62.0,106.0,138.0,156.0,187.0,106.0,238.0,5.980284122698478,1.1100190062309396,0.9008854752816275,1.232142194193923,55.71298984565464,1.0,0.3581461056226701,-1.017732198267815,234271,92.09551331577532,42.93372616785991,6.0,238.0,7.0,21.0,35.0,61.0,91.0,122.0,149.0,164.0,194.0,61.0,232.0,7.416773519078708,2.145062204843469,0.4661869468130285,4.601291862647925,42.93372616785991,0.772972972972973,0.1587197499636194,-0.3905914530844301,0.0460131391882896,0.0473161414265632,1026.2894287109375,66.37385559082031,190.18174743652344,9064.0185546875,345.7315979003906,19.598388671875,1.4825797080993652,42.16127014160156,0.038460899144411,0.018009141087532,6.419553397877387,1.5722334275590757,0.5519109665782257,0.0874246914785106,0.2951849169960516,0.9226666088494918
171,0,3.0,46,171/3/0/46,3/0/46,3.png,C:\Users\u1021\Downloads\20260803\NASH_datasource_fromDrTsui_171\fast_035\3\0\46\3.png,475,735,349125,31.80207662012173,35.13984962406015,0.0,0.0,68.19792337987826,64.86015037593985,349125,61.208,58.14905142611743,0.0,233.0,0.0,0.0,0.0,0.0,57.0,110.0,142.0,159.0,188.0,110.0,233.0,5.986192629031216,1.05260530479623,0.9500237130132896,1.1079779276851645,58.14905142611743,1.0,0.3894488964511063,-1.1509427721617371,226443,94.16757859593804,46.05441054025488,6.0,233.0,6.0,11.0,27.0,61.0,97.0,127.0,153.0,168.0,194.0,66.0,227.0,7.442875283040277,2.0447027220906198,0.4890686500272977,4.180809221724788,46.05441054025488,0.8770949720670391,-0.0547499790219266,-0.5865573381224642,0.0447064787149429,0.0491015650331974,1020.1578369140624,64.48899841308594,198.2109832763672,9175.5634765625,350.19110107421875,17.791748046875,1.4825797080993652,41.72871780395508,0.0357479378581047,0.0166628770530223,6.538908325303479,1.5319297144674335,0.574314943888202,0.1087356109077007,0.3293392565243667,0.9292920321620391
171,0,3.0,71,171/3/0/71,3/0/71,1.png,C:\Users\u1021\Downloads\20260803\NASH_datasource_fromDrTsui_171\fast_035\3\0\71\1.png,475,735,349125,31.801503759398496,33.7655567490154,0.0,0.0,68.1984962406015,66.23444325098461,349125,45.6789201575367,48.02122334575677,0.0,234.0,0.0,0.0,0.0,0.0,37.0,75.0,112.0,143.0,186.0,75.0,234.0,5.86706050890664,0.9512235835527284,1.0512775516615098,0.9048263059068948,48.02122334575677,1.0,0.9941555061332134,0.4241647785361397,231241,68.84148572268758,43.49947859275734,6.0,234.0,6.0,9.0,15.0,38.0,62.0,91.0,131.0,158.0,192.0,53.0,228.0,7.250513072798477,1.5825818595938224,0.6318788465429871,2.504565342315441,43.49947859275734,0.8922155688622755,0.8527247450120503,0.4720401111457577,0.0359904505312442,0.041528508067131,659.4715576171875,51.91614532470703,166.34780883789062,6283.869140625,253.91331481933597,14.9169921875,1.4825797080993652,31.14008903503418,0.0323231741786003,0.0152407186105847,4.560309064403879,1.2381680154681327,0.6150890411313409,0.1007345514621254,0.3169447009211096,0.9277409973842636
171,0,3.0,71,171/3/0/71,3/0/71,2.png,C:\Users\u1021\Downloads\20260803\NASH_datasource_fromDrTsui_171\fast_035\3\0\71\2.png,475,735,349125,31.80121732903688,33.809094163981385,0.0,0.0,68.19878267096313,66.19090583601862,349125,46.14745721446474,48.67303657154103,0.0,240.0,0.0,0.0,0.0,0.0,37.0,76.0,113.0,145.0,188.0,76.0,240.0,5.876760009290057,0.948111325387227,1.054728461967882,0.898915085327524,48.67303657154103,1.0,0.9802212607654928,0.3670733486333404,231089,69.59158159843177,44.19201005915525,6.0,240.0,6.0,9.0,14.0,38.0,64.0,93.0,132.0,160.0,194.0,55.0,234.0,7.265778105867408,1.5747548370231803,0.6350194814389891,2.479852796727904,44.19201005915525,0.893491124260355,0.8108692770702502,0.4011808019946241,0.0362023785710334,0.0426412746310234,691.9600830078125,52.22185134887695,168.36859130859375,6510.5947265625,263.2758483886719,15.643310546875,1.4825797080993652,31.45844268798828,0.0327033326029777,0.01588074862957,4.715127627842265,1.2504211760261927,0.614921421096193,0.1008350380158298,0.317110924921487,0.9271851688886208
171,0,3.0,71,171/3/0/71,3/0/71,3.png,C:\Users\u1021\Downloads\20260803\NASH_datasource_fromDrTsui_171\fast_035\3\0\71\3.png,475,735,349125,31.80121732903688,34.416040100250626,0.0,0.0,68.19878267096313,65.58395989974937,349125,45.86404010025063,49.77961793050825,0.0,238.0,0.0,0.0,0.0,0.0,30.0,81.0,115.0,142.0,188.0,81.0,238.0,5.862316039335555,0.9213417460189484,1.085373591635165,0.8488706129572444,49.77961793050825,1.0,0.9371987756481682,0.1089376651433813,228970,69.7642398567498,46.02115365109293,6.0,238.0,6.0,8.0,10.0,32.0,67.0,97.0,131.0,158.0,195.0,65.0,232.0,7.250852774465144,1.5159167974289365,0.6596668113289894,2.2980037367272024,46.02115365109293,0.9036144578313252,0.6199945056515798,0.0051309515207575,0.0354994386434555,0.0437168665230274,694.1712646484375,51.20786285400391,171.930419921875,6598.99609375,268.24517822265625,15.1123046875,1.4825797080993652,31.265857696533203,0.0304432176053524,0.0143885128200054,4.83213386621008,1.2351964987082371,0.6269057975002382,0.1060582996036994,0.3252233629237257,0.9294223686440884
171,0,3.0,76,171/3/0/76,3/0/76,1.png,C:\Users\u1021\Downloads\20260803\NASH_datasource_fromDrTsui_171\fast_035\3\0\76\1.png,475,735,349125,31.801503759398496,36.400143215180805,0.0,0.0,68.1984962406015,63.59985678481919,349125,44.50439240959542,49.32598264919412,0.0,240.0,0.0,0.0,0.0,0.0,19.0,85.0,117.0,135.0,170.0,85.0,240.0,5.7555075739744,0.902250498000419,1.108339648707554,0.8140559611420042,49.32598264919412,1.0,0.7984265874967881,-0.5086350229748438,222043,69.67537368888009,45.64884334326128,6.0,240.0,6.0,7.0,8.0,27.0,71.0,103.0,129.0,146.0,178.0,76.0,234.0,7.121882461406679,1.526333825480501,0.6551646719125763,2.3296949468059407,45.64884334326128,0.9084967320261438,0.2753654415802664,-0.6798194777155855,0.035955011844635,0.0449153706431388,743.5263671875,51.865020751953125,174.15615844726562,6887.76611328125,282.7538452148437,15.386962890625,0.0,,0.0347283147275447,0.0168226547539234,4.988331333897999,1.2422854874762117,0.6338575031502529,0.1399633522480809,0.3737651855064589,0.92617106602387
171,0,3.0,76,171/3/0/76,3/0/76,2.png,C:\Users\u1021\Downloads\20260803\NASH_datasource_fromDrTsui_171\fast_035\3\0\76\2.png,475,735,349125,31.80179018976012,35.8312925170068,0.0,0.0,68.19820981023989,64.1687074829932,349125,39.49575653419262,43.80986144459538,0.0,238.0,0.0,0.0,0.0,0.0,26.0,68.0,98.0,124.0,175.0,68.0,238.0,5.735831587997287,0.9015266250988117,1.1092295803137209,0.8127502557620532,43.80986144459538,1.0,1.0939470930558812,0.7337735442790576,224029,61.29281923322427,40.79298582341553,6.0,238.0,6.0,7.0,10.0,30.0,57.0,84.0,114.0,143.0,183.0,54.0,232.0,7.075470794528411,1.5025332908590785,0.665542657912256,2.2576062901398126,40.79298582341553,0.9066666666666666,0.8470759115595359,0.6641632589143129,0.033602625131607,0.039992406964302,631.07666015625,48.471717834472656,156.26260375976562,5677.5234375,234.39862060546875,15.185546875,0.0,,0.0370262488722801,0.0184955932199955,4.137153031705314,1.1546175752172587,0.6374122963019364,0.1327540590406933,0.3639822678724542,0.9213311231788948
171,0,3.0,76,171/3/0/76,3/0/76,3.png,C:\Users\u1021\Downloads\20260803\NASH_datasource_fromDrTsui_171\fast_035\3\0\76\3.png,475,735,349125,31.80121732903688,35.0109559613319,0.0,0.0,68.19878267096313,64.9890440386681,349125,41.86719656283566,45.65180923638568,0.0,239.0,0.0,0.0,0.0,0.0,28.0,73.0,104.0,129.0,179.0,73.0,239.0,5.777238103174655,0.9170982982524692,1.090395655411748,0.8410692886575751,45.65180923638568,1.0,1.0138350327492631,0.4693801880362573,226893,64.2156170529721,42.18347685137997,6.0,239.0,6.0,7.0,10.0,31.0,61.0,88.0,118.0,146.0,187.0,57.0,233.0,7.128541149031953,1.5222931310099297,0.6569037064080907,2.3173763767200146,42.18347685137997,0.9084967320261438,0.7529279136478417,0.457909629794893,0.0342987701296806,0.0405681282281875,678.390869140625,49.47589874267578,157.0003204345703,5872.388671875,243.4133758544922,15.36865234375,0.0,,0.0354309193789958,0.0181365273892879,4.342993188842214,1.1950100389422575,0.62741505035405,0.1186156801790782,0.3439917273934832,0.9240728560951812
171,1,3.0,10,171/3/1/10,3/1/10,1.png,C:\Users\u1021\Downloads\20260803\NASH_datasource_fromDrTsui_171\fast_035\3\1\10\1.png,475,735,349125,31.80121732903688,33.34078052273541,0.0,0.0,68.19878267096313,66.65921947726459,349125,45.43722448979592,46.746392542076485,0.0,239.0,0.0,0.0,0.0,0.0,37.0,78.0,109.0,130.0,182.0,78.0,239.0,5.84195577890035,0.9719942442381584,1.0288126765439771,0.9447728108321088,46.746392542076485,1.0,0.8758281539619529,0.179464724638378,232724,68.06564428249773,41.73724221984089,6.0,239.0,6.0,9.0,13.0,37.0,65.0,93.0,121.0,145.0,190.0,56.0,233.0,7.212458669731441,1.6308131697819974,0.6131910255137792,2.6595515947344057,41.73724221984089,0.8831168831168831,0.6979200830781953,0.4500077872907964,0.0358112566173076,0.0406501032412052,708.399658203125,51.657657623291016,154.31361389160156,6106.8916015625,242.7122344970703,15.85693359375,1.4825797080993652,30.978626251220703,0.0354148186743259,0.0173350237309932,4.456681316629921,1.2392607544288594,0.6104248302370653,0.0941909041822297,0.3064644238974833,0.9243948799827688
171,1,3.0,10,171/3/1/10,3/1/10,2.png,C:\Users\u1021\Downloads\20260803\NASH_datasource_fromDrTsui_171\fast_035\3\1\10\2.png,475,735,349125,31.80179018976012,33.39634801288936,0.0,0.0,68.19820981023989,66.60365198711064,349125,44.60932617257429,46.0933024853235,0.0,240.0,0.0,0.0,0.0,0.0,35.0,76.0,107.0,130.0,181.0,76.0,240.0,5.835604003868273,0.9678049470805066,1.0332660553313076,0.9366464155935024,46.0933024853235,1.0,0.9108489120989548,0.2808397839501868,232530,66.87655356298112,41.2892087496354,6.0,240.0,6.0,9.0,14.0,35.0,63.0,91.0,120.0,145.0,189.0,56.0,234.0,7.202411065316941,1.6197102242500994,0.6173943863711698,2.6234612105403072,41.2892087496354,0.8831168831168831,0.752504930427516,0.5249773760675085,0.0358303450047969,0.0403100922703743,700.63427734375,51.68518829345703,152.02293395996094,6052.4580078125,238.0872344970703,16.119384765625,1.4825797080993652,30.413551330566406,0.0365091785788536,0.0181367006152868,4.4149787881346905,1.2366335430863973,0.6105031250913119,0.0957988318602452,0.309074670108478,0.9227817618084452
171,1,3.0,10,171/3/1/10,3/1/10,3.png,C:\Users\u1021\Downloads\20260803\NASH_datasource_fromDrTsui_171\fast_035\3\1\10\3.png,475,735,349125,31.80121732903688,33.99957035445757,0.0,0.0,68.19878267096313,66.00042964554243,349125,41.02290870032223,42.94884540882568,0.0,237.0,0.0,0.0,0.0,0.0,33.0,69.0,99.0,121.0,173.0,69.0,237.0,5.7653978519587605,0.9551574276288304,1.0469478340156877,0.9123257115545242,42.94884540882568,1.0,1.0039673445795851,0.6231374318573493,230424,62.01836180259001,38.700947166653066,6.0,237.0,6.0,9.0,14.0,33.0,58.0,83.0,112.0,137.0,181.0,50.0,231.0,7.0966221222442805,1.602502428055005,0.6240240154978882,2.5680140319221865,38.700947166653066,0.8767123287671232,0.8946638832185173,0.8965259413842381,0.0339334607124328,0.0382500849664211,629.75634765625,48.94894027709961,146.89144897460938,5440.3525390625,213.9405975341797,15.423583984375,1.4825797080993652,27.96766662597656,0.0378948561847209,0.0186659637838602,3.961995644599075,1.1686203589740591,0.6222003836425395,0.1048504953572698,0.3233593921322867,0.9199485418429576
171,1,3.0,11,171/3/1/11,3/1/11,1.png,C:\Users\u1021\Downloads\20260803\NASH_datasource_fromDrTsui_171\fast_035\3\1\11\1.png,475,735,349125,31.80121732903688,32.2718224131758,0.0,0.0,68.19878267096313,67.7281775868242,349125,50.935203723594704,48.66966683939247,0.0,236.0,0.0,0.0,0.0,0.0,46.0,85.0,117.0,139.0,184.0,85.0,236.0,5.889502835699365,1.046549258117554,0.955521197156756,1.0952653496664022,48.66966683939247,1.0,0.6812614241704548,-0.2575022817991188,236456,75.17656561897351,40.94355021032851,6.0,236.0,8.0,15.0,23.0,45.0,72.0,100.0,129.0,152.0,191.0,55.0,230.0,7.291537509146471,1.836102761797371,0.5446318260646231,3.3712733518799336,40.94355021032851,0.8203592814371258,0.6201592197065622,0.2534285638560574,0.0390259698033332,0.0405104830861091,773.5255126953125,56.29487609863281,161.26869201660156,6583.91259765625,253.37542724609372,17.999267578125,1.4825797080993652,34.72439956665039,0.0367877185344696,0.0178968776017427,4.733909853943155,1.3341831187626123,0.5834727572474533,0.0824584496859467,0.2866428232520426,0.9250619727285212
171,1,3.0,11,171/3/1/11,3/1/11,2.png,C:\Users\u1021\Downloads\20260803\NASH_datasource_fromDrTsui_171\fast_035\3\1\11\2.png,475,735,349125,31.80121732903688,32.472896527031864,0.0,0.0,68.19878267096313,67.52710347296814,349125,48.22701324740422,46.69712237758853,0.0,236.0,0.0,0.0,0.0,0.0,43.0,81.0,111.0,133.0,178.0,81.0,236.0,5.854220750589006,1.032761994570996,0.9682773042160548,1.0665973374302622,46.69712237758853,1.0,0.7282125554703062,-0.1433954671851252,235754,71.37770302942899,39.73174310726753,6.0,236.0,7.0,13.0,21.0,42.0,68.0,95.0,123.0,146.0,185.0,53.0,230.0,7.235060448002807,1.7964906003928365,0.5566408194851291,3.2273784772998138,39.73174310726753,0.8364779874213837,0.6607897924757652,0.3421493619671056,0.0372396782040596,0.0390129573643207,754.98291015625,53.7181510925293,155.97146606445312,6052.6396484375,236.1363525390625,17.05322265625,1.4825797080993652,32.876853942871094,0.0375632941722869,0.0190032832324504,4.4246927544939325,1.2870539571373798,0.5918672829955575,0.0855742274444269,0.2920213086503115,0.923601197506961
171,1,3.0,11,171/3/1/11,3/1/11,3.png,C:\Users\u1021\Downloads\20260803\NASH_datasource_fromDrTsui_171\fast_035\3\1\11\3.png,475,735,349125,31.80121732903688,32.25578231292517,0.0,0.0,68.19878267096313,67.74421768707482,349125,52.17204439670605,49.54855500396759,0.0,236.0,0.0,0.0,0.0,0.0,48.0,88.0,119.0,140.0,186.0,88.0,236.0,5.90291592918846,1.0529478486815285,0.94971465229942,1.1086991720430588,49.54855500396759,1.0,0.6459729051076609,-0.3356083749873129,236512,76.98488871600595,41.41442968049727,6.0,236.0,8.0,15.0,24.0,47.0,74.0,102.0,131.0,153.0,193.0,55.0,230.0,7.3124124958293635,1.858890471507794,0.537955310077454,3.455473785062469,41.41442968049727,0.8214285714285714,0.5694098974757601,0.2167057160224081,0.0390473343431949,0.0403886586427688,818.2645263671875,56.3256950378418,160.09742736816406,6566.875,255.7530975341797,18.00537109375,1.4825797080993652,35.56793594360352,0.0355518199503421,0.0181504804641008,4.826939414066907,1.354012157915782,0.5788934407584141,0.0826356420953054,0.2869411030039898,0.9263414630599472
171,1,3.0,12,171/3/1/12,3/1/12,1.png,C:\Users\u1021\Downloads\20260803\NASH_datasource_fromDrTsui_171\fast_035\3\1\12\1.png,475,735,349125,31.801503759398496,35.607590404582886,0.0,0.0,68.1984962406015,64.3924095954171,349125,53.57272610096671,53.387356456606845,0.0,242.0,0.0,0.0,0.0,0.0,47.0,96.0,129.0,148.0,181.0,96.0,242.0,5.910467563264488,1.0034721637605435,0.996539850445346,1.0069563834422672,53.387356456606845,1.0,0.5628881301817209,-0.8173729533574905,224810,82.96073573239624,44.720574687043566,6.0,242.0,6.0,8.0,16.0,51.0,83.0,113.0,141.0,158.0,189.0,62.0,236.0,7.33812495616813,1.855091002585698,0.5390571128888885,3.441362627874411,44.720574687043566,0.9036144578313252,0.1616328131107037,-0.4244976722939766,0.0422056466341018,0.0496644414961338,912.3365478515624,60.88154602050781,195.4031524658203,8838.974609375,344.52752685546875,17.2119140625,1.4825797080993652,36.52291488647461,0.0356501191854476,0.017500814050436,6.36982687315638,1.448009139330417,0.5943031997242766,0.1199101138844283,0.3458833910620993,0.9181028738869652
171,1,3.0,12,171/3/1/12,3/1/12,2.png,C:\Users\u1021\Downloads\20260803\NASH_datasource_fromDrTsui_171\fast_035\3\1\12\2.png,475,735,349125,31.80207662012173,36.62155388471178,0.0,0.0,68.19792337987826,63.37844611528822,349125,51.8383014679556,52.151900438243885,0.0,239.0,0.0,0.0,0.0,0.0,45.0,93.0,126.0,144.0,176.0,93.0,239.0,5.879140829385545,0.9939868160574584,1.0060495610660032,0.9880097904960436,52.151900438243885,1.0,0.5773973617202031,-0.810271358107868,221270,81.49487503954445,43.45902643064314,6.0,239.0,6.0,8.0,17.0,51.0,81.0,111.0,138.0,155.0,184.0,60.0,233.0,7.309136081398429,1.8752117047445425,0.5332731218933111,3.516418937610933,43.45902643064314,0.901840490797546,0.1631286133218275,-0.4199187215355646,0.0408569276332855,0.0480944104492664,847.348388671875,58.93602752685547,190.51954650878903,8286.49609375,323.16375732421875,17.181396484375,1.4825797080993652,35.34035873413086,0.0349130742251873,0.016996981576085,5.97739391396327,1.3938864771696462,0.6036847860543101,0.1265134906250339,0.3553136638807172,0.9195558795447616
171,1,3.0,12,171/3/1/12,3/1/12,3.png,C:\Users\u1021\Downloads\20260803\NASH_datasource_fromDrTsui_171\fast_035\3\1\12\3.png,475,735,349125,31.802935911206585,35.75911206587898,0.0,0.0,68.19706408879341,64.24088793412102,349125,51.87552022914429,52.13848334685605,0.0,239.0,0.0,0.0,0.0,0.0,44.0,92.0,127.0,146.0,177.0,92.0,239.0,5.912722478220588,0.99495644865689,1.0050691176984867,0.9899383347239306,52.13848334685605,1.0,0.6119010121865472,-0.7328075353233805,224281,80.50862979922508,44.02243931296181,6.0,239.0,6.0,9.0,19.0,48.0,79.0,111.0,140.0,156.0,185.0,63.0,233.0,7.342657092121893,1.82880892235157,0.5468039814209524,3.3445420744727112,44.02243931296181,0.8909090909090909,0.2456541255445125,-0.4536436707456333,0.0415564700961113,0.0467977114021778,864.9061279296875,59.94511413574219,191.6413116455078,8150.421875,317.6786193847656,17.27294921875,1.4825797080993652,35.366294860839844,0.0363279655575752,0.0171744171530008,5.849443282152415,1.4184569967063656,0.5947353830918979,0.1179494561171599,0.3430478747821734,0.9212965024114972
171,1,3.0,13,171/3/1/13,3/1/13,1.png,C:\Users\u1021\Downloads\20260803\NASH_datasource_fromDrTsui_171\fast_035\3\1\13\1.png,475,735,349125,31.80121732903688,35.57579663444325,0.0,0.0,68.19878267096313,64.42420336555675,349125,46.214118152524165,47.23422390388906,0.0,238.0,0.0,0.0,0.0,0.0,37.0,83.0,113.0,131.0,165.0,83.0,238.0,5.802158647314347,0.9784032494438656,1.0220734656885189,0.957272918522315,47.23422390388906,1.0,0.6615842301656364,-0.6127589076702935,224921,71.49444916215026,40.813398141282434,6.0,238.0,6.0,8.0,12.0,41.0,71.0,99.0,125.0,141.0,172.0,58.0,232.0,7.17313812837874,1.7517396839797612,0.5708610755041579,3.068591920429513,40.813398141282434,0.8926174496644296,0.2771141405843685,-0.3664336879193048,0.0385020524263381,0.0437858402729034,793.8507080078125,55.53912353515625,174.009765625,7073.90380859375,274.370361328125,16.58935546875,0.0,,0.0393856912851333,0.019680855795741,5.120691309523824,1.3196422073838152,0.6094063487013067,0.1254720229692335,0.3538475958656814,0.9151590394028716
171,1,3.0,13,171/3/1/13,3/1/13,2.png,C:\Users\u1021\Downloads\20260803\NASH_datasource_fromDrTsui_171\fast_035\3\1\13\2.png,475,735,349125,31.80236305048335,36.06501969208736,0.0,0.0,68.19763694951665,63.93498030791264,349125,46.93108199069101,48.127889621694,0.0,238.0,0.0,0.0,0.0,0.0,38.0,83.0,116.0,134.0,169.0,83.0,238.0,5.82483509231461,0.9751327631356702,1.0255013858670543,0.9508839057406072,48.127889621694,1.0,0.6825037759369599,-0.5641516008935032,223213,73.13566862145126,41.44713491175872,6.0,238.0,6.0,8.0,14.0,43.0,72.0,101.0,128.0,144.0,178.0,58.0,232.0,7.216477549792598,1.76455305721753,0.5667157447659124,3.1136474917357315,41.44713491175872,0.8947368421052632,0.3181044446273854,-0.3304683858380883,0.0396980457007885,0.0450810305774211,796.792724609375,57.26433944702149,184.1558532714844,7508.0126953125,300.83514404296875,15.911865234375,0.0,,0.0382464900612831,0.0185789577662944,5.468887898608734,1.360744640919468,0.6057497116469631,0.1277773776131759,0.3570848411715142,0.9133284014560108
171,1,3.0,13,171/3/1/13,3/1/13,3.png,C:\Users\u1021\Downloads\20260803\NASH_datasource_fromDrTsui_171\fast_035\3\1\13\3.png,475,735,349125,31.80121732903688,34.0327962764053,0.0,0.0,68.19878267096313,65.96720372359471,349125,52.04172431077694,52.66882117358573,0.0,240.0,0.0,0.0,0.0,0.0,42.0,95.0,126.0,144.0,179.0,95.0,240.0,5.872326446474931,0.988093584613523,1.012049886338584,0.9763289319544012,52.66882117358573,1.0,0.5810996513164227,-0.8334899962665658,230308,78.74732097886309,45.92322237936701,6.0,240.0,6.0,8.0,10.0,43.0,81.0,111.0,137.0,154.0,186.0,68.0,234.0,7.262418790395687,1.7147603521447077,0.5831718693223032,2.940403065287441,45.92322237936701,0.9012345679012346,0.1274371016263711,-0.5925099180616278,0.0416837148368358,0.0492410287261009,935.168212890625,60.128662109375,193.78982543945312,8660.728515625,359.8996887207031,16.4306640625,1.4825797080993652,35.474403381347656,0.0372223630547523,0.017944898456335,6.321198753385463,1.4554899780347177,0.5911717620995735,0.0942017174588447,0.3064641826404161,0.9162342352846724
171,1,3.0,14,171/3/1/14,3/1/14,1.png,C:\Users\u1021\Downloads\20260803\NASH_datasource_fromDrTsui_171\fast_035\3\1\14\1.png,475,735,349125,31.801503759398496,33.00193340494093,0.0,0.0,68.1984962406015,66.99806659505909,349125,51.64857286072324,50.17048819065577,0.0,236.0,0.0,0.0,0.0,0.0,46.0,90.0,121.0,140.0,180.0,90.0,236.0,5.9081397254768335,1.029461237539697,0.9713818874714446,1.059790439596764,50.17048819065577,1.0,0.6041278165236408,-0.5885048948502649,233907,77.01421505128107,42.5087001535758,6.0,236.0,6.0,10.0,18.0,45.0,76.0,105.0,132.0,151.0,188.0,60.0,230.0,7.311197150245148,1.8117282996902624,0.5519591431954574,3.282359431898569,42.5087001535758,0.8757763975155279,0.3561330544144615,-0.1915166909946086,0.0402430966496467,0.0448021441698074,824.712158203125,58.050575256347656,174.5144500732422,7546.517578125,294.32086181640625,17.67578125,1.4825797080993652,35.213478088378906,0.0383006259799003,0.0177337117493152,5.36608730826696,1.3859253542206569,0.5857365678541208,0.0879476398396458,0.2960977831669656,0.9203820345792716
171,1,3.0,14,171/3/1/14,3/1/14,2.png,C:\Users\u1021\Downloads\20260803\NASH_datasource_fromDrTsui_171\fast_035\3\1\14\2.png,475,735,349125,31.80207662012173,35.13097028284998,0.0,0.0,68.19792337987826,64.86902971715001,349125,43.480641604010025,45.12407649742963,0.0,239.0,0.0,0.0,0.0,0.0,33.0,77.0,107.0,126.0,165.0,77.0,239.0,5.794010692487015,0.9635796448152636,1.037796932906069,0.9284857319023097,45.12407649742963,1.0,0.7762225137882293,-0.2832074535367344,226474,66.81874299036534,39.84595888900778,6.0,239.0,6.0,8.0,13.0,36.0,65.0,93.0,119.0,136.0,173.0,57.0,233.0,7.152241380583979,1.676926465152743,0.5963290703441281,2.8120823695296737,39.84595888900778,0.8888888888888888,0.4665343556358635,-0.1250178242508601,0.035124335438013,0.0397801473736763,687.5185546875,50.66677474975586,155.22915649414062,5859.90478515625,234.0018615722656,16.56494140625,1.4825797080993652,29.639219284057617,0.0375523343682289,0.0184522066265344,4.261013895319166,1.2101256321385725,0.6204850572741888,0.1185974134776109,0.3439900814559808,0.9225639775631588
171,1,3.0,14,171/3/1/14,3/1/14,3.png,C:\Users\u1021\Downloads\20260803\NASH_datasource_fromDrTsui_171\fast_035\3\1\14\3.png,475,735,349125,31.801503759398496,34.90526315789474,0.0,0.0,68.1984962406015,65.09473684210526,349125,44.25237379162191,45.6750571454739,0.0,236.0,0.0,0.0,0.0,0.0,34.0,78.0,109.0,127.0,167.0,78.0,236.0,5.8038387791114765,0.9688520728212604,1.032149311595152,0.938674339010053,45.6750571454739,1.0,0.7605003524956916,-0.3113022581879345,227262,67.78489144687629,40.21917232808789,6.0,236.0,6.0,8.0,13.0,37.0,66.0,94.0,121.0,138.0,176.0,57.0,230.0,7.165399240446559,1.685387528463317,0.593335350542061,2.8405311210996884,40.21917232808789,0.8904109589041096,0.453713670507729,-0.1262409973454117,0.0361115373671054,0.0412117205560207,712.55224609375,52.0908088684082,158.37449645996094,6247.4951171875,244.12332153320312,16.6015625,1.4825797080993652,30.169506072998047,0.0385762564837932,0.0186486188322305,4.490836673810073,1.2371564449399368,0.6172662405194053,0.1161898862342805,0.3404671704582531,0.9202946015337956
171,1,3.0,14665,171/3/1/14665,3/1/14665,1.png,C:\Users\u1021\Downloads\20260803\NASH_datasource_fromDrTsui_171\fast_035\3\1\14665\1.png,475,735,349125,31.80121732903688,31.8625134264232,0.0,0.0,68.19878267096313,68.1374865735768,349125,46.50663802363051,48.62670691572289,0.0,238.0,0.0,0.0,0.0,0.0,37.0,70.0,118.0,151.0,193.0,70.0,238.0,5.819544529058687,0.9564011419533968,1.0455863717995515,0.9147031443297614,48.62670691572289,1.0,1.1568390869098928,0.8628341046731869,237885,68.25025957920845,44.56935070994672,6.0,238.0,11.0,18.0,24.0,35.0,55.0,89.0,138.0,165.0,198.0,54.0,232.0,7.204931124493018,1.5313272123566468,0.6530282959322867,2.3449630313039798,44.56935070994672,0.8032786885245902,1.1563025533924618,0.7377344374096824,0.0379977263510227,0.0426337830722332,700.01123046875,54.81163787841797,169.85287475585938,6786.458984375,269.42108154296875,14.044189453125,1.4825797080993652,31.70536994934082,0.0325510613620281,0.0158062633126974,4.951189234023061,1.3103657983349872,0.5931950350518579,0.0800819274112347,0.2824559120626892,0.9230322979345804
171,1,3.0,14665,171/3/1/14665,3/1/14665,2.png,C:\Users\u1021\Downloads\20260803\NASH_datasource_fromDrTsui_171\fast_035\3\1\14665\2.png,475,735,349125,31.80121732903688,31.858216970998924,0.0,0.0,68.19878267096313,68.14178302900108,349125,44.837098460436806,46.97587994874389,0.0,239.0,0.0,0.0,0.0,0.0,36.0,66.0,112.0,147.0,189.0,66.0,239.0,5.773896544835898,0.9544706455602164,1.0477011573394803,0.9110142132361364,46.97587994874389,1.0,1.2099060802666743,1.1053405508269698,237900,65.79599831862127,43.12286597069691,6.0,239.0,11.0,18.0,23.0,35.0,53.0,84.0,133.0,161.0,195.0,49.0,233.0,7.138383717462274,1.5257798116510006,0.6554025635703817,2.328004033641763,43.12286597069691,0.7988826815642458,1.247686232562299,1.0392112340372923,0.0364845059812068,0.041486982256174,671.7943115234375,52.628814697265625,160.052490234375,6351.20166015625,258.9430847167969,13.8671875,1.4825797080993652,30.56525611877441,0.0337623618543148,0.0161270834505558,4.64977292785828,1.259373969035883,0.601286292389091,0.0811692328889247,0.2843795297994624,0.922199353500222
171,1,3.0,14665,171/3/1/14665,3/1/14665,3.png,C:\Users\u1021\Downloads\20260803\NASH_datasource_fromDrTsui_171\fast_035\3\1\14665\3.png,475,735,349125,31.80121732903688,31.86165413533835,0.0,0.0,68.19878267096313,68.13834586466166,349125,44.866068027210886,47.23357300514609,0.0,238.0,0.0,0.0,0.0,0.0,35.0,67.0,113.0,147.0,190.0,67.0,238.0,5.78723916108788,0.94987664859321,1.0527682741554114,0.9022656475426688,47.23357300514609,1.0,1.201098555218581,1.0376918820818617,237888,65.84158931934356,43.51245826924816,6.0,238.0,11.0,17.0,23.0,34.0,53.0,85.0,133.0,162.0,195.0,51.0,232.0,7.157766228000373,1.5131663881623576,0.6608658557466606,2.289672518264315,43.51245826924816,0.8100558659217877,1.208906818158925,0.9203695681429136,0.0372678413987159,0.0429739654064178,698.20703125,53.75877380371094,166.55679321289062,6732.7470703125,265.2796936035156,13.8427734375,1.4825797080993652,30.584976196289062,0.0345314852893352,0.016912980005145,4.889629869231954,1.288276835212135,0.5980410992442656,0.0806160089202066,0.2834047367153798,0.9191087812589992
171,1,3.0,15,171/3/1/15,3/1/15,1.png,C:\Users\u1021\Downloads\20260803\NASH_datasource_fromDrTsui_171\fast_035\3\1\15\1.png,475,735,349125,31.80179018976012,38.63114930182599,0.0,0.0,68.19820981023989,61.36885069817401,349125,38.57741496598639,44.06676316619588,0.0,231.0,0.0,0.0,0.0,0.0,18.0,70.0,105.0,124.0,156.0,70.0,231.0,5.69193234881169,0.875431100316884,1.1422943503355378,0.7663796114020303,44.06676316619588,1.0,0.9553443928514987,-0.0857586095664935,214254,62.41990347904823,41.124262735048994,6.0,231.0,6.0,7.0,9.0,27.0,60.0,91.0,119.0,136.0,165.0,64.0,225.0,7.072705305982507,1.517836414021584,0.6588325268534371,2.303827379729902,41.124262735048994,0.902097902097902,0.4754410535751898,-0.4289279925753093,0.0317913815379142,0.0392640717327594,626.0626220703125,45.8589973449707,153.73997497558594,5310.94921875,205.9629821777344,14.166259765625,0.0,,0.0368141457438468,0.0179709531366825,3.846825899264712,1.0916799913221384,0.657770547140334,0.1580475085885276,0.3972318304885208,0.9283447133420356
171,1,3.0,15,171/3/1/15,3/1/15,2.png,C:\Users\u1021\Downloads\20260803\NASH_datasource_fromDrTsui_171\fast_035\3\1\15\2.png,475,735,349125,31.80179018976012,37.063802363050485,0.0,0.0,68.19820981023989,62.93619763694952,349125,40.80376655925528,45.536349633882175,0.0,237.0,0.0,0.0,0.0,0.0,21.0,75.0,109.0,128.0,160.0,75.0,237.0,5.744329453592481,0.8960702139570378,1.1159839758360108,0.8029418283410115,45.536349633882175,1.0,0.8846117056047034,-0.2653129537472511,219726,64.49674139610242,42.17684856556046,6.0,237.0,6.0,7.0,9.0,27.0,62.0,94.0,122.0,138.0,168.0,67.0,231.0,7.113967705512935,1.529197737375933,0.6539376665021597,2.338445719995673,42.17684856556046,0.903448275862069,0.41945403374833,-0.5227260095052189,0.0334893465042114,0.0405412465333938,651.619873046875,48.30830764770508,157.0958251953125,5753.68017578125,220.99026489257807,14.837646484375,0.0,,0.0359086133539676,0.0172607265412807,4.120988751177193,1.1423193468231865,0.6461392133443106,0.1435935533556905,0.3785941097815912,0.928089747737581
171,1,3.0,15,171/3/1/15,3/1/15,3.png,C:\Users\u1021\Downloads\20260803\NASH_datasource_fromDrTsui_171\fast_035\3\1\15\3.png,475,735,349125,31.80179018976012,36.10397422126746,0.0,0.0,68.19820981023989,63.89602577873254,349125,42.470075187969925,47.04296958174704,0.0,239.0,0.0,0.0,0.0,0.0,22.0,78.0,113.0,132.0,166.0,78.0,239.0,5.785406909114723,0.9027932455277776,1.1076733293627987,0.815035644170578,47.04296958174704,1.0,0.8729223058011382,-0.2886400954524282,223077,66.1923999336552,43.63212440697532,6.0,239.0,6.0,7.0,9.0,28.0,64.0,97.0,126.0,143.0,173.0,69.0,233.0,7.158082243363932,1.517056545682961,0.659171210753922,2.301460562799518,43.63212440697532,0.9066666666666666,0.4253864095848655,-0.5392194322712509,0.0343121625483036,0.041457213461399,693.1634521484375,49.49522399902344,159.2340545654297,6026.048828125,228.52169799804688,14.849853515625,0.0,,0.0357565954327583,0.0172427948564291,4.319609331300126,1.1806106402259748,0.636127071279718,0.132932433055504,0.3642448646375001,0.9293512203224888
171,1,3.0,17,171/3/1/17,3/1/17,1.png,C:\Users\u1021\Downloads\20260803\NASH_datasource_fromDrTsui_171\fast_035\3\1\17\1.png,475,735,349125,31.80121732903688,31.82642320085929,0.0,0.0,68.19878267096313,68.1735767991407,349125,48.188565699964194,46.87328180876478,0.0,239.0,0.0,0.0,0.0,0.0,43.0,74.0,112.0,139.0,191.0,74.0,239.0,5.787899505502146,1.0280604182264337,0.9727054774904746,1.0569082235239091,46.87328180876478,1.0,0.963064091376918,0.6443678821255006,238011,70.68352723193466,40.40860590361205,6.0,239.0,13.0,22.0,28.0,41.0,61.0,90.0,127.0,155.0,197.89999999999415,49.0,233.0,7.161201107992868,1.7492196439673855,0.5716834952367166,3.059769362841387,40.40860590361205,0.751412429378531,1.1539288644897632,1.2096889063345184,0.0423019640147686,0.0476754643023014,837.5321044921875,61.02048873901367,185.91067504882807,8453.0537109375,333.6304016113281,16.741943359375,1.4825797080993652,32.85206985473633,0.0445874296128749,0.0209436677396297,6.102440663442786,1.4507659784157767,0.573522939808237,0.0792143296581678,0.2809197221942744,0.8945488408591243
171,1,3.0,17,171/3/1/17,3/1/17,2.png,C:\Users\u1021\Downloads\20260803\NASH_datasource_fromDrTsui_171\fast_035\3\1\17\2.png,475,735,349125,31.80121732903688,31.82670963122091,0.0,0.0,68.19878267096313,68.17329036877909,349125,48.14489652703187,46.4076087666018,0.0,237.0,0.0,0.0,0.0,0.0,43.0,75.0,111.0,137.0,188.0,75.0,237.0,5.781018428443345,1.0374354078264931,0.9639154326678292,1.076272225412122,46.4076087666018,1.0,0.918874602811078,0.534122865631458,238010,70.61970505440948,39.64861532103384,6.0,237.0,13.0,22.0,28.0,42.0,62.0,91.0,125.0,152.0,195.0,49.0,231.0,7.151158373017935,1.781139252470824,0.5614384156728816,3.1724570366923253,39.64861532103384,0.7471264367816092,1.1143750315263263,1.1573450765582989,0.0421463958919048,0.0463468469679355,806.040283203125,60.79608154296875,184.36151123046875,8165.7841796875,321.0582275390625,16.851806640625,1.4825797080993652,32.82246780395508,0.0422933474183082,0.020354576408863,5.911016966780205,1.443129940643976,0.5720052506093575,0.0795906384087532,0.2815832466994359,0.8955532547841197
171,1,3.0,17,171/3/1/17,3/1/17,3.png,C:\Users\u1021\Downloads\20260803\NASH_datasource_fromDrTsui_171\fast_035\3\1\17\3.png,475,735,349125,31.80121732903688,31.84017185821697,0.0,0.0,68.19878267096313,68.15982814178302,349125,46.00199928392409,44.41632412984334,0.0,240.0,0.0,0.0,0.0,0.0,41.0,71.0,106.0,130.0,183.0,71.0,240.0,5.735264800749039,1.0357002787859102,0.9655302991443052,1.072675067477212,44.41632412984334,1.0,0.95137956567343,0.7042964574960946,237963,67.48890793946958,38.00476323903825,6.0,240.0,13.0,21.0,27.0,40.0,59.0,86.0,119.0,145.0,191.0,46.0,234.0,7.082881970264007,1.7758012992999102,0.5631260661844536,3.1534702545952493,38.00476323903825,0.7469879518072289,1.1794635474996007,1.4492195394520264,0.0406568832695484,0.0456400364637374,779.8585205078125,58.64746475219727,180.6330108642578,7773.857421875,306.52642822265625,16.351318359375,1.4825797080993652,31.360050201416016,0.0446383133530616,0.0215054973959922,5.638729499437122,1.39533609043741,0.5806263191027424,0.0802316872865718,0.2827165924220545,0.8901470792577669
171,1,3.0,18,171/3/1/18,3/1/18,1.png,C:\Users\u1021\Downloads\20260803\NASH_datasource_fromDrTsui_171\fast_035\3\1\18\1.png,475,735,349125,31.801503759398496,34.234729681346224,0.0,0.0,68.1984962406015,65.76527031865378,349125,50.57833154314358,48.979219632687744,0.0,240.0,0.0,0.0,0.0,0.0,46.0,88.0,118.0,137.0,174.0,88.0,240.0,5.8721063904402,1.0326487829419932,0.9683834586537956,1.0663635089115795,48.979219632687744,1.0,0.5737377947488108,-0.6406172829617676,229603,76.75824793230053,40.56042791709818,6.0,240.0,6.0,10.0,21.0,48.0,76.0,103.0,129.0,147.0,181.0,55.0,234.0,7.258264705212568,1.8924417683459207,0.528417844462419,3.5813358465802354,40.56042791709818,0.8726114649681529,0.3245556346780942,-0.1162527075883379,0.0403447188436985,0.0452325753867626,851.836669921875,58.19716644287109,181.6039581298828,7644.19677734375,299.5133361816406,17.376708984375,1.4825797080993652,34.48109436035156,0.0409602113068103,0.0194256510585546,5.460994823557814,1.3782044374970537,0.5933339402203661,0.1044285464915977,0.322739849342014,0.9148685320291108
171,1,3.0,18,171/3/1/18,3/1/18,2.png,C:\Users\u1021\Downloads\20260803\NASH_datasource_fromDrTsui_171\fast_035\3\1\18\2.png,475,735,349125,31.80121732903688,34.12531328320802,0.0,0.0,68.19878267096313,65.87468671679197,349125,50.75661725742929,49.18764632964256,0.0,237.0,0.0,0.0,0.0,0.0,47.0,88.0,118.0,138.0,175.0,88.0,237.0,5.877006232971191,1.0318976622152625,0.9690883472428988,1.0648127852853242,49.18764632964256,1.0,0.5844654825130222,-0.6110468081082221,229985,76.9061417048938,40.84608937803854,6.0,237.0,6.0,10.0,21.0,48.0,76.0,103.0,130.0,149.0,183.0,55.0,231.0,7.266063932187573,1.882827533209175,0.531116091284025,3.545039519810547,40.84608937803854,0.8742138364779874,0.3453955219518888,-0.0966553288824343,0.0398198403418064,0.0445681549608707,836.876220703125,57.44002532958984,178.3417205810547,7432.4921875,292.1736755371094,17.633056640625,1.4825797080993652,34.601470947265625,0.0390655286610126,0.0189081970602273,5.387730054335257,1.371389264974902,0.5921833708471559,0.1040712124963025,0.3221813193809669,0.9168468859303416
171,1,3.0,18,171/3/1/18,3/1/18,3.png,C:\Users\u1021\Downloads\20260803\NASH_datasource_fromDrTsui_171\fast_035\3\1\18\3.png,475,735,349125,31.80121732903688,33.64296455424275,0.0,0.0,68.19878267096313,66.35703544575725,349125,51.83022699606158,50.4869520626586,0.0,239.0,0.0,0.0,0.0,0.0,47.0,90.0,121.0,141.0,181.0,90.0,239.0,5.9087663620976,1.0266063780545889,0.9740831747947958,1.053920655462361,50.4869520626586,1.0,0.6049614473907517,-0.5774930705339356,231669,77.99403027595406,42.49749297681016,6.0,239.0,6.0,10.0,19.0,47.0,77.0,105.0,133.0,153.0,189.0,58.0,233.0,7.310949813396388,1.8352619134148336,0.5448813560018367,3.368186290831076,42.49749297681016,0.8773006134969326,0.3569952154658637,-0.1297546421057518,0.0408220775425434,0.0462030470371246,854.3280029296875,58.88575744628906,182.7019500732422,7909.4609375,307.1742248535156,17.4560546875,1.4825797080993652,35.33500671386719,0.0389358252286911,0.0184109341353178,5.659699209508851,1.3997114914554825,0.5887291370047408,0.0993327140569481,0.3147443946759,0.9175533560108762
171,1,3.0,20,171/3/1/20,3/1/20,1.png,C:\Users\u1021\Downloads\20260803\NASH_datasource_fromDrTsui_171\fast_035\3\1\20\1.png,475,735,349125,31.80121732903688,32.260365198711064,0.0,0.0,68.19878267096313,67.73963480128894,349125,41.17394915861081,42.6888325456501,0.0,240.0,0.0,0.0,0.0,0.0,33.0,65.0,98.0,128.0,173.0,65.0,240.0,5.748590236657432,0.9645133563814536,1.0367922780786374,0.9302860146382168,42.6888325456501,1.0,1.122039458578619,1.034221039013051,236496,60.75422840132602,38.7513559984781,6.0,240.0,7.0,13.0,18.0,32.0,53.0,79.0,115.0,142.0,180.0,47.0,234.0,7.0840735763368246,1.5677961928277309,0.6378380076279977,2.457984902245128,38.7513559984781,0.832258064516129,1.1385427843911826,1.2684011872864387,0.037149541079998,0.0435048304498195,638.985595703125,53.58812713623047,176.01388549804688,6809.9560546875,252.9100341796875,14.190673828125,1.4825797080993652,28.068117141723636,0.0395710915327072,0.0190135575830936,4.960406569347213,1.2706559369139712,0.6092859709201272,0.082316833820084,0.2863815438022162,0.8977384418376356
171,1,3.0,20,171/3/1/20,3/1/20,2.png,C:\Users\u1021\Downloads\20260803\NASH_datasource_fromDrTsui_171\fast_035\3\1\20\2.png,475,735,349125,31.80121732903688,32.786537773003936,0.0,0.0,68.19878267096313,67.21346222699606,349125,42.06565843179377,44.40266326806158,0.0,239.0,0.0,0.0,0.0,0.0,32.0,68.0,102.0,131.0,179.0,68.0,239.0,5.8016205634494,0.9473679129974892,1.0555561216296443,0.8975059625772182,44.40266326806158,1.0,1.1078104354135314,0.8578901168163688,234659,62.52396456134221,40.700216795542936,6.0,239.0,7.0,12.0,17.0,31.0,55.0,83.0,118.0,148.0,186.0,52.0,233.0,7.153244017015434,1.5362071626161258,0.6509538715449177,2.359932446473088,40.700216795542936,0.85,1.0393996466108832,0.9103394021627698,0.0345595180988311,0.0395130440592765,605.0721435546875,49.85203170776367,155.7562255859375,5733.9365234375,215.87815856933597,14.727783203125,1.4825797080993652,28.679588317871094,0.0336455553770065,0.016660226508975,4.16233941388436,1.181375067877836,0.6209979175346373,0.0898186398149936,0.2991982479701796,0.9217608922503636
171,1,3.0,20,171/3/1/20,3/1/20,3.png,C:\Users\u1021\Downloads\20260803\NASH_datasource_fromDrTsui_171\fast_035\3\1\20\3.png,475,735,349125,31.80121732903688,32.68571428571428,0.0,0.0,68.19878267096313,67.31428571428572,349125,42.21029430719656,44.519693817058695,0.0,235.0,0.0,0.0,0.0,0.0,32.0,69.0,103.0,132.0,179.0,69.0,235.0,5.803294877745127,0.948126338888314,1.0547117604311136,0.8989435544937577,44.519693817058695,1.0,1.0995620373018051,0.8162364166803906,235011,62.65168438924135,40.81398195906396,6.0,235.0,7.0,12.0,17.0,31.0,56.0,84.0,119.0,148.0,185.0,53.0,229.0,7.156670891716828,1.5350544441382956,0.6514426923543751,2.356392146468732,40.81398195906396,0.85,1.025130475968004,0.853886456018687,0.0354129783809185,0.039715226739645,614.5916748046875,51.0831413269043,158.50296020507812,5891.53125,222.4169158935547,15.8935546875,1.4825797080993652,28.776498794555664,0.0346453078091144,0.0166909620165824,4.2779788520476645,1.2109835532142308,0.6134752118083876,0.0886891268957213,0.2973066712046529,0.9200616228553784
171,1,3.0,21,171/3/1/21,3/1/21,1.png,C:\Users\u1021\Downloads\20260803\NASH_datasource_fromDrTsui_171\fast_035\3\1\21\1.png,475,735,349125,31.80121732903688,31.83329752953813,0.0,0.0,68.19878267096313,68.16670247046187,349125,51.1450798424633,47.14071223375719,0.0,240.0,0.0,0.0,0.0,0.0,49.0,80.0,114.0,139.0,186.0,80.0,240.0,5.784752354878118,1.0849449959272912,0.9217057120442408,1.17710564418767,47.14071223375719,1.0,0.7377150846945402,0.1389821012051433,237987,75.02730401240404,38.31836947007942,6.0,240.0,14.0,25.0,33.0,48.0,68.0,94.0,128.0,152.0,193.0,46.0,234.0,7.156140809979491,1.9579983451798095,0.5107256614704475,3.833757519726874,38.31836947007942,0.7175141242937854,1.0133429209528877,1.0584707302149765,0.0460386797785759,0.0481893047690391,897.87451171875,66.41069030761719,204.73907470703125,9242.431640625,312.01470947265625,18.9697265625,1.4825797080993652,34.86482238769531,0.0485123619437217,0.0218850653618574,6.534793021187426,1.5676895611603898,0.5526193051621296,0.0793022857149796,0.2810769379573578,0.8867149176872681
171,1,3.0,21,171/3/1/21,3/1/21,2.png,C:\Users\u1021\Downloads\20260803\NASH_datasource_fromDrTsui_171\fast_035\3\1\21\2.png,475,735,349125,31.80121732903688,31.810383100608664,0.0,0.0,68.19878267096313,68.18961689939134,349125,54.21089581095596,48.4360815389823,0.0,240.0,0.0,0.0,0.0,0.0,54.0,85.0,118.0,143.0,188.0,85.0,240.0,5.778741765840771,1.1192254635075296,0.8934750259041729,1.2526656381636443,48.4360815389823,1.0,0.6176057180549456,-0.1119420097502792,238067,79.49962405541297,37.81627789476797,6.0,240.0,18.0,30.0,38.0,53.0,73.0,98.0,132.0,156.0,194.0,45.0,234.0,7.149318000802601,2.1022593571117176,0.4756787009257956,4.419494404563772,37.81627789476797,0.6774193548387096,0.9720656973303756,0.9452825277165876,0.0472682900726795,0.0484540127217769,955.8919677734376,68.18440246582031,207.63429260253903,9534.396484375,345.67108154296875,19.122314453125,1.4825797080993652,36.95460510253906,0.0488213635981082,0.0222910717129707,6.786049349982149,1.611887138191756,0.5453438783722183,0.0785318495945107,0.2797079693377964,0.887758600028973
171,1,3.0,21,171/3/1/21,3/1/21,3.png,C:\Users\u1021\Downloads\20260803\NASH_datasource_fromDrTsui_171\fast_035\3\1\21\3.png,475,735,349125,31.80121732903688,31.80866451843896,0.0,0.0,68.19878267096313,68.19133548156104,349125,53.53169495166488,48.209331483091326,0.0,241.0,0.0,0.0,0.0,0.0,53.0,84.0,117.0,142.0,189.0,84.0,241.0,5.779155906159767,1.1104011050317153,0.9005754726544855,1.2329906140556546,48.209331483091326,1.0,0.6565178370983554,-0.0147147293801297,238073,78.50169485829977,38.05390263128783,6.0,241.0,18.0,29.0,36.0,52.0,72.0,97.0,131.0,155.0,196.0,45.0,235.0,7.150135235286808,2.0629078604346844,0.4847526247678777,4.255588840643207,38.05390263128783,0.6847826086956522,1.0049570931661276,1.0437174473688744,0.0472722761332988,0.0484144128859043,960.4146728515624,68.19015502929688,208.21713256835935,9527.19921875,336.5035400390625,19.7998046875,1.4825797080993652,36.497100830078125,0.0504917725920677,0.0227556806057691,6.762253879089296,1.6111957732776665,0.5448673367684049,0.0784932702471443,0.2796349912993515,0.8873056863634828
171,1,3.0,22,171/3/1/22,3/1/22,1.png,C:\Users\u1021\Downloads\20260803\NASH_datasource_fromDrTsui_171\fast_035\3\1\22\1.png,475,735,349125,31.80121732903688,31.81754385964912,0.0,0.0,68.19878267096313,68.18245614035088,349125,58.08704905119943,50.50491837221957,0.0,239.0,0.0,0.0,0.0,0.0,59.0,95.0,125.0,144.0,182.0,95.0,239.0,5.83901827716651,1.150126580209472,0.8694695151014339,1.322791150504335,50.50491837221957,1.0,0.3864941602181279,-0.740107046638844,238042,85.1925206476168,37.84087204059705,6.0,239.0,17.0,29.0,38.0,57.0,82.0,109.0,136.0,153.0,189.0,52.0,233.0,7.236982582546773,2.2513360832757554,0.4441806833855622,5.068514159859419,37.84087204059705,0.6813186813186813,0.5189816777257718,0.0979099957926314,0.0449180118739604,0.0440108478069305,941.3460693359376,64.79412841796875,181.0977325439453,8228.6943359375,309.6264953613281,20.0927734375,2.223869562149048,26.399747848510746,0.0422391667962074,0.0203201062977314,5.866112220491931,1.532056656793503,0.5483527350792124,0.0775996435443497,0.2780426337873381,0.9115165731085924
171,1,3.0,22,171/3/1/22,3/1/22,2.png,C:\Users\u1021\Downloads\20260803\NASH_datasource_fromDrTsui_171\fast_035\3\1\22\2.png,475,735,349125,31.80121732903688,31.81639813820265,0.0,0.0,68.19878267096313,68.18360186179734,349125,59.17823415682062,51.36741636017741,0.0,238.0,0.0,0.0,0.0,0.0,60.0,98.0,127.0,145.0,183.0,98.0,238.0,5.856949374227263,1.1520578286802556,0.868011982649824,1.327237240623465,51.36741636017741,1.0,0.3670906534390708,-0.788318645927705,238046,86.79151508531965,38.38380104960632,6.0,238.0,16.0,29.0,39.0,58.0,84.0,111.0,137.0,155.0,190.0,53.0,232.0,7.263401358348759,2.261149566014901,0.442252920828418,5.1127973598893774,38.38380104960632,0.6847826086956522,0.4697520296663522,0.0430546429672409,0.045472539961338,0.0451602712273597,946.7821044921876,65.59403991699219,187.2655487060547,8546.265625,325.2861633300781,20.05615234375,1.4825797080993652,40.34262466430664,0.040784191340208,0.0195460692048072,6.116720509257586,1.5557937032842493,0.5466019826353443,0.0773996111128417,0.2776827258557802,0.9109112638447394
171,1,3.0,22,171/3/1/22,3/1/22,3.png,C:\Users\u1021\Downloads\20260803\NASH_datasource_fromDrTsui_171\fast_035\3\1\22\3.png,475,735,349125,31.80121732903688,31.82355889724311,0.0,0.0,68.19878267096313,68.1764411027569,349125,58.32825205871823,50.64680665811024,0.0,236.0,0.0,0.0,0.0,0.0,60.0,96.0,125.0,143.0,182.0,96.0,236.0,5.842354992174768,1.1516669244807745,0.8683066073559826,1.326336704943006,50.64680665811024,1.0,0.3760362051981459,-0.7513156788344428,238021,85.55345116607359,37.85904916957901,6.0,236.0,16.0,29.0,38.0,58.0,83.0,109.0,135.0,153.0,190.0,51.0,230.0,7.241327171526205,2.2597886910170635,0.4425192514570599,5.106644928048612,37.85904916957901,0.6813186813186813,0.4980591193200089,0.1315132714089033,0.0452523343265056,0.0455235950648784,963.6297607421876,65.2763900756836,186.99269104003903,8573.251953125,324.9217529296875,19.500732421875,1.4825797080993652,39.76326370239258,0.0427218154072761,0.0210049226880073,6.124669738836843,1.5545554139942446,0.5467109460495231,0.0774992627199768,0.277862543546976,0.9081634772629498
171,1,3.0,24,171/3/1/24,3/1/24,1.png,C:\Users\u1021\Downloads\20260803\NASH_datasource_fromDrTsui_171\fast_035\3\1\24\1.png,475,735,349125,31.80121732903688,31.99513068385249,0.0,0.0,68.19878267096313,68.0048693161475,349125,50.44478625134264,48.47247508071147,0.0,239.0,0.0,0.0,0.0,0.0,44.0,84.0,119.0,140.0,182.0,84.0,239.0,5.880942733304279,1.040689301863523,0.960901585333238,1.083034223013187,48.47247508071147,1.0,0.7310064015285453,-0.2022055028565539,237422,74.1660039928903,41.18581582386084,6.0,239.0,9.0,18.0,25.0,42.0,68.0,100.0,131.0,151.0,188.0,58.0,233.0,7.288289204332687,1.8007656886068653,0.5553193323966733,3.2427570652637576,41.18581582386084,0.7869822485207101,0.6966825238432647,0.1310969716295824,0.0395419150590896,0.0414472185075283,786.8355712890625,57.03912353515625,164.16665649414062,6828.0087890625,269.976318359375,17.56591796875,1.4825797080993652,34.38990783691406,0.0384128838777542,0.0184323117136955,4.8992157321904495,1.3535679656860244,0.5801657715835237,0.0797204943287174,0.2818204423445943,0.921777380116752
171,1,3.0,24,171/3/1/24,3/1/24,2.png,C:\Users\u1021\Downloads\20260803\NASH_datasource_fromDrTsui_171\fast_035\3\1\24\2.png,475,735,349125,31.80121732903688,32.215109201575366,0.0,0.0,68.19878267096313,67.78489079842464,349125,51.46841962047977,49.1336407123898,0.0,237.0,0.0,0.0,0.0,0.0,45.0,87.0,120.0,141.0,180.0,87.0,237.0,5.903317228377171,1.047518947797028,0.9546366699170816,1.0972959459937923,49.1336407123898,1.0,0.654723060263186,-0.4119565124960536,236654,75.90370329679617,41.32674535016902,6.0,237.0,8.0,16.0,25.0,44.0,72.0,102.0,132.0,151.0,187.0,58.0,231.0,7.313418489726892,1.836672659645716,0.5444628332371945,3.373366458690069,41.32674535016902,0.8083832335329342,0.5580703287332668,-0.0505185023045591,0.0386923030018806,0.0408591926097869,766.8311767578125,55.81356048583984,161.25042724609375,6588.99365234375,257.25006103515625,17.132568359375,1.4825797080993652,35.08816146850586,0.0355572886765003,0.0174625311046838,4.783222853852267,1.331006007128371,0.585198521843501,0.0819608733408777,0.2857686749814784,0.9257820810315476
171,1,3.0,24,171/3/1/24,3/1/24,3.png,C:\Users\u1021\Downloads\20260803\NASH_datasource_fromDrTsui_171\fast_035\3\1\24\3.png,475,735,349125,31.80121732903688,32.02005012531328,0.0,0.0,68.19878267096313,67.97994987468672,349125,49.539712137486575,47.5494286071069,0.0,239.0,0.0,0.0,0.0,0.0,43.0,83.0,116.0,137.0,177.0,83.0,239.0,5.863893580952585,1.0418571492588284,0.9598244833386176,1.0854663194617329,47.5494286071069,1.0,0.7151188869495576,-0.2389318853642859,237335,72.86035772220701,40.34066669202707,6.0,239.0,9.0,17.0,24.0,41.0,68.0,98.0,128.0,147.0,185.0,57.0,233.0,7.262040692886449,1.8061267623176676,0.5536709941204652,3.2620938815600997,40.34066669202707,0.7926829268292683,0.6661185246017807,0.1136178992633301,0.0387203209102153,0.0406570211052894,775.3271484375,55.85397720336914,163.36337280273438,6559.21484375,262.2047424316406,17.266845703125,1.4825797080993652,33.77139663696289,0.0383082740008831,0.0188928674906492,4.746362377403328,1.3318649069120008,0.5833626103990573,0.0800248066332979,0.2823539956313144,0.920906602840698
171,1,3.0,25,171/3/1/25,3/1/25,1.png,C:\Users\u1021\Downloads\20260803\NASH_datasource_fromDrTsui_171\fast_035\3\1\25\1.png,475,735,349125,31.801503759398496,33.10562119584676,0.0,0.0,68.1984962406015,66.89437880415325,349125,47.61367418546366,46.8103635897442,0.0,238.0,0.0,0.0,0.0,0.0,42.0,80.0,111.0,133.0,179.0,80.0,238.0,5.858302086083631,1.0171609561241577,0.983128573682627,1.03461641066341,46.8103635897442,1.0,0.7650320685831944,-0.0584519576319317,233545,71.09806247190049,40.11693019490042,6.0,238.0,7.0,12.0,20.0,42.0,67.0,94.0,124.0,147.0,186.0,52.0,232.0,7.23407627120968,1.7722707626551726,0.5642478683685017,3.140943656162347,40.11693019490042,0.8490566037735849,0.6798895830097647,0.4155069155302469,0.0383046381175518,0.0411631874740123,754.0540771484375,55.254356384277344,168.09815979003906,6578.76806640625,256.24273681640625,17.27294921875,1.4825797080993652,32.46269989013672,0.0383209139108657,0.018475130200386,4.754826151161859,1.315067847210332,0.592727384987272,0.0921422604887041,0.3030764557575232,0.918682359645782
171,1,3.0,25,171/3/1/25,3/1/25,2.png,C:\Users\u1021\Downloads\20260803\NASH_datasource_fromDrTsui_171\fast_035\3\1\25\2.png,475,735,349125,31.80121732903688,32.69029717150018,0.0,0.0,68.19878267096313,67.30970282849982,349125,51.889432151808094,48.958974849969735,0.0,236.0,0.0,0.0,0.0,0.0,50.0,89.0,117.0,137.0,179.0,89.0,236.0,5.877289088054119,1.059855364840021,0.9435249687592456,1.1232933943801742,48.958974849969735,1.0,0.5563327960013732,-0.5725591724410317,234995,77.03546032894317,40.33119454394943,6.0,236.0,7.0,12.0,22.0,49.0,76.0,102.0,128.0,148.0,185.0,53.0,230.0,7.266732913134584,1.910071377751944,0.5235406444218585,3.6483726681072097,40.33119454394943,0.85,0.393779715744777,0.0452418298576819,0.0415399372577667,0.0432192832231521,855.736572265625,59.92126083374024,176.628662109375,7477.296875,286.65924072265625,17.742919921875,1.4825797080993652,35.376338958740234,0.0405603274703025,0.0191908106207847,5.364938336137079,1.4203479732963535,0.5749078154874293,0.0865703525873077,0.2937236724049805,0.9154864100829052
171,1,3.0,25,171/3/1/25,3/1/25,3.png,C:\Users\u1021\Downloads\20260803\NASH_datasource_fromDrTsui_171\fast_035\3\1\25\3.png,475,735,349125,31.801503759398496,33.66100966702471,0.0,0.0,68.1984962406015,66.3389903329753,349125,50.40417615467239,48.708490251581146,0.0,240.0,0.0,0.0,0.0,0.0,47.0,85.0,116.0,138.0,181.0,85.0,240.0,5.881195647301634,1.0348129431713642,0.966358225995247,1.0708378273549812,48.708490251581146,1.0,0.6549211275612071,-0.3571311718305772,231606,75.86678669809936,40.61769738728046,6.0,240.0,6.0,12.0,24.0,47.0,73.0,100.0,129.0,150.0,188.0,53.0,234.0,7.267776392536207,1.8678258881769416,0.5353818074424658,3.4887735485439806,40.61769738728046,0.8518518518518519,0.5333455979328479,0.2045157128257497,0.0413258373737335,0.0449553616344928,845.2457275390625,59.6124267578125,180.7960968017578,7758.90625,303.4203186035156,17.98095703125,1.4825797080993652,34.35956573486328,0.040741853415966,0.019495015963912,5.556816626586723,1.415350337556525,0.5804292639968346,0.0982983536857596,0.3130822316411216,0.9121991712989832
171,1,3.0,26,171/3/1/26,3/1/26,1.png,C:\Users\u1021\Downloads\20260803\NASH_datasource_fromDrTsui_171\fast_035\3\1\26\1.png,475,735,349125,31.80121732903688,31.910347296813462,0.0,0.0,68.19878267096313,68.08965270318654,349125,53.30454708199069,48.57171057065439,0.0,239.0,0.0,0.0,0.0,0.0,51.0,90.0,120.0,138.0,172.0,90.0,239.0,5.858387632613415,1.0974401859792795,0.9112113924529466,1.204374961802236,48.57171057065439,1.0,0.4961545187023544,-0.6797051782138879,237718,78.27883458551729,38.86184408066511,6.0,239.0,11.0,20.0,28.0,49.0,76.0,104.0,130.0,147.0,180.0,55.0,233.0,7.2592686349421935,2.0142851281847243,0.4964540451635071,4.057344577626151,38.86184408066511,0.7604790419161677,0.4378474844973447,-0.1154943151182448,0.0432241149246692,0.0433853082358837,867.20703125,62.35068893432617,178.39759826660156,7804.26611328125,295.68389892578125,19.622802734375,1.4825797080993652,36.337493896484375,0.0436433143913745,0.0199659559875726,5.44259607954071,1.4575039744700424,0.562182198612784,0.0782126410905052,0.2791353092913272,0.9122008832975248
171,1,3.0,26,171/3/1/26,3/1/26,2.png,C:\Users\u1021\Downloads\20260803\NASH_datasource_fromDrTsui_171\fast_035\3\1\26\2.png,475,735,349125,31.80121732903688,31.98625134264232,0.0,0.0,68.19878267096313,68.01374865735768,349125,52.16536484067312,48.19304800585829,0.0,239.0,0.0,0.0,0.0,0.0,49.0,88.0,119.0,136.0,171.0,88.0,239.0,5.863546093237895,1.0824251006977594,0.9238514511122976,1.171644098620555,48.19304800585829,1.0,0.5296117869630615,-0.6382392820690974,237453,76.68674221846007,39.17829682569081,6.0,239.0,9.0,17.0,26.0,47.0,74.0,102.0,129.0,145.0,179.0,55.0,233.0,7.262909996365639,1.957378151471185,0.5108874844895913,3.8313292278567537,39.17829682569081,0.7901234567901234,0.4351998270490212,-0.118641573808075,0.042253378778696,0.0429894588887691,877.0125732421875,60.95040130615234,178.29661560058594,7560.46484375,291.823974609375,18.61572265625,1.4825797080993652,35.56386184692383,0.0440874025225639,0.0206677038222551,5.346245538060996,1.4404643738372134,0.5658052421376779,0.0789619190674671,0.2804744572449897,0.9124524314645348
171,1,3.0,26,171/3/1/26,3/1/26,3.png,C:\Users\u1021\Downloads\20260803\NASH_datasource_fromDrTsui_171\fast_035\3\1\26\3.png,475,735,349125,31.80121732903688,31.931256713211603,0.0,0.0,68.19878267096313,68.0687432867884,349125,55.25844611528822,50.226285240469245,0.0,239.0,0.0,0.0,0.0,0.0,53.0,93.0,124.0,142.0,176.0,93.0,239.0,5.89230139325561,1.100189788090567,0.9089340864866132,1.2104175698187662,50.226285240469245,1.0,0.4652729311074032,-0.7664029716793617,237645,81.17212649119485,40.037803895474674,6.0,239.0,10.0,19.0,29.0,51.0,79.0,108.0,135.0,151.0,183.0,57.0,233.0,7.307885552358307,2.027387084044573,0.4932457190192963,4.110298388550756,40.037803895474674,0.7764705882352941,0.3687569983778346,-0.2173398945043798,0.0443069823086261,0.0449872575700283,952.0609130859376,63.9127197265625,188.17544555664065,8296.068359375,311.484130859375,20.208740234375,1.4825797080993652,37.67212677001953,0.0452374555170536,0.0208495929837226,5.756987140258871,1.5031304532669525,0.5565275421453165,0.078339848406096,0.2793648611424963,0.9132183634237148
171,1,3.0,27,171/3/1/27,3/1/27,1.png,C:\Users\u1021\Downloads\20260803\NASH_datasource_fromDrTsui_171\fast_035\3\1\27\1.png,475,735,349125,31.80121732903688,35.73390619405657,0.0,0.0,68.19878267096313,64.26609380594343,349125,48.87652273540996,52.92259411808816,0.0,241.0,0.0,0.0,0.0,0.0,26.0,93.0,127.0,144.0,178.0,93.0,241.0,5.861709676377348,0.9235473723444082,1.0827814900945667,0.852939748964261,52.92259411808816,1.0,0.7261590068550017,-0.6971677884104794,224369,75.80045817381189,48.25500630828477,6.0,241.0,6.0,7.0,9.0,32.0,77.0,112.0,138.0,154.0,187.0,80.0,235.0,7.2709572248856436,1.570830966004825,0.6366057339341554,2.467509923759652,48.25500630828477,0.9130434782608696,0.206048873956344,-0.8066964718266778,0.0379527732729911,0.0451632440090179,787.98095703125,54.74678421020508,174.16221618652344,7241.45654296875,282.24188232421875,16.11328125,0.0,,0.03190878033638,0.0150367254391312,5.191344401065906,1.3055009079908324,0.6175230727620263,0.1298794107580781,0.3600201704420965,0.9335518641282722
171,1,3.0,27,171/3/1/27,3/1/27,2.png,C:\Users\u1021\Downloads\20260803\NASH_datasource_fromDrTsui_171\fast_035\3\1\27\2.png,475,735,349125,31.80179018976012,34.68872180451128,0.0,0.0,68.19820981023989,65.31127819548873,349125,49.02859147869674,51.52518428993055,0.0,241.0,0.0,0.0,0.0,0.0,33.0,89.0,124.0,143.0,179.0,89.0,241.0,5.903454933982193,0.9515461643536184,1.050921161223214,0.9054401028960836,51.52518428993055,1.0,0.7323460588647863,-0.5496218935423123,228018,74.88579848959293,46.225100196995626,6.0,241.0,6.0,8.0,11.0,36.0,74.0,108.0,136.0,153.0,187.0,72.0,235.0,7.315515226429544,1.620024579080525,0.6172745851594231,2.6244796368250323,46.225100196995626,0.9006211180124224,0.3212894260495823,-0.55805920045499,0.0383733436465263,0.0443551242351532,787.708984375,55.35346221923828,174.37428283691406,7157.7236328125,279.3957214355469,15.78369140625,1.4825797080993652,33.42459487915039,0.0341597683727741,0.0159357879310846,5.0794821724606445,1.3099736905686878,0.6100957323499805,0.1136937052599414,0.3367923996470414,0.9305768026713896
171,1,3.0,27,171/3/1/27,3/1/27,3.png,C:\Users\u1021\Downloads\20260803\NASH_datasource_fromDrTsui_171\fast_035\3\1\27\3.png,475,735,349125,31.80179018976012,35.59899749373434,0.0,0.0,68.19820981023989,64.40100250626566,349125,51.06925886143932,53.354877334670384,0.0,237.0,0.0,0.0,0.0,0.0,34.0,96.0,129.0,146.0,177.0,96.0,237.0,5.8981047227131125,0.9571619580550352,1.0447552700819958,0.9161590139477488,53.354877334670384,1.0,0.6373441634535515,-0.850079501954824,224840,79.05681818181819,47.10674726145271,6.0,237.0,6.0,7.0,11.0,40.0,80.0,114.0,140.0,155.0,184.0,74.0,231.0,7.323309792278184,1.678248293031901,0.5958593875244844,2.816517333064489,47.10674726145271,0.9135802469135802,0.1335658227797132,-0.8064322969637248,0.0389037504792213,0.0448656752705574,822.7503662109375,56.11856842041016,175.22784423828125,7337.79541015625,285.1361694335937,16.265869140625,0.0,,0.0316692665219306,0.0153922168537974,5.272532189035763,1.3331190240791158,0.6100551085162866,0.1261378028236431,0.3547793502985017,0.9331243725540652
171,1,3.0,28,171/3/1/28,3/1/28,1.png,C:\Users\u1021\Downloads\20260803\NASH_datasource_fromDrTsui_171\fast_035\3\1\28\1.png,475,735,349125,31.80121732903688,32.90540637307554,0.0,0.0,68.19878267096313,67.09459362692446,349125,49.40312781954887,49.287237664428105,0.0,240.0,0.0,0.0,0.0,0.0,41.0,86.0,119.0,139.0,179.0,86.0,240.0,5.903920764572376,1.0023513217744076,0.9976541939703883,1.0047081722629017,49.287237664428105,1.0,0.7088176964575875,-0.3884990643294133,234244,73.56177746281655,42.97223857250128,6.0,240.0,6.0,10.0,16.0,40.0,71.0,101.0,131.0,150.0,187.0,61.0,234.0,7.306266201753496,1.7118442023611515,0.5841653105000427,2.9304105731574865,42.97223857250128,0.875,0.469019555131101,-0.1632339040834405,0.0386436954140663,0.0428368747234344,782.18017578125,55.74344253540039,163.8780059814453,6925.5947265625,268.3397216796875,17.78564453125,1.4825797080993652,33.680992126464844,0.0363216772675514,0.0175207462161779,4.938381564280351,1.3225974777286678,0.5956765522292663,0.0863852343061333,0.2934401907658931,0.924701360644556
171,1,3.0,28,171/3/1/28,3/1/28,2.png,C:\Users\u1021\Downloads\20260803\NASH_datasource_fromDrTsui_171\fast_035\3\1\28\2.png,475,735,349125,31.801503759398496,33.3001074113856,0.0,0.0,68.1984962406015,66.69989258861439,349125,46.69782456140351,46.57239983604427,0.0,237.0,0.0,0.0,0.0,0.0,39.0,81.0,112.0,131.0,172.0,81.0,237.0,5.854844503204126,1.002693112783554,0.9973141205926132,1.0053934784235727,46.57239983604427,1.0,0.7301391484405514,-0.3011096610342396,232866,69.91812888098735,40.40182884617013,6.0,237.0,6.0,10.0,17.0,39.0,67.0,96.0,124.0,142.0,179.0,57.0,231.0,7.230412363831498,1.7305684142963047,0.5778448235498547,2.9948670365600267,40.40182884617013,0.868421052631579,0.52514245555817,-0.0324307800784402,0.0375301614403724,0.0413853116333484,757.11767578125,54.13717651367188,158.73526000976562,6494.7109375,248.45474243164065,17.816162109375,1.4825797080993652,31.83595466613769,0.0402001775801181,0.0192563124001026,4.600665668940906,1.278086360673072,0.6013635477423479,0.0962533943610049,0.3097983889919738,0.920873864598568
171,1,3.0,28,171/3/1/28,3/1/28,3.png,C:\Users\u1021\Downloads\20260803\NASH_datasource_fromDrTsui_171\fast_035\3\1\28\3.png,475,735,349125,31.80121732903688,32.553097028285,0.0,0.0,68.19878267096313,67.446902971715,349125,53.46426924453992,51.04053009338695,0.0,240.0,0.0,0.0,0.0,0.0,49.0,92.0,124.0,143.0,183.0,92.0,240.0,5.9329743813698,1.047486559146591,0.9546661876164988,1.0972280915927644,51.04053009338695,1.0,0.582713213574926,-0.6001727982614868,235474,79.22151065510417,42.711640710784735,6.0,240.0,7.0,12.0,22.0,47.0,77.0,107.0,135.0,154.0,191.0,60.0,234.0,7.351598157569602,1.854799050955227,0.539141962297747,3.440279519424412,42.711640710784735,0.8554216867469879,0.3877442510206618,-0.1709445094354946,0.0412661768496036,0.0445968620479106,891.6314697265625,59.5263671875,172.2860870361328,7681.8505859375,294.5833435058594,18.896484375,1.4825797080993652,36.45062255859375,0.038747314363718,0.0188041478395462,5.463800455482757,1.4163582106707775,0.5759104532707698,0.0825974291420204,0.2868983380743715,0.921631097715225
171,1,3.0,29,171/3/1/29,3/1/29,1.png,C:\Users\u1021\Downloads\20260803\NASH_datasource_fromDrTsui_171\fast_035\3\1\29\1.png,475,735,349125,31.80121732903688,31.84962406015038,0.0,0.0,68.19878267096313,68.15037593984962,349125,62.01554457572502,54.71096927173377,0.0,240.0,0.0,0.0,0.0,0.0,63.0,104.0,137.0,156.0,188.0,104.0,240.0,5.945644864493476,1.1335120799580705,0.882213800524288,1.2848496354108712,54.71096927173377,1.0,0.3638396604093002,-0.9260329947449008,237930,90.99512881940066,41.89694971759448,6.0,240.0,13.0,25.0,36.0,61.0,89.0,119.0,147.0,165.0,194.0,58.0,234.0,7.390775956935188,2.171879562420449,0.4604306874574347,4.717060833659642,41.89694971759448,0.7368421052631579,0.2980222527548783,-0.3174624540597399,0.0450910851359367,0.0465414077043533,1007.3348388671876,65.04378509521484,190.8516998291016,8737.919921875,359.3539733886719,19.37255859375,1.4825797080993652,42.278106689453125,0.0376187115907669,0.0186019074171781,6.244905313552394,1.551897038472978,0.5507349581371774,0.0767232211199757,0.2764663562506089,0.9213749780831638
171,1,3.0,29,171/3/1/29,3/1/29,2.png,C:\Users\u1021\Downloads\20260803\NASH_datasource_fromDrTsui_171\fast_035\3\1\29\2.png,475,735,349125,31.80121732903688,31.841031149301823,0.0,0.0,68.19878267096313,68.15896885069817,349125,57.02723093447906,50.42289865969616,0.0,234.0,0.0,0.0,0.0,0.0,57.0,95.0,125.0,144.0,177.0,95.0,234.0,5.865168381431249,1.130978830062022,0.8841898481381485,1.27911311404846,50.42289865969616,1.0,0.4057886126346356,-0.7997133438610962,237960,83.66542696251472,38.7510259906588,6.0,234.0,13.0,24.0,34.0,55.0,81.0,109.0,136.0,153.0,184.0,54.0,228.0,7.273427539555437,2.159050627012633,0.4631665360175682,4.661499610003644,38.7510259906588,0.7288135593220338,0.4130221839765162,-0.1304776183008797,0.0428088717162609,0.043436013162136,915.06640625,61.75170135498047,176.7596893310547,7739.0908203125,303.4084167480469,20.037841796875,1.4825797080993652,38.87621307373047,0.0396999046206474,0.0200926307588815,5.5440567321052425,1.4720118757845382,0.557573372326568,0.0781190436737121,0.2789753283631708,0.916588791647683
171,1,3.0,29,171/3/1/29,3/1/29,3.png,C:\Users\u1021\Downloads\20260803\NASH_datasource_fromDrTsui_171\fast_035\3\1\29\3.png,475,735,349125,31.80121732903688,31.8530612244898,0.0,0.0,68.19878267096313,68.14693877551021,349125,57.02227282491944,50.82229593256117,0.0,239.0,0.0,0.0,0.0,0.0,56.0,96.0,126.0,145.0,176.0,96.0,239.0,5.88316240690413,1.1219932468337392,0.8912709615873325,1.258868845940516,50.82229593256117,1.0,0.4082115627888559,-0.8566169969533011,237918,83.67210551534562,39.50354125902163,6.0,239.0,12.0,23.0,32.0,54.0,82.0,110.0,137.0,154.0,182.0,56.0,233.0,7.299079596426068,2.118091260900236,0.4721231886745889,4.486310589501951,39.50354125902163,0.7401129943502824,0.3499834979789871,-0.2941500276182154,0.0433427169919014,0.0437381453812122,920.5128173828124,62.521766662597656,177.96871948242188,7889.5947265625,309.3157958984375,19.561767578125,1.4825797080993652,38.87094497680664,0.0395634435117244,0.0200063996016979,5.666110618806861,1.4914908409268566,0.5552893011003269,0.0778174926164532,0.2784340411314738,0.9164004016129452
171,1,3.0,30,171/3/1/30,3/1/30,1.png,C:\Users\u1021\Downloads\20260803\NASH_datasource_fromDrTsui_171\fast_035\3\1\30\1.png,475,735,349125,31.801503759398496,33.32388113139993,0.0,0.0,68.1984962406015,66.67611886860007,349125,45.54448693161475,46.33536265731556,0.0,241.0,0.0,0.0,0.0,0.0,38.0,75.0,110.0,133.0,182.0,75.0,241.0,5.850267900022851,0.9829314873059284,1.0173649058093093,0.9661543087374443,46.33536265731556,1.0,0.9159586753332972,0.3228493923498963,232783,68.21267876090609,40.95878419698261,6.0,241.0,6.0,11.0,19.0,38.0,62.0,91.0,123.0,147.0,190.0,53.0,235.0,7.22288140535697,1.6653980360562373,0.600457054920072,2.7735506184999714,40.95878419698261,0.8607594936708861,0.8384066742474847,0.6213841934308348,0.0366730093955993,0.0406143702566623,698.036865234375,52.90073394775391,161.96170043945312,6230.8232421875,248.1773376464844,16.14990234375,1.4825797080993652,31.048736572265625,0.0351194515824317,0.0176150985062122,4.600931451999986,1.2710332473225427,0.6028573300546646,0.097081455926398,0.3111088422363482,0.9207060297090772
171,1,3.0,30,171/3/1/30,3/1/30,2.png,C:\Users\u1021\Downloads\20260803\NASH_datasource_fromDrTsui_171\fast_035\3\1\30\2.png,475,735,349125,31.801503759398496,33.33934837092732,0.0,0.0,68.1984962406015,66.66065162907269,349125,46.65107626208378,47.218897125837614,0.0,237.0,0.0,0.0,0.0,0.0,40.0,78.0,111.0,135.0,184.0,78.0,237.0,5.861655079046741,0.9879747114329968,1.012171656245696,0.9760940304311136,47.218897125837614,1.0,0.8735736854170999,0.2053305686544679,232729,69.8859274091325,41.53369031444272,6.0,237.0,6.0,10.0,19.0,40.0,65.0,93.0,125.0,150.0,192.0,53.0,231.0,7.241423255532462,1.6826322650369143,0.5943069206378623,2.831251339343257,41.53369031444272,0.875,0.7729838236760579,0.5428504228690612,0.0373462811112403,0.0413532964885234,716.37939453125,53.87192153930664,163.24366760253906,6460.54931640625,253.85484313964844,16.497802734375,1.4825797080993652,31.8039665222168,0.0348882228136062,0.0176661740988492,4.704657834680325,1.287345811215208,0.5996732294111918,0.0952947671080156,0.3082494413333468,0.9220730896871028
171,1,3.0,30,171/3/1/30,3/1/30,3.png,C:\Users\u1021\Downloads\20260803\NASH_datasource_fromDrTsui_171\fast_035\3\1\30\3.png,475,735,349125,31.80121732903688,32.66423200859291,0.0,0.0,68.19878267096313,67.3357679914071,349125,43.31475546007877,43.97666955717773,0.0,238.0,0.0,0.0,0.0,0.0,37.0,69.0,103.0,128.0,178.0,69.0,238.0,5.78967105097197,0.9849485169349091,1.0152814921859368,0.970123581012277,43.97666955717773,1.0,1.0177105608756938,0.736241007359173,235086,64.27334677522269,39.07796839170638,6.0,238.0,7.0,13.0,21.0,36.0,57.0,84.0,117.0,144.0,186.0,48.0,232.0,7.136556316323287,1.6447463729681402,0.6079964768035215,2.705190631391853,39.07796839170638,0.8343949044585988,1.0468329239284988,1.1189285259462558,0.0352426320314407,0.0380671359598636,644.3360595703125,50.83741760253906,150.22915649414062,5599.74462890625,223.15817260742188,14.984130859375,1.4825797080993652,29.528640747070312,0.0355631522834301,0.0181550178676843,4.171344936400627,1.218425627064747,0.606925880250714,0.0884831324641375,0.2969726489439511,0.9193434912261038
171,1,3.0,31,171/3/1/31,3/1/31,1.png,C:\Users\u1021\Downloads\20260803\NASH_datasource_fromDrTsui_171\fast_035\3\1\31\1.png,475,735,349125,31.80121732903688,33.7921947726459,0.0,0.0,68.19878267096313,66.2078052273541,349125,50.78285141424991,48.96183327009313,0.0,237.0,0.0,0.0,0.0,0.0,46.0,87.0,118.0,138.0,176.0,87.0,237.0,5.888222765872989,1.0371926053934972,0.964141081222434,1.075768500682951,48.96183327009313,1.0,0.6022932180948034,-0.5459577959364315,231148,76.58099572568224,40.63009214432692,6.0,237.0,6.0,12.0,23.0,47.0,75.0,102.0,130.0,149.0,184.0,55.0,231.0,7.279199135451881,1.8848344092760088,0.5305505858119992,3.552600750390841,40.63009214432692,0.8509316770186336,0.4148426428371463,-0.0437259076534659,0.0400412753224372,0.0422202795743942,832.3182373046875,57.75944900512695,167.73609924316406,7045.28759765625,274.5372009277344,18.34716796875,1.4825797080993652,34.62044906616211,0.039272416383028,0.0192666463553905,5.066893691292418,1.3711052336309002,0.5853456191780174,0.100303926749732,0.3162554909482919,0.9210959133682732
171,1,3.0,31,171/3/1/31,3/1/31,2.png,C:\Users\u1021\Downloads\20260803\NASH_datasource_fromDrTsui_171\fast_035\3\1\31\2.png,475,735,349125,31.801503759398496,33.348514142499106,0.0,0.0,68.1984962406015,66.65148585750089,349125,51.7900179018976,49.86686016605636,0.0,240.0,0.0,0.0,0.0,0.0,47.0,89.0,120.0,140.0,181.0,89.0,240.0,5.908620539850611,1.038565847728073,0.9628662469380848,1.0786190200671308,49.86686016605636,1.0,0.6073465158254268,-0.5314231460994105,232697,77.60647107612044,41.61665769546492,6.0,240.0,6.0,11.0,23.0,47.0,76.0,104.0,132.0,151.0,188.0,57.0,234.0,7.310475952746962,1.8647934594847928,0.5362524170780185,3.4774546465372618,41.61665769546492,0.8641975308641975,0.4223656799195727,-0.0542255405631779,0.0404240414500236,0.0430759713053703,827.7962646484375,58.31159210205078,171.65451049804688,7261.24755859375,282.2276916503906,17.999267578125,1.4825797080993652,35.30516052246094,0.0383131392300128,0.018076691776514,5.210449624204739,1.388031189947642,0.5818726463452464,0.0961932418211962,0.309694124636872,0.9219890095191524
171,1,3.0,31,171/3/1/31,3/1/31,3.png,C:\Users\u1021\Downloads\20260803\NASH_datasource_fromDrTsui_171\fast_035\3\1\31\3.png,475,735,349125,31.801503759398496,33.9405656999642,0.0,0.0,68.1984962406015,66.0594343000358,349125,54.05385750089509,50.24403342973138,0.0,239.0,0.0,0.0,0.0,0.0,54.0,92.0,122.0,140.0,176.0,92.0,239.0,5.87614823047876,1.0758263979043785,0.92951799839446,1.1574024384279102,50.24403342973138,1.0,0.4614677011706131,-0.7943636385238975,230630,81.69596323114946,39.6198663738356,6.0,239.0,6.0,14.0,30.0,54.0,80.0,107.0,133.0,150.0,183.0,53.0,233.0,7.261552520844176,2.061994920939469,0.4849672469340459,4.251823053980167,39.6198663738356,0.8292682926829268,0.2798422672575086,-0.0534596286982615,0.0420495234429836,0.0444557890295982,908.1563720703124,60.65634536743164,179.7717742919922,7791.5126953125,307.36688232421875,19.0673828125,1.4825797080993652,36.84975051879883,0.0406792797148227,0.0199271254241466,5.587118012236107,1.4469081444618304,0.5743428793115625,0.1009961023136725,0.3173569835589531,0.9168949566966966
171,1,3.0,32,171/3/1/32,3/1/32,1.png,C:\Users\u1021\Downloads\20260803\NASH_datasource_fromDrTsui_171\fast_035\3\1\32\1.png,475,735,349125,31.801503759398496,34.599928392409595,0.0,0.0,68.1984962406015,65.4000716075904,349125,42.32024346580737,43.853531307930005,0.0,237.0,0.0,0.0,0.0,0.0,34.0,72.0,101.0,124.0,172.0,72.0,237.0,5.779584288846014,0.965036160227184,1.0362306006902218,0.9312947905460272,43.853531307930005,1.0,0.9238410771913432,0.3493437074520353,228328,64.53663151256087,38.90221108974201,6.0,237.0,6.0,9.0,16.0,36.0,61.0,86.0,114.0,140.0,180.0,50.0,231.0,7.121612749892249,1.6589450754787127,0.6027927113327941,2.752098763455072,38.90221108974201,0.8791946308724832,0.7908798683008207,0.6788586906130685,0.0349521413445472,0.0389809980988502,660.1895751953125,50.41838836669922,153.02407836914062,5703.8271484375,237.4532470703125,16.54052734375,1.4825797080993652,28.852413177490234,0.0400665700435638,0.0189113300293684,4.116879994913796,1.19857226171274,0.6182084327887691,0.112260385375936,0.3346446432058406,0.9200513556410737
171,1,3.0,32,171/3/1/32,3/1/32,2.png,C:\Users\u1021\Downloads\20260803\NASH_datasource_fromDrTsui_171\fast_035\3\1\32\2.png,475,735,349125,31.80121732903688,31.86623702112424,0.0,0.0,68.19878267096313,68.13376297887575,349125,48.48207662012173,45.92026006625691,0.0,240.0,0.0,0.0,0.0,0.0,45.0,77.0,109.0,136.0,181.0,77.0,240.0,5.789165711174712,1.0557883720642796,0.9471595127012036,1.114689086586142,45.92026006625691,1.0,0.800666370513021,0.2005597405014003,237872,71.15308653393421,38.49631446022717,6.0,240.0,11.0,20.0,27.0,43.0,65.0,90.0,124.0,150.0,186.0,47.0,234.0,7.160104064198712,1.8483090532587656,0.5410350602551524,3.4162463563583154,38.49631446022717,0.7647058823529411,0.957327836555794,0.8783596204853614,0.0388697981834411,0.0423964411020278,770.42138671875,56.06959533691406,165.86256408691406,6883.94970703125,283.31964111328125,16.97998046875,1.4825797080993652,33.05082702636719,0.0400873385369777,0.0200910717248916,5.036194462364204,1.3496458290390547,0.5815893846864038,0.0789696531202991,0.2804870215342235,0.9088764263660426
171,1,3.0,32,171/3/1/32,3/1/32,3.png,C:\Users\u1021\Downloads\20260803\NASH_datasource_fromDrTsui_171\fast_035\3\1\32\3.png,475,735,349125,31.80121732903688,31.844181883279628,0.0,0.0,68.19878267096313,68.15581811672037,349125,51.12919441460795,47.636147737249416,0.0,242.0,0.0,0.0,0.0,0.0,48.0,82.0,114.0,141.0,185.0,82.0,242.0,5.820673374494059,1.0733276480840857,0.9316819535814836,1.152032240141715,47.636147737249416,1.0,0.7226651150967748,0.0039996626276099,237949,75.01547390407188,39.21371215013757,6.0,242.0,12.0,22.0,29.0,47.0,69.0,95.0,128.0,155.0,191.0,48.0,236.0,7.207806970824875,1.9129908848430384,0.5227416439477965,3.659534125492552,39.21371215013757,0.751412429378531,0.8827204370770035,0.7337139376737021,0.0409668944776058,0.0445056445896625,842.16650390625,59.09465408325195,178.08901977539062,7613.7275390625,311.8463439941406,17.474365234375,1.4825797080993652,34.85700225830078,0.0427588410675525,0.0200616680085659,5.4541916682459375,1.4089224035997312,0.5736698036739672,0.078152569348922,0.2790324164315686,0.9081609408780102
171,1,3.0,33,171/3/1/33,3/1/33,1.png,C:\Users\u1021\Downloads\20260803\NASH_datasource_fromDrTsui_171\fast_035\3\1\33\1.png,475,735,349125,31.80264948084497,34.64776226279986,0.0,0.0,68.19735051915504,65.35223773720014,349125,42.77579090583602,46.734163899985205,0.0,240.0,0.0,0.0,0.0,0.0,29.0,74.0,110.0,132.0,180.0,74.0,240.0,5.824610754689229,0.915300228701632,1.0925376927071413,0.83777450866126,46.734163899985205,1.0,0.9989117803971732,0.3132320589727086,228161,65.27262327917568,43.36542796306244,6.0,240.0,6.0,8.0,11.0,31.0,60.0,92.0,124.0,147.0,188.0,61.0,234.0,7.19512857443787,1.5051765045365917,0.6643739102929171,2.2655563098089915,43.36542796306244,0.896774193548387,0.7149886978096089,0.1794041376762778,0.0347596481442451,0.0403232872486114,705.2080078125,50.140716552734375,160.4297332763672,5897.404296875,233.57688903808597,14.9658203125,1.4825797080993652,29.1616268157959,0.036452230066061,0.0174257773905992,4.261144951533712,1.1935616290952324,0.6264046596715526,0.1147691457543782,0.3383857488317245,0.9289175420012532
171,1,3.0,33,171/3/1/33,3/1/33,2.png,C:\Users\u1021\Downloads\20260803\NASH_datasource_fromDrTsui_171\fast_035\3\1\33\2.png,475,735,349125,31.80121732903688,35.0937343358396,0.0,0.0,68.19878267096313,64.9062656641604,349125,43.09539563193699,46.69306555806108,0.0,239.0,0.0,0.0,0.0,0.0,30.0,75.0,110.0,132.0,178.0,75.0,239.0,5.819123255330506,0.9229506590941106,1.0834815384188732,0.8518379191222532,46.69306555806108,1.0,0.954378191388846,0.1999207155605766,226604,66.18640006354698,42.882250677920176,6.0,239.0,6.0,8.0,11.0,33.0,62.0,93.0,124.0,145.0,187.0,60.0,233.0,7.1927310253860055,1.5434451088087588,0.6479012400847909,2.3822228039056816,42.882250677920176,0.8954248366013072,0.6621067999882699,0.1459372375021161,0.0354974642395973,0.0409290194511413,708.055908203125,51.20500946044922,160.90243530273438,6107.6767578125,232.0463104248047,15.6494140625,0.0,,0.0372334048151969,0.0175488460808992,4.354639154191825,1.2125133929066634,0.6235552152855136,0.1202843876824944,0.346435386131364,0.9272139218607408
171,1,3.0,33,171/3/1/33,3/1/33,3.png,C:\Users\u1021\Downloads\20260803\NASH_datasource_fromDrTsui_171\fast_035\3\1\33\3.png,475,735,349125,31.80121732903688,36.44110275689223,0.0,0.0,68.19878267096313,63.55889724310777,349125,37.51836161833155,42.30697086613269,0.0,239.0,0.0,0.0,0.0,0.0,24.0,64.0,96.0,119.0,170.0,64.0,239.0,5.696206948034736,0.886812760408841,1.1276337516151402,0.7864368720239485,42.30697086613269,1.0,1.1615150030252632,0.9799983458756376,221900,58.7316764308247,39.75030168137226,6.0,239.0,6.0,7.0,9.0,28.0,54.0,80.0,111.0,136.0,180.0,52.0,233.0,7.024899880075815,1.4775152375345988,0.6768119709334525,2.1830512771469217,39.75030168137226,0.902097902097902,0.9145476529063808,0.8591393032323706,0.0321096405386924,0.0384997017681598,586.724609375,46.31808853149414,151.18002319335938,5229.5830078125,198.80841064453125,14.007568359375,0.0,,0.0360557027161121,0.0178158655762672,3.8228532694508943,1.099913056150214,0.64885758522743,0.1382970310145911,0.371532375594501,0.922140034717958
171,1,3.0,34,171/3/1/34,3/1/34,1.png,C:\Users\u1021\Downloads\20260803\NASH_datasource_fromDrTsui_171\fast_035\3\1\34\1.png,475,735,349125,31.80179018976012,35.68607232366631,0.0,0.0,68.19820981023989,64.31392767633369,349125,43.12287289652704,43.59539712984223,0.0,241.0,0.0,0.0,0.0,0.0,38.0,74.0,100.0,120.0,170.0,74.0,241.0,5.755386211780636,0.98916114396417,1.0109576241464482,0.9784397687285056,43.59539712984223,1.0,0.8419162773461573,0.2764944389163841,224536,66.8159537891474,37.16441063623819,6.0,241.0,6.0,10.0,20.0,41.0,64.0,87.0,112.0,136.0,179.64999999999418,46.0,235.0,7.093583881971648,1.797847796999548,0.5562206109265274,3.2322567011761287,37.16441063623819,0.863013698630137,0.7850568776902721,1.068801729467979,0.0361915305256843,0.0444754101336002,716.9798583984375,52.20619583129883,161.3557586669922,6841.43798828125,241.4835662841797,15.58837890625,1.4825797080993652,29.400156021118164,0.0430333726108074,0.0210294257849454,4.863478994839897,1.2373681789450943,0.6196289740126447,0.1157354603296451,0.3397998493445293,0.902608515852076
171,1,3.0,34,171/3/1/34,3/1/34,2.png,C:\Users\u1021\Downloads\20260803\NASH_datasource_fromDrTsui_171\fast_035\3\1\34\2.png,475,735,349125,31.80121732903688,35.8516290726817,0.0,0.0,68.19878267096313,64.1483709273183,349125,42.857887576083066,43.59597205424315,0.0,240.0,0.0,0.0,0.0,0.0,38.0,73.0,99.0,120.0,171.0,73.0,240.0,5.752233841983596,0.9830698928506116,1.0172216718999465,0.9664264142293127,43.59597205424315,1.0,0.8813252171939981,0.4378186239182389,223958,66.56610167977925,37.33810162314279,6.0,240.0,6.0,10.0,20.0,41.0,64.0,87.0,112.0,136.0,181.0,46.0,234.0,7.092093747778089,1.7827928787499054,0.560917654495681,3.1783504485213747,37.33810162314279,0.863013698630137,0.8477722348199298,1.2896258583204228,0.0365630984306335,0.0457829907536506,714.9957275390625,52.742183685302734,167.14573669433594,7143.265625,248.9602508544922,15.46630859375,1.4825797080993652,29.21708106994629,0.0442204251885414,0.0217334143817424,5.080693728588339,1.252125562953138,0.6197748550545861,0.1162962729378184,0.3406257571310398,0.8986684046165042
171,1,3.0,34,171/3/1/34,3/1/34,3.png,C:\Users\u1021\Downloads\20260803\NASH_datasource_fromDrTsui_171\fast_035\3\1\34\3.png,475,735,349125,31.80207662012173,35.75281059792338,0.0,0.0,68.19792337987826,64.24718940207661,349125,43.60033798782671,44.37211635640823,0.0,241.0,0.0,0.0,0.0,0.0,39.0,74.0,101.0,124.0,175.0,74.0,241.0,5.766598213494821,0.9826066811332056,1.0177012015089653,0.9655158898076128,44.37211635640823,1.0,0.898158132123891,0.4851775409412373,224303,67.62520786614535,38.069122526640186,6.0,241.0,6.0,10.0,21.0,42.0,64.0,87.0,115.0,141.0,186.0,45.0,235.0,7.112734568532963,1.7763794744368553,0.5629427801832816,3.155524037200559,38.069122526640186,0.8675496688741722,0.8826972824388248,1.310637677893986,0.0366429947316646,0.0456185266375541,760.7110595703125,52.85743713378906,164.43202209472656,7124.1572265625,253.87872314453125,15.46630859375,1.4825797080993652,29.72715377807617,0.0440423786640167,0.0223455410450696,5.083659535593731,1.2614278922800943,0.6165454511324172,0.1159536233576816,0.3401191391771956,0.9021028284006456
171,1,3.0,35,171/3/1/35,3/1/35,1.png,C:\Users\u1021\Downloads\20260803\NASH_datasource_fromDrTsui_171\fast_035\3\1\35\1.png,475,735,349125,31.80121732903688,33.96920873612603,0.0,0.0,68.19878267096313,66.03079126387397,349125,40.32260078768349,43.20242120088049,0.0,241.0,0.0,0.0,0.0,0.0,30.0,67.0,100.0,123.0,174.0,67.0,241.0,5.770235823093905,0.9333412264139884,1.0714195105707724,0.871125844923968,43.20242120088049,1.0,1.0764430067834847,0.7960830665081886,230530,60.92998308246215,39.6980007866846,6.0,241.0,6.0,8.0,13.0,31.0,55.0,83.0,114.0,137.0,183.0,52.0,235.0,7.104839281019431,1.534837570533253,0.6515347416551494,2.355726367920419,39.6980007866846,0.8896551724137931,0.9335678047818474,0.9006709147281695,0.036831971257925,0.0428037717938423,699.345458984375,53.13003921508789,170.314697265625,6635.1650390625,229.499755859375,15.91796875,1.4825797080993652,27.48748016357422,0.0443679317831993,0.0205144304782152,4.747531731029691,1.2538515167266842,0.6161899607747741,0.1058227846321825,0.3248714806906008,0.905403565474068
171,1,3.0,35,171/3/1/35,3/1/35,2.png,C:\Users\u1021\Downloads\20260803\NASH_datasource_fromDrTsui_171\fast_035\3\1\35\2.png,475,735,349125,31.801503759398496,34.731399928392406,0.0,0.0,68.1984962406015,65.26860007160758,349125,40.56579735051916,43.386970966593566,0.0,242.0,0.0,0.0,0.0,0.0,32.0,67.0,100.0,124.0,176.0,67.0,242.0,5.771167134980967,0.9349764790391424,1.0695456221825823,0.8741810163564321,43.386970966593566,1.0,1.096835174405622,0.8801756248779586,227869,61.969631674339205,39.55195687134839,6.0,242.0,6.0,9.0,16.0,33.0,55.0,83.0,115.0,140.0,185.0,50.0,236.0,7.110838132947836,1.5667905351917055,0.6382474092988086,2.454832581166312,39.55195687134839,0.8791946308724832,0.9973346696582288,1.0346177968913943,0.0367032811045646,0.0425825417041778,678.922119140625,52.94440460205078,168.34487915039062,6576.16748046875,224.70616149902344,15.46630859375,1.4825797080993652,27.653676986694336,0.0422839969396591,0.0198062323033809,4.685280578686007,1.2471394550284804,0.6168257967304268,0.1157347411078559,0.3397751502016009,0.9079766341690656
171,1,3.0,35,171/3/1/35,3/1/35,3.png,C:\Users\u1021\Downloads\20260803\NASH_datasource_fromDrTsui_171\fast_035\3\1\35\3.png,475,735,349125,31.801503759398496,34.951664876476904,0.0,0.0,68.1984962406015,65.04833512352309,349125,42.85950304332259,46.11114844259112,0.0,239.0,0.0,0.0,0.0,0.0,33.0,71.0,108.0,131.0,183.0,71.0,239.0,5.822741506022847,0.929482446022422,1.0758675478803792,0.8639376174638245,46.11114844259112,1.0,1.0555654662433998,0.6478598952090393,227100,65.69027741083224,42.14964349888246,6.0,239.0,6.0,8.0,15.0,35.0,59.0,89.0,123.0,147.0,193.0,54.0,233.0,7.194270088791631,1.558501376472471,0.6416420383685584,2.428926540466586,42.14964349888246,0.896774193548387,0.8924780711270991,0.6949208276694221,0.0375539064407348,0.0437105037271976,710.5032958984375,54.171424865722656,171.55551147460938,6910.1357421875,234.72593688964844,16.046142578125,1.4825797080993652,29.21790313720703,0.0389707535505294,0.0184878557920455,4.936610539190292,1.2776003844176378,0.6150159217620766,0.11894916257543,0.3444705716451262,0.9150460101323232
171,1,3.0,36,171/3/1/36,3/1/36,1.png,C:\Users\u1021\Downloads\20260803\NASH_datasource_fromDrTsui_171\fast_035\3\1\36\1.png,475,735,349125,31.801503759398496,33.9609022556391,0.0,0.0,68.1984962406015,66.0390977443609,349125,42.120724668814894,45.47916432785847,0.0,241.0,0.0,0.0,0.0,0.0,33.0,68.0,105.0,135.0,183.0,68.0,241.0,5.818290698790901,0.9261543234428704,1.079733662833443,0.8577618308319213,45.47916432785847,1.0,1.144043442142931,0.9330245213220874,230559,63.64779947865839,42.03472539725676,6.0,241.0,6.0,9.0,15.0,33.0,56.0,85.0,122.0,152.0,190.0,52.0,235.0,7.175704327023745,1.5141718871038976,0.660427002057649,2.2927165036957784,42.03472539725676,0.8881987577639752,1.0321747684165252,0.896633798395936,0.0346331372857093,0.0383406169712543,663.5174560546875,49.95821380615234,148.78843688964844,5554.60546875,212.82347106933597,15.51513671875,1.4825797080993652,28.71503448486328,0.0359368100762367,0.0176450461149215,4.014400745313253,1.1838802272435809,0.619449114526817,0.1036517991005287,0.3214911490396082,0.9285777673610324
171,1,3.0,36,171/3/1/36,3/1/36,2.png,C:\Users\u1021\Downloads\20260803\NASH_datasource_fromDrTsui_171\fast_035\3\1\36\2.png,475,735,349125,31.80179018976012,34.761188686000715,0.0,0.0,68.19820981023989,65.23881131399928,349125,40.51589258861439,44.63131119891023,0.0,238.0,0.0,0.0,0.0,0.0,30.0,64.0,103.0,134.0,179.0,64.0,238.0,5.79461883430762,0.90779077513644,1.1015754151607249,0.8240840914228186,44.63131119891023,1.0,1.1986816367342776,1.0377467942394183,227765,61.92329813623691,41.64450260674568,6.0,238.0,6.0,9.0,15.0,32.0,53.0,83.0,121.0,151.0,186.0,51.0,232.0,7.144220157911871,1.4869501197069506,0.6725175153804627,2.211020658496514,41.64450260674568,0.8875,1.06334550744427,0.8595863648399469,0.0331756621599197,0.0371631197631359,617.0184326171875,47.85581970214844,146.5329132080078,5163.96728515625,199.2649383544922,13.909912109375,1.4825797080993652,27.622264862060547,0.0345542952418327,0.0170886516571044,3.754603452236331,1.133425876235776,0.6305114080617474,0.1106833026259174,0.3322369809906274,0.9308814696269216
171,1,3.0,36,171/3/1/36,3/1/36,3.png,C:\Users\u1021\Downloads\20260803\NASH_datasource_fromDrTsui_171\fast_035\3\1\36\3.png,475,735,349125,31.80207662012173,33.47568922305764,0.0,0.0,68.19792337987826,66.52431077694236,349125,37.617707124955245,41.36396719346745,0.0,239.0,0.0,0.0,0.0,0.0,29.0,58.0,94.0,126.0,171.0,58.0,239.0,5.709266216416747,0.9094317996387964,1.099587677049752,0.8270661981942602,41.36396719346745,1.0,1.309293574821456,1.5038116966413693,232253,56.44502762074117,38.89289842047993,6.0,239.0,6.0,10.0,16.0,29.0,47.0,73.0,113.0,141.0,178.0,44.0,233.0,7.009447029128819,1.4512939357334904,0.6890402938909791,2.106254087896805,38.89289842047993,0.8675496688741722,1.250687450050811,1.3467432876911225,0.0316147655248642,0.0363493971526622,556.2225341796875,45.60422897338867,138.29928588867188,4829.06201171875,182.3721466064453,12.0361328125,1.4825797080993652,25.646808624267575,0.0352631621062755,0.017925402149558,3.579750417162456,1.0929178141114564,0.6358342696579061,0.098609471741125,0.3135375988862572,0.922386131415398
171,1,3.0,37,171/3/1/37,3/1/37,1.png,C:\Users\u1021\Downloads\20260803\NASH_datasource_fromDrTsui_171\fast_035\3\1\37\1.png,475,735,349125,31.80121732903688,31.83415682062299,0.0,0.0,68.19878267096313,68.16584317937702,349125,54.74086358754028,48.549580422165214,0.0,238.0,0.0,0.0,0.0,0.0,55.0,88.0,118.0,142.0,181.0,88.0,238.0,5.807255150909131,1.1275249571991863,0.8868983286046608,1.2713125291070269,48.549580422165214,1.0,0.5153103129889692,-0.4277211228560666,237984,80.30329770068576,37.48589959300536,6.0,238.0,15.0,27.0,36.0,54.0,76.0,101.0,131.0,154.0,187.0,47.0,232.0,7.189013459387867,2.1422267725347552,0.4668039877107717,4.589135544964674,37.48589959300536,0.7016574585635359,0.7334168530861622,0.4874916406642122,0.0442676655948162,0.0468753017485141,945.332275390625,63.85601043701172,188.5865478515625,8649.71875,350.8916320800781,19.6044921875,1.4825797080993652,37.31754302978516,0.0462278053164482,0.0220551546663045,6.191283270948069,1.5235057076930287,0.5539469179217582,0.0783302199794317,0.2793558556665447,0.8983268938507781
171,1,3.0,37,171/3/1/37,3/1/37,2.png,C:\Users\u1021\Downloads\20260803\NASH_datasource_fromDrTsui_171\fast_035\3\1\37\2.png,475,735,349125,31.80121732903688,31.82126745435016,0.0,0.0,68.19878267096313,68.17873254564984,349125,57.63178231292517,50.51583396575642,0.0,241.0,0.0,0.0,0.0,0.0,59.0,93.0,123.0,147.0,187.0,93.0,241.0,5.832431853654353,1.1408657006829284,0.8765273593564911,1.301574546994749,50.51583396575642,1.0,0.4700112552154669,-0.5044604970380049,238029,84.52920862583971,38.33183198031024,6.0,241.0,17.0,30.0,39.0,57.0,80.0,106.0,136.0,159.0,193.0,49.0,235.0,7.226945833258222,2.20519615835892,0.4534743978259911,4.862890096840938,38.33183198031024,0.6825396825396826,0.7133000415568365,0.4570891691134715,0.0456717759370803,0.048173364251852,1010.138671875,65.88143920898438,192.3080139160156,9169.2197265625,379.0863037109375,20.062255859375,2.9651594161987305,19.64633560180664,0.0440174490213394,0.0218692850321531,6.610210566496367,1.5793775315585286,0.5460879643834927,0.0776036893595987,0.2780575072091206,0.8999469202426122
171,1,3.0,37,171/3/1/37,3/1/37,3.png,C:\Users\u1021\Downloads\20260803\NASH_datasource_fromDrTsui_171\fast_035\3\1\37\3.png,475,735,349125,31.80121732903688,31.851915503043323,0.0,0.0,68.19878267096313,68.14808449695667,349125,55.75447475832439,49.37654639136901,0.0,241.0,0.0,0.0,0.0,0.0,57.0,91.0,119.0,141.0,184.0,91.0,241.0,5.833199611715396,1.1291691872575,0.8856068791859055,1.2750230534517633,49.37654639136901,1.0,0.4847827059035086,-0.4750306741581096,237922,81.81058498163263,38.027117294268,6.0,241.0,13.0,26.0,35.0,55.0,79.0,103.0,131.0,153.0,192.0,48.0,235.0,7.225630112292823,2.1513748819967566,0.4648190365929482,4.628413882886559,38.027117294268,0.7094972067039106,0.6526564456126609,0.5468739289766744,0.0439192354679107,0.0460299365222454,963.8935546875,63.35340118408203,187.251953125,8422.3583984375,337.95263671875,18.49365234375,1.4825797080993652,38.01209259033203,0.0448334440588951,0.0221460331231355,6.083667909217578,1.5187032201270088,0.5546932994639672,0.0783848240340621,0.2794562498873044,0.903619266183138
171,1,3.0,4,171/3/1/4,3/1/4,1.png,C:\Users\u1021\Downloads\20260803\NASH_datasource_fromDrTsui_171\fast_035\3\1\4\1.png,475,735,349125,31.80121732903688,32.040673111349804,0.0,0.0,68.19878267096313,67.9593268886502,349125,62.9968320802005,62.96144457549135,0.0,240.0,0.0,0.0,0.0,0.0,46.0,114.0,160.0,179.0,205.0,114.0,240.0,6.119071565334295,1.0005620503936614,0.9994382653295312,1.001124416687968,62.96144457549135,1.0,0.6241034158634968,-0.8943440213201495,237263,92.68278239759256,55.521320292394606,6.0,240.0,8.0,15.0,21.0,43.0,88.0,137.0,171.0,187.0,209.0,94.0,234.0,7.636850380525747,1.6693187753730052,0.599046757726997,2.7866251738128294,55.521320292394606,0.8514851485148515,0.27005755460938,-1.0307122417197718,0.0411458015441894,0.0501774325966835,876.3173828125,59.35272979736328,181.76760864257807,8761.732421875,406.6581115722656,16.49169921875,1.4825797080993652,42.94692611694336,0.0241854228079319,0.0114610167220234,6.405293103228263,1.4285942888519585,0.5858962219319123,0.0766321684628502,0.2762960700003181,0.9420859352641262
171,1,3.0,4,171/3/1/4,3/1/4,2.png,C:\Users\u1021\Downloads\20260803\NASH_datasource_fromDrTsui_171\fast_035\3\1\4\2.png,475,735,349125,31.80121732903688,32.01632653061225,0.0,0.0,68.19878267096313,67.98367346938775,349125,63.71594987468672,63.412149786278015,0.0,240.0,0.0,0.0,0.0,0.0,47.0,115.0,161.0,180.0,206.0,115.0,240.0,6.1255130277139,1.0047908813915412,0.9952319617143556,1.0096047153275902,63.412149786278015,1.0,0.6155519402949627,-0.9054497227492528,237348,93.708786254782,55.72269821932112,6.0,240.0,9.0,15.0,22.0,44.0,89.0,139.0,173.0,188.0,210.0,95.0,234.0,7.647223177108836,1.6816986479360705,0.5946368579336664,2.828110342470007,55.72269821932112,0.8522167487684729,0.2668606310422924,-1.033420987443915,0.0408002138137817,0.0503073446452617,880.9541015625,58.85422134399414,180.0094451904297,8729.9677734375,412.4639892578125,16.766357421875,1.4825797080993652,43.43415069580078,0.0231929942965507,0.0109950145706534,6.458570737182328,1.4274704115165615,0.5847243397198846,0.0761525866198183,0.2754238086669449,0.9424539060770976
171,1,3.0,4,171/3/1/4,3/1/4,3.png,C:\Users\u1021\Downloads\20260803\NASH_datasource_fromDrTsui_171\fast_035\3\1\4\3.png,475,735,349125,31.80121732903688,32.08392409595417,0.0,0.0,68.19878267096313,67.91607590404583,349125,54.02170282849982,58.60412185085227,0.0,237.0,0.0,0.0,0.0,0.0,32.0,97.0,148.0,171.0,199.0,97.0,237.0,6.017970935022703,0.921807223150366,1.0848255197897043,0.8497285566521885,58.60412185085227,1.0,0.8939664288106591,-0.4035425768831793,237112,79.52396335908769,55.04305622631767,6.0,237.0,8.0,13.0,17.0,30.0,67.0,123.0,162.0,180.0,204.0,93.0,231.0,7.486828579280784,1.4447592268880047,0.6921568531207715,2.087329223678025,55.04305622631767,0.8652849740932642,0.5449667188930544,-0.8686404943490311,0.0363027155399322,0.0470421500504016,733.548828125,52.36659240722656,156.3115234375,7346.99462890625,338.5680847167969,13.90380859375,1.4825797080993652,36.82854843139648,0.0223374161869287,0.0109520247206091,5.467874433610046,1.2682509310751764,0.6137315178918301,0.0789231565265994,0.2803985640238067,0.943326872354724
171,1,3.0,41,171/3/1/41,3/1/41,1.png,C:\Users\u1021\Downloads\20260803\NASH_datasource_fromDrTsui_171\fast_035\3\1\41\1.png,475,735,349125,31.80207662012173,36.13634085213032,0.0,0.0,68.19792337987826,63.86365914786968,349125,43.4213276047261,46.90835597272046,0.0,236.0,0.0,0.0,0.0,0.0,28.0,79.0,109.0,130.0,172.0,79.0,236.0,5.759173588451645,0.9256629592812368,1.0803068114300314,0.8568519141852968,46.90835597272046,1.0,0.8389038814851114,-0.1941482853967957,222964,67.71028506844154,42.5652304650308,6.0,236.0,6.0,7.0,9.0,34.0,67.0,95.0,122.0,143.0,180.0,61.0,230.0,7.12033537073693,1.5907416529570657,0.6286375906113212,2.5304590064525763,42.5652304650308,0.9066666666666666,0.4424951153069443,-0.178183651298184,0.0353210046887397,0.0431523360311985,722.4835205078125,50.950469970703125,164.68177795410156,6470.658203125,266.9488525390625,15.41748046875,0.0,,0.0351010933518409,0.0183162633329629,4.723298617442982,1.2228645117117605,0.6299730139041613,0.1357603587076602,0.3680817982982834,0.921804133946432
171,1,3.0,41,171/3/1/41,3/1/41,2.png,C:\Users\u1021\Downloads\20260803\NASH_datasource_fromDrTsui_171\fast_035\3\1\41\2.png,475,735,349125,31.801503759398496,34.35044754744003,0.0,0.0,68.1984962406015,65.64955245255997,349125,49.63673182957393,51.25037885063624,0.0,241.0,0.0,0.0,0.0,0.0,37.0,91.0,122.0,140.0,179.0,91.0,241.0,5.843118751963001,0.9685144372148916,1.0325091310725838,0.9380202150936778,51.25037885063624,1.0,0.6563046000037104,-0.6643884367762367,229199,75.44431694728162,45.401945070602,6.0,241.0,6.0,8.0,10.0,40.0,77.0,107.0,133.0,151.0,187.0,67.0,235.0,7.221739170871286,1.661697903690303,0.6017941033560898,2.761239923128747,45.401945070602,0.89937106918239,0.2208796610876656,-0.4997929650104042,0.0385742373764514,0.0464412532746791,824.191162109375,55.64324951171875,175.4152069091797,7584.01953125,302.1485595703125,16.082763671875,1.4825797080993652,33.83561706542969,0.0342508442699909,0.0173168275505304,5.539822489930703,1.3529011013219348,0.6038503585354617,0.0983750102913042,0.3131886927995967,0.9223726069415474
171,1,3.0,41,171/3/1/41,3/1/41,3.png,C:\Users\u1021\Downloads\20260803\NASH_datasource_fromDrTsui_171\fast_035\3\1\41\3.png,475,735,349125,31.80121732903688,33.17064088793412,0.0,0.0,68.19878267096313,66.82935911206587,349125,47.15381023988543,48.00265040850466,0.0,238.0,0.0,0.0,0.0,0.0,37.0,83.0,115.0,134.0,175.0,83.0,238.0,5.869737112736111,0.9823168062305818,1.0180015181021624,0.9649463078030504,48.00265040850466,1.0,0.7492058630352919,-0.329336265865066,233318,70.47119810730419,42.52637874688993,6.0,238.0,6.0,9.0,13.0,37.0,68.0,99.0,126.0,145.0,183.0,62.0,232.0,7.25461008971009,1.6571173042204526,0.6034575810976905,2.7460377599468595,42.52637874688993,0.8831168831168831,0.4723372935564962,-0.1831794986605062,0.0371583178639411,0.0420315749943256,765.0426025390625,53.60078811645508,161.61683654785156,6549.095703125,262.37164306640625,16.583251953125,1.4825797080993652,32.14475631713867,0.0364122800529003,0.0180690046399831,4.792865897823593,1.2905547822009968,0.6027363027593825,0.0873067121854752,0.2950055604198846,0.9225122674097818
171,1,3.0,42,171/3/1/42,3/1/42,1.png,C:\Users\u1021\Downloads\20260803\NASH_datasource_fromDrTsui_171\fast_035\3\1\42\1.png,475,735,349125,31.80121732903688,32.29989258861439,0.0,0.0,68.19878267096313,67.7001074113856,349125,55.8955760830648,50.49035178520262,0.0,240.0,0.0,0.0,0.0,0.0,55.0,93.0,124.0,144.0,184.0,93.0,240.0,5.889456019272341,1.1070545976953623,0.903297815737159,1.2255698822784404,50.49035178520262,1.0,0.4978206922867466,-0.5899534550774246,236358,82.5337665744337,39.60462039240042,6.0,240.0,9.0,24.0,34.0,54.0,79.0,107.0,136.0,155.0,190.0,53.0,234.0,7.290199785516292,2.083942877287893,0.4798596021506264,4.342817915798943,39.60462039240042,0.7318435754189944,0.5385943572995784,0.1499385486924431,0.0441699773073196,0.0458543039858341,967.06640625,63.71509552001953,188.8279571533203,8434.7392578125,331.3583068847656,19.17724609375,1.4825797080993652,38.10599899291992,0.0438539050519466,0.0207326803356409,6.019711772824685,1.522070933651418,0.5558100451247509,0.0824793381400995,0.2866678316294122,0.909941538021806
171,1,3.0,42,171/3/1/42,3/1/42,2.png,C:\Users\u1021\Downloads\20260803\NASH_datasource_fromDrTsui_171\fast_035\3\1\42\2.png,475,735,349125,31.80121732903688,32.23344074471894,0.0,0.0,68.19878267096313,67.76655925528105,349125,58.43656283566058,51.64229881526971,0.0,239.0,0.0,0.0,0.0,0.0,59.0,98.0,126.0,145.0,184.0,98.0,239.0,5.892848583549705,1.1315639345315496,0.883732654853466,1.2804369379325211,51.64229881526971,1.0,0.3908250937954818,-0.786287413909653,236590,86.20597658396382,39.28089655898694,6.0,239.0,9.0,25.0,37.0,58.0,84.0,111.0,137.0,156.0,191.0,53.0,233.0,7.29729482365961,2.1946030802660244,0.4556632627521795,4.816282679913122,39.28089655898694,0.7237569060773481,0.398288933785531,0.0624057940844484,0.0444620177149772,0.0462833307683467,940.833740234375,64.13636016845703,192.60418701171875,8570.8515625,325.6090087890625,19.73876953125,1.4825797080993652,39.8377799987793,0.0415056012570858,0.0193104930222034,6.049869027435271,1.523683228123934,0.5560119331696386,0.081547795458876,0.2850488949488028,0.9134833760930704
171,1,3.0,42,171/3/1/42,3/1/42,3.png,C:\Users\u1021\Downloads\20260803\NASH_datasource_fromDrTsui_171\fast_035\3\1\42\3.png,475,735,349125,31.80121732903688,32.12574292875045,0.0,0.0,68.19878267096313,67.87425707124956,349125,58.59892302184032,51.76564073261771,0.0,238.0,0.0,0.0,0.0,0.0,59.0,98.0,127.0,146.0,184.0,98.0,238.0,5.894987696827723,1.132004205734035,0.8833889440822013,1.2814335217995432,51.76564073261771,1.0,0.3970019211216036,-0.7729606879381308,236966,86.31464429496215,39.456491865186166,6.0,238.0,10.0,25.0,36.0,58.0,84.0,111.0,138.0,157.0,191.0,53.0,232.0,7.303828675837786,2.1875904373323305,0.4571239583673878,4.785551921507858,39.456491865186166,0.7252747252747253,0.4143191070752642,0.0562273078095714,0.0447057336568832,0.0465310811996459,954.75732421875,64.48792266845703,192.332763671875,8663.91796875,330.1117858886719,19.305419921875,1.4825797080993652,39.95037460327149,0.0417867191135883,0.0197174213826656,6.151846688428624,1.5341429512833515,0.5534381315287454,0.0805777668430959,0.2833425697718467,0.9125359099027088
171,1,3.0,44,171/3/1/44,3/1/44,1.png,C:\Users\u1021\Downloads\20260803\NASH_datasource_fromDrTsui_171\fast_035\3\1\44\1.png,475,735,349125,31.80121732903688,33.3467955603294,0.0,0.0,68.19878267096313,66.65320443967062,349125,50.20451414249911,49.40112853101731,0.0,241.0,0.0,0.0,0.0,0.0,44.0,86.0,119.0,140.0,180.0,86.0,241.0,5.906380884739408,1.01626249511643,0.9839977415337297,1.032789458980272,49.40112853101731,1.0,0.6829184137483494,-0.3942146989821404,232703,75.2261982011405,42.2321296121959,6.0,241.0,6.0,10.0,20.0,44.0,72.0,102.0,131.0,152.0,188.0,58.0,235.0,7.30684952064372,1.7812551460681372,0.5614018868702528,3.1728698953942205,42.2321296121959,0.8765432098765432,0.4862049204124515,-0.0477633901892642,0.038988884538412,0.0410151556134223,802.911376953125,56.24138259887695,162.65174865722656,6663.50390625,267.975830078125,17.755126953125,1.4825797080993652,34.22947311401367,0.0367499478161335,0.0180522594600915,4.803743405014317,1.3403767231581485,0.5873860762952438,0.0954540323488947,0.3085055119020242,0.9270579152638796
171,1,3.0,44,171/3/1/44,3/1/44,2.png,C:\Users\u1021\Downloads\20260803\NASH_datasource_fromDrTsui_171\fast_035\3\1\44\2.png,475,735,349125,31.80121732903688,33.40179018976011,0.0,0.0,68.19878267096313,66.59820981023988,349125,51.26999212316505,49.22101691686234,0.0,240.0,0.0,0.0,0.0,0.0,47.0,88.0,118.0,138.0,179.0,88.0,240.0,5.881524379438324,1.0416280551408268,0.9600355857012716,1.0849890052564612,49.22101691686234,1.0,0.5978871812901624,-0.5199652366891714,232511,76.8836184094516,40.905238357940526,6.0,240.0,6.0,10.0,23.0,47.0,75.0,102.0,130.0,149.0,187.0,55.0,234.0,7.2707000073902,1.879554343057066,0.532041014772425,3.532724528504679,40.905238357940526,0.8742138364779874,0.4170401915072762,0.0353594904448701,0.0409489125013351,0.0446983054280281,826.8807373046875,59.0687141418457,175.40350341796875,7646.423828125,306.19891357421875,17.877197265625,1.4825797080993652,34.94967269897461,0.0389656871557235,0.0184871815145015,5.477715925016319,1.3989365947458203,0.5833561038464352,0.0972946284500405,0.311483186419833,0.9155006984719852
171,1,3.0,44,171/3/1/44,3/1/44,3.png,C:\Users\u1021\Downloads\20260803\NASH_datasource_fromDrTsui_171\fast_035\3\1\44\3.png,475,735,349125,31.80179018976012,34.388256355173645,0.0,0.0,68.19820981023989,65.61174364482635,349125,48.492425349087,46.997545600038976,0.0,242.0,0.0,0.0,0.0,0.0,44.0,83.0,113.0,131.0,171.0,83.0,242.0,5.838827017013422,1.031807613141542,0.969172922610352,1.0646269505368462,46.997545600038976,1.0,0.613790665265792,-0.5085953609523841,229067,73.75054896602305,38.86640207257701,6.0,242.0,6.0,11.0,23.0,46.0,72.0,98.0,124.0,143.0,179.0,52.0,236.0,7.208317990364297,1.897539906789038,0.5269981392339574,3.60065769785695,38.86640207257701,0.8571428571428571,0.4305668571647384,0.0442630892938975,0.039415068924427,0.0422758497297763,776.60546875,56.85614776611328,166.09033203125,6951.525390625,270.4693603515625,18.68896484375,1.4825797080993652,33.0583610534668,0.0400332883000373,0.0189857482910156,4.970415580935863,1.3451524483101345,0.5899575113038437,0.106189763096817,0.3254355598271457,0.9156514786855082
171,1,3.0,47,171/3/1/47,3/1/47,1.png,C:\Users\u1021\Downloads\20260803\NASH_datasource_fromDrTsui_171\fast_035\3\1\47\1.png,475,735,349125,31.80121732903688,31.818689581095597,0.0,0.0,68.19878267096313,68.1813104189044,349125,53.05133118510562,46.93684361447107,0.0,238.0,0.0,0.0,0.0,0.0,52.0,87.0,116.0,134.0,170.0,87.0,238.0,5.7817939701112575,1.1302705316287909,0.884743936974927,1.277511474668429,46.93684361447107,1.0,0.4655872662221263,-0.6075561953751016,238038,77.80809786672717,36.12431239813146,6.0,238.0,15.0,26.0,34.0,51.0,74.0,100.0,127.0,144.0,177.0,49.0,232.0,7.152942297910432,2.153898377613184,0.464274457139495,4.639278221084704,36.12431239813146,0.6941176470588235,0.5979766234556112,0.1525928146099127,0.0441125258803367,0.0438557602465152,904.46484375,63.63221740722656,182.3745574951172,8051.1181640625,326.38702392578125,20.3369140625,1.4825797080993652,36.16619110107422,0.0487176068127155,0.022271778434515,5.72579611910034,1.5075242795277055,0.5512925550849936,0.0778662215930455,0.2785206273647709,0.8989205388933615
171,1,3.0,47,171/3/1/47,3/1/47,2.png,C:\Users\u1021\Downloads\20260803\NASH_datasource_fromDrTsui_171\fast_035\3\1\47\2.png,475,735,349125,31.80121732903688,31.81296097386323,0.0,0.0,68.19878267096313,68.18703902613677,349125,59.91807805227354,51.8808627221353,0.0,241.0,0.0,0.0,0.0,0.0,61.0,98.0,128.0,148.0,185.0,98.0,241.0,5.859022395994103,1.1549167633002586,0.8658632654551028,1.3338327301519457,51.8808627221353,1.0,0.3690628239706934,-0.7727483992563595,238058,87.87235043560813,38.61408733096972,6.0,241.0,18.0,30.0,40.0,59.0,85.0,112.0,140.0,159.0,191.0,53.0,235.0,7.266806768324708,2.27565524681278,0.4394338735626024,5.1786068023465335,38.61408733096972,0.6825396825396826,0.5045538601270032,0.0593091603617259,0.0465275645256042,0.0480380281805992,1018.5743408203124,67.11590576171875,193.8886260986328,9306.306640625,376.9797973632813,19.525146484375,2.9651594161987305,20.423755645751957,0.0429461896419525,0.0207037515938282,6.712325667086777,1.5991204021301992,0.5429149280047282,0.0766969222109344,0.2764196887275355,0.9041805378067324
171,1,3.0,47,171/3/1/47,3/1/47,3.png,C:\Users\u1021\Downloads\20260803\NASH_datasource_fromDrTsui_171\fast_035\3\1\47\3.png,475,735,349125,31.80121732903688,31.8109559613319,0.0,0.0,68.19878267096313,68.1890440386681,349125,59.0961947726459,51.191125019463485,0.0,241.0,0.0,0.0,0.0,0.0,61.0,97.0,127.0,146.0,183.0,97.0,241.0,5.847792715738505,1.1544226611580974,0.8662338618654771,1.3326916805953437,51.191125019463485,1.0,0.3677226984415571,-0.7784193247441951,238065,86.66461680633441,38.12958939102507,6.0,241.0,17.0,30.0,39.0,59.0,84.0,110.0,138.0,156.0,189.0,51.0,235.0,7.250524047207628,2.2728966713377066,0.4399672068732685,5.166059278578025,38.12958939102507,0.6774193548387096,0.4946657832029809,0.052619413763046,0.0462126731872558,0.0465119145810604,986.1435546875,66.66167449951172,190.7574157714844,8945.2939453125,364.4024658203125,20.001220703125,1.4825797080993652,40.28709030151367,0.0441718138754367,0.0208336841315031,6.3996161520348815,1.582086354011058,0.5435024605888141,0.0770877255757315,0.2771229257064669,0.9061630215878754
171,1,3.0,49,171/3/1/49,3/1/49,1.png,C:\Users\u1021\Downloads\20260803\NASH_datasource_fromDrTsui_171\fast_035\3\1\49\1.png,475,735,349125,31.80121732903688,32.639598997493735,0.0,0.0,68.19878267096313,67.36040100250626,349125,50.49882133906194,49.08027759870269,0.0,242.0,0.0,0.0,0.0,0.0,46.0,85.0,116.0,139.0,184.0,85.0,242.0,5.893021592567124,1.0289025207224325,0.9719093693131016,1.0586403971489755,49.08027759870269,1.0,0.6949809417175461,-0.2596446814326523,235172,74.91509618491997,41.8257279258898,6.0,242.0,7.0,11.0,20.0,45.0,72.0,100.0,129.0,153.0,191.0,55.0,236.0,7.291706505285197,1.791124743068682,0.5583084058605148,3.2081278452328528,41.8257279258898,0.8658536585365854,0.5646077200167685,0.2125606197025291,0.0404964536428451,0.0447282679378986,812.1051025390625,58.416046142578125,172.53985595703125,7575.3203125,315.9516906738281,17.724609375,1.4825797080993652,34.4282341003418,0.038827683776617,0.0184412747621536,5.462031908007212,1.3892053280956205,0.5841583247326143,0.0838990730460881,0.2891481097621082,0.9149122429298568
171,1,3.0,49,171/3/1/49,3/1/49,2.png,C:\Users\u1021\Downloads\20260803\NASH_datasource_fromDrTsui_171\fast_035\3\1\49\2.png,475,735,349125,31.801503759398496,32.76677407805227,0.0,0.0,68.1984962406015,67.23322592194772,349125,48.111816684568566,47.25448022793117,0.0,238.0,0.0,0.0,0.0,0.0,43.0,81.0,111.0,135.0,182.0,81.0,238.0,5.860726801993172,1.0181429666034216,0.9821803349838506,1.036615100444016,47.25448022793117,1.0,0.7687823785087498,-0.0488364988220824,234728,71.49868784295013,40.64213066712288,6.0,238.0,7.0,11.0,20.0,42.0,68.0,95.0,124.0,149.0,188.0,53.0,232.0,7.242298629611932,1.759225873971918,0.5684318397058562,3.094875675652258,40.64213066712288,0.8625,0.683202072381805,0.4044911787475627,0.0395033061504364,0.0441417098045349,795.2623291015625,56.983428955078125,166.56582641601562,7301.5302734375,298.8059997558594,17.279052734375,1.4825797080993652,32.8013916015625,0.0410004556179046,0.0192545410245656,5.210028354601278,1.3548171337232622,0.5885059520085756,0.0877097253855444,0.2956885092871185,0.9120608319041672
171,1,3.0,49,171/3/1/49,3/1/49,3.png,C:\Users\u1021\Downloads\20260803\NASH_datasource_fromDrTsui_171\fast_035\3\1\49\3.png,475,735,349125,31.80121732903688,32.50354457572502,0.0,0.0,68.19878267096313,67.49645542427497,349125,51.36171858216971,50.42031664370441,0.0,240.0,0.0,0.0,0.0,0.0,44.0,88.0,120.0,143.0,188.0,88.0,240.0,5.927890834934331,1.0186710834268995,0.9816711363160636,1.0376907762101335,50.42031664370441,1.0,0.7103772900403138,-0.289793835253449,235647,76.05131828540146,43.4836261749448,6.0,240.0,7.0,11.0,19.0,43.0,74.0,103.0,133.0,157.0,195.0,60.0,234.0,7.344713927306103,1.7489644948061418,0.5717668957658524,3.058876804092503,43.4836261749448,0.8690476190476191,0.5440362613316854,0.0530633652551402,0.040004588663578,0.045498639345169,830.7515869140625,57.70653533935547,173.5983123779297,7637.5625,318.1370849609375,16.943359375,1.4825797080993652,35.01620101928711,0.0367254875600338,0.0182374082505702,5.533455808722223,1.3815747792441169,0.5881457980608209,0.08213594191838,0.2860893773959407,0.9187249324236963
171,1,3.0,5,171/3/1/5,3/1/5,1.png,C:\Users\u1021\Downloads\20260803\NASH_datasource_fromDrTsui_171\fast_035\3\1\5\1.png,475,735,349125,31.801503759398496,32.03609022556391,0.0,0.0,68.1984962406015,67.96390977443609,349125,57.51615037593985,52.06293369204098,0.0,241.0,0.0,0.0,0.0,0.0,56.0,96.0,127.0,148.0,188.0,96.0,241.0,5.923474281445664,1.1047427852636074,0.9051880793784826,1.2204566215919928,52.06293369204098,1.0,0.4851118468175225,-0.6543721941134013,237279,84.6128860961147,41.18568303144331,6.0,241.0,9.0,22.0,33.0,54.0,82.0,111.0,139.0,159.0,195.0,57.0,235.0,7.349079951108986,2.054424738604354,0.4867542632295873,4.220661006589569,41.18568303144331,0.7569060773480663,0.465148938010175,0.014751151054924,0.0436776541173458,0.0468692779541015,938.841064453125,63.00491714477539,186.33245849609372,8540.5732421875,341.6859436035156,18.7744140625,1.4825797080993652,39.21000671386719,0.0401998907327652,0.0189584176987409,6.085882110991307,1.495567504519799,0.5622963558907897,0.0793537415409324,0.281181648510305,0.9148276603467304
171,1,3.0,5,171/3/1/5,3/1/5,2.png,C:\Users\u1021\Downloads\20260803\NASH_datasource_fromDrTsui_171\fast_035\3\1\5\2.png,475,735,349125,31.80121732903688,33.2373791621912,0.0,0.0,68.19878267096313,66.76262083780881,349125,50.629579663444325,48.40723026218782,0.0,237.0,0.0,0.0,0.0,0.0,46.0,86.0,116.0,137.0,177.0,86.0,237.0,5.878000420464675,1.0459094517331318,0.9561057110086756,1.0939265812247,48.40723026218782,1.0,0.6270977249239655,-0.4293504034115756,233085,75.74674474976939,40.14213193037413,6.0,237.0,7.0,13.0,25.0,46.0,73.0,101.0,128.0,150.0,184.0,55.0,231.0,7.263968993774197,1.8869636740059264,0.5299519083359202,3.5606319070179446,40.14213193037413,0.8404907975460123,0.5142691254991604,0.1086096330308756,0.0393494479358196,0.0436397977173328,817.7218017578125,56.76149368286133,169.5856475830078,7184.6083984375,291.1405029296875,17.05322265625,1.4825797080993652,34.516292572021484,0.0386974215507507,0.0190408919006586,5.235613577107906,1.3617388236348666,0.5883096669282503,0.0942299944426974,0.3065110078900426,0.9158825682554976
171,1,3.0,5,171/3/1/5,3/1/5,3.png,C:\Users\u1021\Downloads\20260803\NASH_datasource_fromDrTsui_171\fast_035\3\1\5\3.png,475,735,349125,31.801503759398496,32.68829215896885,0.0,0.0,68.1984962406015,67.31170784103115,349125,52.096598639455785,49.03246706254494,0.0,238.0,0.0,0.0,0.0,0.0,49.0,87.0,119.0,140.0,179.0,87.0,238.0,5.889666021107967,1.0624918907915095,0.9411836538865668,1.1288890179977171,49.03246706254494,1.0,0.603560649980278,-0.4602022336428009,235002,77.3415587952443,40.27197998690521,6.0,238.0,7.0,16.0,28.0,48.0,74.0,102.0,131.0,152.0,186.0,54.0,232.0,7.2846831955846785,1.920480662246867,0.5207029779878385,3.688245974064166,40.27197998690521,0.8095238095238095,0.5364781650195316,0.0845007548419385,0.0399308204650878,0.0436829812824726,841.7579345703125,57.6001205444336,170.01763916015625,7288.3623046875,300.73883056640625,17.230224609375,1.4825797080993652,35.516639709472656,0.0393937937915325,0.0194205753505229,5.277940382540353,1.3757432937522152,0.5825771073110665,0.08828692062764,0.2966526566104244,0.9169067601760053
171,1,3.0,50,171/3/1/50,3/1/50,1.png,C:\Users\u1021\Downloads\20260803\NASH_datasource_fromDrTsui_171\fast_035\3\1\50\1.png,475,735,349125,31.80121732903688,32.97787325456498,0.0,0.0,68.19878267096313,67.02212674543502,349125,50.24439097744361,48.635397911909656,0.0,236.0,0.0,0.0,0.0,0.0,45.0,85.0,118.0,140.0,179.0,85.0,236.0,5.899463411172673,1.0330827573046328,0.9679766629820176,1.0672599834401428,48.635397911909656,1.0,0.6802876133219266,-0.3544436067983905,233991,74.89556008564432,41.0645680025939,6.0,236.0,7.0,14.0,23.0,44.0,71.0,100.0,131.0,151.0,186.0,56.0,230.0,7.2961034857853075,1.82384872722668,0.5482910863559319,3.326424179806379,41.0645680025939,0.8303030303030303,0.5631820118941685,0.030810571772327,0.0389861278235912,0.0396324172616004,791.0975341796875,56.23740005493164,161.302490234375,6431.0166015625,259.9833068847656,18.182373046875,1.4825797080993652,34.24927520751953,0.0367258004844188,0.0182099174708127,4.679876472951487,1.336516045727104,0.5840118997594543,0.0896317760011553,0.2988948489814446,0.9262748429238368
171,1,3.0,50,171/3/1/50,3/1/50,2.png,C:\Users\u1021\Downloads\20260803\NASH_datasource_fromDrTsui_171\fast_035\3\1\50\2.png,475,735,349125,31.80121732903688,33.19183673469388,0.0,0.0,68.19878267096313,66.80816326530612,349125,50.413825993555314,49.35843450389986,0.0,240.0,0.0,0.0,0.0,0.0,44.0,85.0,120.0,141.0,181.0,85.0,240.0,5.916116368682284,1.0213821913167054,0.9790654355455908,1.043221580738915,49.35843450389986,1.0,0.6988269950194428,-0.3423790715495971,233244,75.37619831592667,42.059071198454966,6.0,240.0,7.0,13.0,22.0,44.0,72.0,101.0,133.0,153.0,188.0,57.0,234.0,7.319894761988791,1.7921508052392656,0.557988756904022,3.2118045087197484,42.059071198454966,0.8433734939759037,0.5486968893338429,-0.0084250027354793,0.0385729223489761,0.0398258045315742,774.8514404296875,55.641357421875,162.2429656982422,6396.30615234375,255.68719482421875,17.791748046875,1.4825797080993652,34.366851806640625,0.0342358276247978,0.0173024665564298,4.656896076243071,1.3234771823436724,0.5876392635447216,0.0915669623849158,0.3021249127273793,0.92916591202323
171,1,3.0,50,171/3/1/50,3/1/50,3.png,C:\Users\u1021\Downloads\20260803\NASH_datasource_fromDrTsui_171\fast_035\3\1\50\3.png,475,735,349125,31.80121732903688,33.575080558539206,0.0,0.0,68.19878267096313,66.4249194414608,349125,51.75782599355532,50.62268100602272,0.0,239.0,0.0,0.0,0.0,0.0,46.0,88.0,122.0,143.0,185.0,88.0,239.0,5.926819305288008,1.0224236442040189,0.9780681478454304,1.045350108227426,50.62268100602272,1.0,0.6618132742072919,-0.4306936402339754,231906,77.80926754805826,42.85027940640584,6.0,239.0,6.0,11.0,22.0,46.0,75.0,105.0,135.0,155.0,193.0,59.0,233.0,7.337879748714444,1.8158403778442167,0.5507091990030585,3.2972762778094293,42.85027940640584,0.8674698795180723,0.4745873200757381,-0.0339946498487422,0.0392921939492225,0.0413657426834106,809.623291015625,56.67890167236328,167.58636474609375,6773.005859375,270.5707397460937,17.87109375,1.4825797080993652,35.28226852416992,0.0343813933432102,0.0175720490515232,4.937768382182396,1.3520506517004631,0.5877116268284028,0.0972063087785127,0.3113178015901219,0.928966914192081
171,1,3.0,51,171/3/1/51,3/1/51,1.png,C:\Users\u1021\Downloads\20260803\NASH_datasource_fromDrTsui_171\fast_035\3\1\51\1.png,475,735,349125,31.80121732903688,31.82155388471178,0.0,0.0,68.19878267096313,68.17844611528821,349125,64.02129036877909,55.24097413849583,0.0,240.0,0.0,0.0,0.0,0.0,66.0,107.0,137.0,154.0,191.0,107.0,240.0,5.924512585201008,1.1589457167838848,0.8628531824381174,1.3431551744517125,55.24097413849583,1.0,0.2935050210370002,-0.9786178098273708,238028,93.90123850975516,40.86763321112676,6.0,240.0,16.0,29.0,40.0,64.0,93.0,121.0,147.0,164.0,199.0,57.0,234.0,7.362029661189002,2.2976921130874124,0.4352193204233522,5.279389046544099,40.86763321112676,0.6994818652849741,0.2730740984375148,-0.2047062441792708,0.0508859045803546,0.0521925576031208,1140.6287841796875,73.40280151367188,216.89903259277344,11056.2021484375,413.3219909667969,20.806884765625,1.4825797080993652,43.6453857421875,0.0455069467425346,0.0204832702875137,7.676478785955464,1.7203137651041702,0.5314910437349992,0.0765000694657879,0.2760635844769457,0.9037192219386588
171,1,3.0,51,171/3/1/51,3/1/51,2.png,C:\Users\u1021\Downloads\20260803\NASH_datasource_fromDrTsui_171\fast_035\3\1\51\2.png,475,735,349125,31.80121732903688,31.833583959899748,0.0,0.0,68.19878267096313,68.16641604010026,349125,63.79681203007519,55.74992159610155,0.0,241.0,0.0,0.0,0.0,0.0,65.0,108.0,138.0,156.0,193.0,108.0,241.0,5.950253396966401,1.1443390448559183,0.8738668880479458,1.3095118495817557,55.74992159610155,1.0,0.3224362483129246,-0.9756591120115304,237986,93.58776566688798,42.08991182291183,6.0,241.0,14.0,26.0,37.0,62.0,93.0,122.0,148.0,166.0,200.0,60.0,235.0,7.398776621867929,2.223520117139876,0.4497373296924807,4.944041711325728,42.08991182291183,0.7291666666666666,0.2471263606254604,-0.2800671515412132,0.0484535135328769,0.0494753904640674,1105.1158447265625,69.89408111572266,207.89276123046875,9978.59375,377.9290161132813,20.39794921875,2.9651594161987305,21.747108459472656,0.0406632535159587,0.0196152403950691,7.090970152148201,1.6616011059663822,0.5364889892337829,0.0766106356044485,0.2762631524942174,0.9134089406369928
171,1,3.0,51,171/3/1/51,3/1/51,3.png,C:\Users\u1021\Downloads\20260803\NASH_datasource_fromDrTsui_171\fast_035\3\1\51\3.png,475,735,349125,31.80121732903688,31.81983530254207,0.0,0.0,68.19878267096313,68.18016469745794,349125,65.70261081274614,56.3596072665796,0.0,239.0,0.0,0.0,0.0,0.0,68.0,111.0,139.0,157.0,194.0,111.0,239.0,5.936016438900483,1.16577481638533,0.8577985953588008,1.3590309225182502,56.3596072665796,1.0,0.2648648007043133,-1.0299030416446855,238034,96.36501088079854,41.28109841956143,6.0,239.0,17.0,30.0,41.0,66.0,96.0,124.0,149.0,166.0,200.6699999999837,58.0,233.0,7.37901988386548,2.3343615981675305,0.4283826467951658,5.449244070999266,41.28109841956143,0.6938775510204082,0.2319119712552027,-0.2588904606493094,0.0512499399483203,0.0522746481001377,1169.7388916015625,73.92792510986328,216.11476135253903,11151.412109375,424.6692810058594,20.770263671875,2.9651594161987305,22.397523880004883,0.0441046059131622,0.019774105399847,7.789525634572795,1.742028801156604,0.5277890542740927,0.0761750024012828,0.2754759229826138,0.906439317709562
171,1,3.0,52,171/3/1/52,3/1/52,1.png,C:\Users\u1021\Downloads\20260803\NASH_datasource_fromDrTsui_171\fast_035\3\1\52\1.png,475,735,349125,31.80179018976012,33.211313999283924,0.0,0.0,68.19820981023989,66.78868600071608,349125,54.35821840315074,51.22338866558445,0.0,239.0,0.0,0.0,0.0,0.0,51.0,95.0,126.0,143.0,174.0,95.0,239.0,5.919266278746521,1.0611991869189334,0.942330160375812,1.1261437143174056,51.22338866558445,1.0,0.4783833808671636,-0.8762039135460058,233176,81.30042542971833,41.743809315603535,6.0,239.0,6.0,12.0,24.0,51.0,81.0,110.0,136.0,151.0,181.0,59.0,233.0,7.326862486017628,1.9476043696694645,0.5134513023143987,3.793162780755591,41.743809315603535,0.852760736196319,0.2064384259868612,-0.4095218543083692,0.0424698814749717,0.0447656139731407,882.7291259765625,61.26270294189453,178.92703247070312,7922.958984375,299.0220031738281,19.219970703125,1.4825797080993652,37.056785583496094,0.0384258069097995,0.0185858644545078,5.67059368804343,1.4571073011652629,0.5721095225990497,0.0941315074402153,0.3063486741282196,0.9194745156078904
171,1,3.0,52,171/3/1/52,3/1/52,2.png,C:\Users\u1021\Downloads\20260803\NASH_datasource_fromDrTsui_171\fast_035\3\1\52\2.png,475,735,349125,31.801503759398496,32.54078052273541,0.0,0.0,68.1984962406015,67.45921947726458,349125,53.72125170068027,49.90236180418255,0.0,237.0,0.0,0.0,0.0,0.0,50.0,92.0,123.0,141.0,173.0,92.0,237.0,5.9046164680598485,1.0765272375580757,0.928912864544268,1.1589108932044214,49.90236180418255,1.0,0.4884419595639788,-0.8080747003441244,235517,79.59030558303647,40.43232480787866,6.0,237.0,7.0,16.0,26.0,49.0,78.0,107.0,134.0,149.0,180.0,58.0,231.0,7.308429996732304,1.968482048984912,0.5080056485735648,3.874921577175837,40.43232480787866,0.806060606060606,0.3059784072670672,-0.3612120146511386,0.0414535999298095,0.042372703552246,869.5665283203125,59.79672622680664,170.95193481445312,7311.61181640625,288.2879943847656,18.81103515625,1.4825797080993652,36.62464141845703,0.0386303439736366,0.019538290798664,5.300919367286848,1.4248065233166056,0.5696630866704573,0.085673068062804,0.2921985277545301,0.9199126959523526
171,1,3.0,52,171/3/1/52,3/1/52,3.png,C:\Users\u1021\Downloads\20260803\NASH_datasource_fromDrTsui_171\fast_035\3\1\52\3.png,475,735,349125,31.80121732903688,32.68657357679914,0.0,0.0,68.19878267096313,67.31342642320087,349125,51.052001432151805,48.45444337169126,0.0,240.0,0.0,0.0,0.0,0.0,46.0,88.0,119.0,137.0,169.0,88.0,240.0,5.88786411716022,1.0536082530251112,0.949119368730084,1.1100903508426263,48.45444337169126,1.0,0.5534060299564815,-0.7134645256429266,235008,75.78829656862744,40.19589571779484,6.0,240.0,7.0,14.0,23.0,45.0,74.0,103.0,130.0,146.0,176.0,58.0,234.0,7.281553753170424,1.885473509552264,0.5303707503360608,3.55501035522333,40.19589571779484,0.825,0.3497768227548352,-0.3578289562906325,0.0407213494181633,0.0420618578791618,813.981689453125,58.74045944213867,168.8819122314453,7131.7919921875,275.74298095703125,18.865966796875,1.4825797080993652,34.801876068115234,0.0386544130742549,0.0192144978791475,5.134485019682668,1.3920893697140453,0.5775100281295286,0.0869138487765349,0.2942977335761787,0.9179194429323028
171,1,3.0,53,171/3/1/53,3/1/53,1.png,C:\Users\u1021\Downloads\20260803\NASH_datasource_fromDrTsui_171\fast_035\3\1\53\1.png,475,735,349125,31.80121732903688,32.14865735767992,0.0,0.0,68.19878267096313,67.85134264232009,349125,52.00802005012531,49.66960835038811,0.0,239.0,0.0,0.0,0.0,0.0,46.0,88.0,120.0,144.0,183.0,88.0,239.0,5.909366124701302,1.0470793263204567,0.955037478883383,1.0963751156077013,49.66960835038811,1.0,0.6637921087570273,-0.3670219579175118,236886,76.62807426356981,41.83832740331061,6.0,239.0,8.0,16.0,24.0,44.0,73.0,102.0,133.0,156.0,190.0,58.0,233.0,7.324776809859731,1.8315281470240212,0.5459921550345055,3.354495353341245,41.83832740331061,0.813953488372093,0.5756417761511053,0.0278666046818392,0.0381873771548271,0.041246086359024,762.8565673828125,55.085205078125,162.42503356933594,6574.3193359375,262.47637939453125,16.253662109375,1.4825797080993652,35.456783294677734,0.033807199448347,0.0164695233106613,4.7808530850487365,1.322495247768702,0.5884528020405791,0.0820597888105216,0.285950255705827,0.927714801772941
171,1,3.0,53,171/3/1/53,3/1/53,2.png,C:\Users\u1021\Downloads\20260803\NASH_datasource_fromDrTsui_171\fast_035\3\1\53\2.png,475,735,349125,31.80121732903688,32.05957751521662,0.0,0.0,68.19878267096313,67.9404224847834,349125,45.65351951306838,44.525647492265726,0.0,233.0,0.0,0.0,0.0,0.0,40.0,75.0,106.0,130.0,172.0,75.0,233.0,5.797585042141957,1.0253308392875942,0.975294960107516,1.0513033299942025,44.525647492265726,1.0,0.8217602488387465,0.1083094168424732,237197,67.18031846945787,38.373593881817776,6.0,233.0,8.0,15.0,22.0,38.0,62.0,89.0,120.0,143.0,179.0,51.0,227.0,7.1629350830556575,1.7506913393715082,0.5712029171053056,3.0649201657504053,38.373593881817776,0.810126582278481,0.823032347305838,0.5159512722551702,0.0364107638597488,0.037378404289484,680.644287109375,52.52244186401367,155.29327392578125,5665.7861328125,230.90879821777344,16.76025390625,1.4825797080993652,31.122426986694336,0.0390583388507366,0.019506910815835,4.08505120183665,1.2483381425355786,0.5953714140213467,0.0816460751934037,0.2851993934239828,0.922075316355726
171,1,3.0,53,171/3/1/53,3/1/53,3.png,C:\Users\u1021\Downloads\20260803\NASH_datasource_fromDrTsui_171\fast_035\3\1\53\3.png,475,735,349125,31.80121732903688,33.47110633727175,0.0,0.0,68.19878267096313,66.52889366272825,349125,43.16287003222342,44.34106011668337,0.0,235.0,0.0,0.0,0.0,0.0,36.0,70.0,104.0,132.0,175.0,70.0,235.0,5.805183450388184,0.9734289148396644,1.0272963795869083,0.9475638522459264,44.34106011668337,1.0,0.9941679232713402,0.5651119337106425,232269,64.77689231020928,39.48618198298793,6.0,235.0,7.0,12.0,19.0,36.0,58.0,84.0,121.0,145.0,182.0,48.0,229.0,7.153196127374224,1.6404952076176291,0.6095720337106175,2.691224526216409,39.48618198298793,0.8471337579617835,0.9587268984995316,0.8278535029114593,0.0351426526904106,0.0371451899409294,636.890380859375,50.69320297241211,148.22280883789062,5440.8154296875,218.29730224609372,16.80908203125,1.4825797080993652,29.425392150878903,0.0362562946975231,0.0177298132330179,3.934185775997512,1.198495586390109,0.6092264199151914,0.0963031315665825,0.3098513417936046,0.9255044302035548
171,1,3.0,54,171/3/1/54,3/1/54,1.png,C:\Users\u1021\Downloads\20260803\NASH_datasource_fromDrTsui_171\fast_035\3\1\54\1.png,475,735,349125,31.801503759398496,33.63064804869316,0.0,0.0,68.1984962406015,66.36935195130684,349125,48.38353311851056,49.605905124497205,0.0,239.0,0.0,0.0,0.0,0.0,38.0,85.0,120.0,139.0,178.0,85.0,239.0,5.871072212662751,0.975358336816578,1.0252642154716682,0.9513238851976014,49.605905124497205,1.0,0.7183958436372678,-0.4539201225848526,231712,72.78398615522718,44.00920545291277,6.0,239.0,6.0,8.0,11.0,39.0,71.0,102.0,131.0,148.0,187.0,63.0,233.0,7.256947205706274,1.653835496600858,0.6046550591369628,2.735171849817007,44.00920545291277,0.8974358974358975,0.3809504757937158,-0.319312808991147,0.0377399548888206,0.0440142750740051,791.54443359375,54.43980026245117,166.9610137939453,6994.734375,275.4356384277344,16.717529296875,1.4825797080993652,32.98318862915039,0.0343842916190624,0.0171737093478441,5.141228876502498,1.3246396871710775,0.6021495264873562,0.090618025323903,0.3005549617282674,0.9228098037713468
171,1,3.0,54,171/3/1/54,3/1/54,2.png,C:\Users\u1021\Downloads\20260803\NASH_datasource_fromDrTsui_171\fast_035\3\1\54\2.png,475,735,349125,31.80179018976012,34.743716433942,0.0,0.0,68.19820981023989,65.256283566058,349125,43.48065019692088,44.60094551626623,0.0,236.0,0.0,0.0,0.0,0.0,36.0,74.0,106.0,127.0,169.0,74.0,236.0,5.796672228375889,0.974881803370362,1.0257653764208128,0.9503945305426488,44.60094551626623,1.0,0.8498143212989405,0.0539732528079732,227826,66.44709120117984,39.10873015114631,6.0,236.0,6.0,9.0,17.0,38.0,62.0,89.0,119.0,140.0,177.0,51.0,230.0,7.149934548636581,1.6990347409485558,0.5885694835419958,2.886719050950126,39.10873015114631,0.8791946308724832,0.6832655332615373,0.3320282722989165,0.0354424454271793,0.0394860431551933,691.4007568359375,51.12565612792969,155.38595581054688,5858.10595703125,235.3760528564453,16.36962890625,1.4825797080993652,29.64103126525879,0.037867534905672,0.0190379992127418,4.259402357396209,1.2183009025335831,0.6153264353772913,0.1142850284750529,0.3376546742690018,0.9205504857497132
171,1,3.0,54,171/3/1/54,3/1/54,3.png,C:\Users\u1021\Downloads\20260803\NASH_datasource_fromDrTsui_171\fast_035\3\1\54\3.png,475,735,349125,31.80121732903688,33.43616183315432,0.0,0.0,68.19878267096313,66.56383816684568,349125,47.63243250984604,48.25335571490551,0.0,239.0,0.0,0.0,0.0,0.0,40.0,80.0,116.0,138.0,180.0,80.0,239.0,5.876090260889741,0.987132020232374,1.01303572318989,0.9744296253680476,48.25335571490551,1.0,0.7961235895989022,-0.1346631824209483,232391,71.45543932424233,42.42839598434783,6.0,239.0,6.0,9.0,15.0,41.0,67.0,97.0,130.0,150.0,187.0,56.0,233.0,7.263611300239161,1.6841418975773397,0.5937741952970312,2.836333931175403,42.42839598434783,0.8867924528301887,0.6002214515587593,0.0764878682604832,0.0359480157494545,0.040644247084856,738.453125,51.85493469238281,157.27682495117188,6126.3212890625,255.27716064453125,15.83251953125,1.4825797080993652,32.474884033203125,0.0333030149340629,0.0170536879450082,4.520960192484977,1.2560691758210678,0.6065202779898841,0.0935447546816158,0.3054006458424941,0.9282260745247348
171,1,3.0,55,171/3/1/55,3/1/55,1.png,C:\Users\u1021\Downloads\20260803\NASH_datasource_fromDrTsui_171\fast_035\3\1\55\1.png,475,735,349125,31.80121732903688,31.815252416756174,0.0,0.0,68.19878267096313,68.18474758324382,349125,59.93018832796277,50.72041516081616,0.0,239.0,0.0,0.0,0.0,0.0,64.0,98.0,126.0,144.0,178.0,98.0,239.0,5.808847508960494,1.181579214956063,0.8463249753738981,1.3961294412161869,50.72041516081616,1.0,0.2761416047489751,-0.8863625763710656,238050,87.89298466708675,36.26624022046679,6.0,239.0,18.0,33.0,42.0,62.0,85.0,111.0,136.0,152.0,185.0,49.0,233.0,7.192911850105589,2.423548295405723,0.4126181441878762,5.873586340163984,36.26624022046679,0.6432432432432432,0.4417737929199312,0.0973259774687798,0.0477039143443107,0.0474762395024299,1053.5423583984375,68.81278991699219,197.2043914794922,9425.30859375,370.6352844238281,20.703125,2.9651594161987305,20.42748260498047,0.0472229681909084,0.0230704545974731,6.675624251464644,1.6306542657962193,0.536103235884698,0.0771572667324781,0.2772530440280267,0.8987808507198882
171,1,3.0,55,171/3/1/55,3/1/55,2.png,C:\Users\u1021\Downloads\20260803\NASH_datasource_fromDrTsui_171\fast_035\3\1\55\2.png,475,735,349125,31.80121732903688,31.81324740422485,0.0,0.0,68.19878267096313,68.18675259577516,349125,58.754188327962765,50.33489716251776,0.0,239.0,0.0,0.0,0.0,0.0,61.0,97.0,126.0,142.0,174.0,97.0,239.0,5.821122883597271,1.1672654885587903,0.8567031320652585,1.362508720780392,50.33489716251776,1.0,0.3072276100324864,-0.8989787428073228,238057,86.1658006275808,36.793734535356336,6.0,239.0,17.0,30.0,40.0,59.0,84.0,110.0,135.0,151.0,181.0,51.0,233.0,7.211170546300165,2.341860692199678,0.4270108821292497,5.484311501669956,36.793734535356336,0.6685082872928176,0.4046738140743129,-0.0853340436240763,0.0457669794559478,0.0452142730355262,1010.5811767578124,66.01876831054688,187.96807861328125,8612.3203125,333.0882263183594,20.343017578125,2.9651594161987305,20.027223587036133,0.0448648631572723,0.022177018225193,6.207654509366307,1.5734793853558269,0.5433196146895262,0.0776629559171808,0.2781589387260925,0.90482538507501
171,1,3.0,55,171/3/1/55,3/1/55,3.png,C:\Users\u1021\Downloads\20260803\NASH_datasource_fromDrTsui_171\fast_035\3\1\55\3.png,475,735,349125,31.80121732903688,31.812388113139995,0.0,0.0,68.19878267096313,68.18761188686001,349125,60.02915861081274,51.262417120097766,0.0,240.0,0.0,0.0,0.0,0.0,62.0,99.0,128.0,145.0,178.0,99.0,240.0,5.831701525165004,1.1710169356660696,0.8539586145534303,1.3712806636167514,51.262417120097766,1.0,0.2983606926069069,-0.909538994546192,238060,88.03453331093002,37.26167760923326,6.0,240.0,19.0,32.0,41.0,60.0,86.0,113.0,138.0,153.0,185.0,53.0,234.0,7.226823236748797,2.362602517099646,0.4232620564662776,5.581890653805583,37.26167760923326,0.654054054054054,0.4105556357018254,-0.1029104171546024,0.0479873344302177,0.0472715012729167,1016.9598388671876,69.22161865234375,196.82977294921875,9441.3779296875,356.13311767578125,20.599365234375,2.9651594161987305,20.461650848388672,0.0455720648169517,0.0213380381464958,6.670409103718772,1.634323928990575,0.5355317299990012,0.0772267813764497,0.2773722754184317,0.9020640986385176
171,1,3.0,56,171/3/1/56,3/1/56,1.png,C:\Users\u1021\Downloads\20260803\NASH_datasource_fromDrTsui_171\fast_035\3\1\56\1.png,475,735,349125,31.80236305048335,35.17164339419978,0.0,0.0,68.19763694951665,64.82835660580022,349125,40.99097457930541,43.915362940721,0.0,239.0,0.0,0.0,0.0,0.0,32.0,67.0,102.0,128.0,173.0,67.0,239.0,5.780414480104766,0.933408534836361,1.0713422501277143,0.8712514929053621,43.915362940721,1.0,1.065326641332251,0.660213266462383,226332,63.02150380856441,39.92658807456926,6.0,239.0,6.0,9.0,17.0,34.0,56.0,84.0,118.0,145.0,181.0,50.0,233.0,7.129298618697557,1.5784344930967231,0.6335391201684301,2.49145544899751,39.92658807456926,0.8831168831168831,0.9355643541618076,0.6956582563133806,0.0339224711060524,0.0384141951799392,624.14599609375,48.9330940246582,150.69866943359375,5464.98046875,215.8617248535156,15.289306640625,1.4825797080993652,27.943294525146484,0.0360312014818191,0.0178400184959173,3.953766314893245,1.1561898080065005,0.6280218387204667,0.1164870444086473,0.3409011434724378,0.9243178969041732
171,1,3.0,56,171/3/1/56,3/1/56,2.png,C:\Users\u1021\Downloads\20260803\NASH_datasource_fromDrTsui_171\fast_035\3\1\56\2.png,475,735,349125,31.80121732903688,31.82355889724311,0.0,0.0,68.19878267096313,68.1764411027569,349125,52.98781811672037,48.09592245049079,0.0,240.0,0.0,0.0,0.0,0.0,51.0,85.0,119.0,141.0,180.0,85.0,240.0,5.814499473049548,1.1017112349028175,0.907678862046106,1.213767645111092,48.09592245049079,1.0,0.6032942457287839,-0.3204561176783205,238021,77.72016334693157,38.35172034841285,6.0,240.0,15.0,26.0,33.0,49.0,72.0,100.0,131.0,152.0,186.0,51.0,234.0,7.20050759142408,2.0265104835159744,0.4934590805891171,4.106744739800148,38.35172034841285,0.7078651685393258,0.7733298573434322,0.3576347753516624,0.0424589589238166,0.0439486689865589,850.5806884765625,61.2469596862793,177.10218811035156,7770.2236328125,308.37847900390625,19.329833984375,1.4825797080993652,36.12251281738281,0.041923314332962,0.0201078038662672,5.55529785715779,1.4555396909214728,0.5618718122981997,0.0783924225552212,0.2794571924371891,0.9078749250149636
171,1,3.0,56,171/3/1/56,3/1/56,3.png,C:\Users\u1021\Downloads\20260803\NASH_datasource_fromDrTsui_171\fast_035\3\1\56\3.png,475,735,349125,31.80121732903688,32.40071607590404,0.0,0.0,68.19878267096313,67.59928392409596,349125,48.6599470103831,48.43116600405948,0.0,240.0,0.0,0.0,0.0,0.0,42.0,79.0,115.0,144.0,188.0,79.0,240.0,5.886126990141979,1.0047238384949155,0.9952983712400096,1.0094699916399572,48.43116600405948,1.0,0.8869224278328671,0.2473640147560845,236006,71.94596747540317,42.380749158011405,6.0,240.0,7.0,14.0,22.0,41.0,65.0,95.0,131.0,158.0,195.0,54.0,234.0,7.283922891876383,1.6976096200461557,0.5890635798663838,2.8818784220732523,42.380749158011405,0.8372093023255814,0.8661021553954639,0.5580906449252456,0.0383591689169406,0.0405801273882389,747.299072265625,55.3330192565918,161.00271606445312,6488.29345703125,260.6009521484375,17.27294921875,1.4825797080993652,33.17280960083008,0.0365410186350345,0.0171005893498659,4.664971887342108,1.3156963025672623,0.5880557149529468,0.0833358528104911,0.2881813496843741,0.9262726298263764
171,1,3.0,57,171/3/1/57,3/1/57,1.png,C:\Users\u1021\Downloads\20260803\NASH_datasource_fromDrTsui_171\fast_035\3\1\57\1.png,475,735,349125,31.80121732903688,31.82269960615825,0.0,0.0,68.19878267096313,68.17730039384175,349125,51.64846974579305,47.07989036770728,0.0,237.0,0.0,0.0,0.0,0.0,50.0,83.0,114.0,138.0,181.0,83.0,237.0,5.791114113836928,1.0970388703627785,0.911544729193881,1.203494283086841,47.07989036770728,1.0,0.64911194333997,-0.1353625248952759,238024,75.75475582294223,37.74922104087344,6.0,237.0,14.0,25.0,32.0,48.0,70.0,96.0,128.0,151.0,187.0,48.0,231.0,7.166254309986485,2.0067899080862577,0.4983082663364764,4.02720573519685,37.74922104087344,0.7159090909090909,0.8660955640411155,0.7050049661472642,0.0431207977235317,0.0444603562355041,864.3515625,62.201656341552734,187.26394653320312,7982.2119140625,324.2280578613281,18.414306640625,1.4825797080993652,35.20899200439453,0.045171108096838,0.0212169922888278,5.706336984406428,1.473604099584712,0.5608225635642654,0.0784446275599225,0.2795569390617669,0.9010835146832142
171,1,3.0,57,171/3/1/57,3/1/57,2.png,C:\Users\u1021\Downloads\20260803\NASH_datasource_fromDrTsui_171\fast_035\3\1\57\2.png,475,735,349125,31.80121732903688,31.82269960615825,0.0,0.0,68.19878267096313,68.17730039384175,349125,49.49839169351952,46.375279361988,0.0,242.0,0.0,0.0,0.0,0.0,47.0,77.0,110.0,139.0,186.0,77.0,242.0,5.761106030913676,1.067344334621764,0.93690477155563,1.1392239286491763,46.375279361988,1.0,0.8368928127109264,0.4216211562246452,238024,72.60111165260646,38.43562387173617,6.0,242.0,14.0,24.0,31.0,46.0,65.0,90.0,125.0,154.0,193.0,44.0,236.0,7.12221883874973,1.888901605835363,0.5294082004646039,3.567949276527413,38.43562387173617,0.7303370786516854,1.1325817625799233,1.33161364513147,0.0414710044860839,0.0441948510706424,822.26171875,59.82183837890625,179.5816650390625,7642.8388671875,309.9401550292969,17.41943359375,1.4825797080993652,33.74418258666992,0.0440203435719013,0.0209251958876848,5.510635183044862,1.4276581671168012,0.5693875124730745,0.0793282024762933,0.2811312420202312,0.9018375545921186
171,1,3.0,57,171/3/1/57,3/1/57,3.png,C:\Users\u1021\Downloads\20260803\NASH_datasource_fromDrTsui_171\fast_035\3\1\57\3.png,475,735,349125,31.80121732903688,31.82155388471178,0.0,0.0,68.19878267096313,68.17844611528821,349125,51.86857142857143,47.33610833053029,0.0,240.0,0.0,0.0,0.0,0.0,51.0,82.0,113.0,141.0,184.0,82.0,240.0,5.784470603967775,1.0957506490899642,0.9126163884370168,1.2006694849810775,47.33610833053029,1.0,0.6835145478607136,-0.0078204810301505,238028,76.0763775690255,38.01252352243243,6.0,240.0,15.0,25.0,33.0,49.0,70.0,95.0,128.0,154.0,191.0,46.0,234.0,7.156617649327675,2.0013503582347103,0.4996626382209506,4.005403256406203,38.01252352243243,0.7206703910614525,0.9527899640602472,0.9110158546857008,0.0428456813097,0.0445893630385398,852.4154052734375,61.80480194091797,185.0243225097656,7956.9033203125,323.9311218261719,18.06640625,1.4825797080993652,35.36221694946289,0.0434413999319076,0.0209818519651889,5.724339730340837,1.469884975042156,0.5618082161566915,0.0786537655544773,0.2799280147130628,0.9018991032689154
171,1,3.0,58,171/3/1/58,3/1/58,1.png,C:\Users\u1021\Downloads\20260803\NASH_datasource_fromDrTsui_171\fast_035\3\1\58\1.png,475,735,349125,31.80121732903688,31.98252774794128,0.0,0.0,68.19878267096313,68.01747225205872,349125,46.10719369853204,45.81239142071718,0.0,241.0,0.0,0.0,0.0,0.0,40.0,73.0,108.0,137.0,183.0,73.0,241.0,5.802529546424544,1.0064349899377123,0.9936061543944226,1.0129113889709238,45.81239142071718,1.0,0.9842420781689708,0.6165276128364177,237466,67.77607320626953,40.21786876552088,6.0,241.0,9.0,18.0,24.0,38.0,59.0,88.0,124.0,152.0,190.0,50.0,235.0,7.173276247659398,1.6852228943661611,0.5933933151175921,2.8399762036958616,40.21786876552088,0.788235294117647,1.0735499137068605,1.0016589600428674,0.0403474941849708,0.0460506342351436,790.6522216796875,58.20116424560547,185.96987915039065,7800.046875,271.27325439453125,16.351318359375,1.4825797080993652,31.433494567871094,0.0423828400671482,0.0209877975285053,5.529710999247168,1.3793689964839666,0.5852353555789422,0.0809121482744939,0.2839214127614881,0.9004586622459763
171,1,3.0,58,171/3/1/58,3/1/58,2.png,C:\Users\u1021\Downloads\20260803\NASH_datasource_fromDrTsui_171\fast_035\3\1\58\2.png,475,735,349125,31.80121732903688,32.16068743286789,0.0,0.0,68.19878267096313,67.83931256713211,349125,52.14859147869674,48.45876458840665,0.0,241.0,0.0,0.0,0.0,0.0,50.0,85.0,116.0,139.0,184.0,85.0,241.0,5.861348428145222,1.076143643397233,0.9292439779165,1.1580851412242708,48.45876458840665,1.0,0.6553139081799532,-0.1751498220298906,236844,76.84901876340545,39.55157638492989,6.0,241.0,9.0,20.0,30.0,49.0,72.0,99.0,129.0,153.0,192.0,50.0,235.0,7.252888455666687,1.9430077328772868,0.5146659908137156,3.775279050020933,39.55157638492989,0.7687861271676301,0.7434996057752995,0.6053757358497669,0.0424082949757576,0.0448321662843227,888.5625,61.17387390136719,185.9300994873047,7924.490234375,280.2006530761719,18.76220703125,1.4825797080993652,35.55253982543945,0.0438008718192577,0.0211264546960592,5.644477190068958,1.4593535165095473,0.5658539272766986,0.0817489632421906,0.2854027073857964,0.90851778340544
171,1,3.0,58,171/3/1/58,3/1/58,3.png,C:\Users\u1021\Downloads\20260803\NASH_datasource_fromDrTsui_171\fast_035\3\1\58\3.png,475,735,349125,31.80121732903688,32.284425349087,0.0,0.0,68.19878267096313,67.715574650913,349125,53.17382026494808,49.20848932890399,0.0,238.0,0.0,0.0,0.0,0.0,52.0,87.0,118.0,142.0,186.0,87.0,238.0,5.87528330922025,1.080582252983632,0.925427006818654,1.167658005463182,49.20848932890399,1.0,0.6243653739929548,-0.2595817838346259,236412,78.49598582136271,39.870935120689175,6.0,238.0,8.0,20.0,31.0,50.0,74.0,101.0,131.0,155.0,193.0,51.0,232.0,7.270075500389867,1.968752064223115,0.5079359753685428,3.8759846903827766,39.870935120689175,0.7714285714285715,0.6992287473264627,0.5286965481573849,0.0434050783514976,0.0460361801087856,901.750732421875,62.61173248291016,193.9777374267578,8330.130859375,293.13983154296875,19.140625,1.4825797080993652,36.246883392333984,0.0443788506090641,0.0207078643143177,5.889165067550977,1.4896735618219423,0.5629050865216104,0.0834232574477817,0.2883112323335584,0.9074196234430216
171,1,3.0,59,171/3/1/59,3/1/59,1.png,C:\Users\u1021\Downloads\20260803\NASH_datasource_fromDrTsui_171\fast_035\3\1\59\1.png,475,735,349125,31.80121732903688,32.033798782670964,0.0,0.0,68.19878267096313,67.96620121732903,349125,53.19332903687791,48.49816113576394,0.0,240.0,0.0,0.0,0.0,0.0,52.0,88.0,118.0,140.0,179.0,88.0,240.0,5.854054527540743,1.0968112561622798,0.9117338962211052,1.2029949316442785,48.49816113576394,1.0,0.5462966467741955,-0.4798691127082137,237287,78.24972290938821,38.73896703407913,6.0,240.0,9.0,20.0,31.0,50.0,75.0,101.0,130.0,151.0,185.0,51.0,234.0,7.247217215567451,2.0199228038411814,0.4950684244459008,4.080088133477619,38.73896703407913,0.7660818713450293,0.5844006356816271,0.2391751904799197,0.0420728623867034,0.0465193502604961,868.6966552734375,60.69001388549805,177.3654327392578,8186.232421875,344.0572204589844,17.85888671875,1.4825797080993652,36.26610565185547,0.0424764081835746,0.0202343594282865,5.925796324638089,1.448259595781166,0.5696257236065554,0.0804405486815189,0.2831066699277755,0.9031464071235368
171,1,3.0,59,171/3/1/59,3/1/59,2.png,C:\Users\u1021\Downloads\20260803\NASH_datasource_fromDrTsui_171\fast_035\3\1\59\2.png,475,735,349125,31.801503759398496,32.041532402434655,0.0,0.0,68.1984962406015,67.95846759756535,349125,50.23656856426781,46.14776166208647,0.0,237.0,0.0,0.0,0.0,0.0,49.0,82.0,112.0,134.0,173.0,82.0,237.0,5.8038616256707165,1.0886024967390906,0.9186089532180024,1.1850553959065817,46.14776166208647,1.0,0.6070195926235814,-0.3153562799655893,237260,73.9073210823569,37.21495838667328,6.0,237.0,9.0,20.0,30.0,47.0,69.0,95.0,124.0,146.0,179.0,48.0,231.0,7.173169205339411,1.9859573753768645,0.5035354798640809,3.944026696813765,37.21495838667328,0.7590361445783133,0.6954299071607252,0.418129325541531,0.0410043597221374,0.0449985489249229,816.3348388671875,59.14869689941406,177.06295776367188,7711.916015625,321.1183166503906,17.938232421875,1.4825797080993652,34.24483108520508,0.044380072504282,0.0207442361861467,5.547590583439913,1.4037134620747118,0.5759527090772012,0.0812929911093949,0.2846033663314798,0.8993789802585681
171,1,3.0,59,171/3/1/59,3/1/59,3.png,C:\Users\u1021\Downloads\20260803\NASH_datasource_fromDrTsui_171\fast_035\3\1\59\3.png,475,735,349125,31.80121732903688,32.06673827425707,0.0,0.0,68.19878267096313,67.93326172574294,349125,49.62247905477981,46.105912287091,0.0,237.0,0.0,0.0,0.0,0.0,47.0,81.0,112.0,134.0,172.0,81.0,237.0,5.815443379546688,1.0762714930309143,0.9291335935915904,1.158360326710994,46.105912287091,1.0,0.6289996481130191,-0.3309076499908885,237172,73.02922351710994,37.69030934735773,6.0,237.0,9.0,19.0,28.0,45.0,69.0,95.0,124.0,145.0,178.0,50.0,231.0,7.189073876306953,1.9376127387033408,0.516099001634973,3.7543431251854607,37.69030934735773,0.7682926829268293,0.6674665747848796,0.2624685779150391,0.0402185916900634,0.0450492724776268,814.5758056640625,58.01523208618164,175.13565063476562,7588.619140625,319.4705505371094,16.729736328125,1.4825797080993652,33.828208923339844,0.0445445068180561,0.0210342574864625,5.471068012920651,1.380501941351356,0.5812381865006513,0.0810662773865261,0.2842098514604861,0.9008464860768762
171,1,3.0,6,171/3/1/6,3/1/6,1.png,C:\Users\u1021\Downloads\20260803\NASH_datasource_fromDrTsui_171\fast_035\3\1\6\1.png,475,735,349125,31.80121732903688,31.866809881847477,0.0,0.0,68.19878267096313,68.13319011815253,349125,51.8034514858575,47.278305694097945,0.0,236.0,0.0,0.0,0.0,0.0,50.0,85.0,114.0,136.0,178.0,85.0,236.0,5.820153072088715,1.0957129432902766,0.9126477934970234,1.200586854093841,47.278305694097945,1.0,0.5849275728754627,-0.3465766155426104,237870,76.0285197797116,37.93530505008395,6.0,236.0,11.0,21.0,29.0,48.0,72.0,98.0,126.0,148.0,184.0,50.0,230.0,7.205504663885021,2.0041626047117647,0.4989615102332569,4.016667746125045,37.93530505008395,0.7514792899408284,0.6761733913362087,0.4297872563945599,0.0401079282164573,0.0416034199297428,827.196533203125,57.855594635009766,166.35504150390625,6948.81103515625,287.5906982421875,17.718505859375,1.4825797080993652,35.317138671875,0.0405781008303165,0.0202604103833436,5.061403827712944,1.390241281656687,0.5717278698798366,0.0786482598879518,0.2799189151901217,0.9130399001856024
171,1,3.0,6,171/3/1/6,3/1/6,2.png,C:\Users\u1021\Downloads\20260803\NASH_datasource_fromDrTsui_171\fast_035\3\1\6\2.png,475,735,349125,31.80121732903688,31.96190476190476,0.0,0.0,68.19878267096313,68.03809523809524,349125,48.20433082706767,46.0839631186201,0.0,239.0,0.0,0.0,0.0,0.0,43.0,80.0,111.0,133.0,176.0,80.0,239.0,5.827930921722594,1.0460109670470343,0.9560129209955354,1.094138943182672,46.0839631186201,1.0,0.731275396085085,-0.1195141998929094,237538,70.83875843023011,38.96716796482996,6.0,239.0,9.0,16.0,24.0,41.0,66.0,94.0,123.0,144.0,182.0,53.0,233.0,7.211969872168018,1.81790882247758,0.5500825936017661,3.304792486841821,38.96716796482996,0.8,0.727422176464328,0.3549632371034592,0.0379861630499362,0.0403792634606361,745.9962158203125,54.794952392578125,156.5116424560547,6395.2001953125,249.2720184326172,18.133544921875,1.4825797080993652,32.861785888671875,0.0400311388075351,0.0190194528549909,4.581817395218504,1.301503430455939,0.5889613213288557,0.079442654199347,0.2813209129061486,0.9180088880842404
171,1,3.0,6,171/3/1/6,3/1/6,3.png,C:\Users\u1021\Downloads\20260803\NASH_datasource_fromDrTsui_171\fast_035\3\1\6\3.png,475,735,349125,31.80121732903688,31.91922663802363,0.0,0.0,68.19878267096313,68.08077336197637,349125,50.61709989258861,47.98554281366936,0.0,235.0,0.0,0.0,0.0,0.0,45.0,84.0,117.0,138.0,179.0,84.0,235.0,5.86522349777584,1.0548406233339434,0.9480105125638664,1.112688740635542,47.98554281366936,1.0,0.6739748842799396,-0.2915773747666965,237687,74.34100729110132,40.23515347498636,6.0,235.0,9.0,17.0,24.0,44.0,70.0,99.0,129.0,149.0,186.0,55.0,229.0,7.268834299458774,1.8476630724751208,0.5412242171731043,3.4138588293882037,40.23515347498636,0.7951807228915663,0.6380859485876681,0.1635927039482214,0.0391799882054328,0.0424694120883941,802.4593505859375,56.517051696777344,160.4618377685547,6947.2138671875,277.2240295410156,17.93212890625,1.4825797080993652,34.50633239746094,0.0392931215465068,0.018728407099843,4.96512747384567,1.345215583170745,0.5826341363525648,0.0792728214800562,0.2810251248097087,0.9182582342164708
171,1,3.0,61,171/3/1/61,3/1/61,1.png,C:\Users\u1021\Downloads\20260803\NASH_datasource_fromDrTsui_171\fast_035\3\1\61\1.png,475,735,349125,31.80121732903688,31.820408163265306,0.0,0.0,68.19878267096313,68.1795918367347,349125,53.717201575366985,47.50814970683406,0.0,239.0,0.0,0.0,0.0,0.0,55.0,86.0,114.0,137.0,183.0,86.0,239.0,5.771923384101725,1.1306944578319318,0.8844122238977504,1.278469956971846,47.50814970683406,1.0,0.5415137512349886,-0.2594891371085022,238032,78.78657491429723,36.54231371873868,6.0,239.0,15.0,27.0,36.0,53.0,74.0,98.0,126.0,150.0,189.0,45.0,233.0,7.13834304571534,2.1560368486983883,0.4638139652407637,4.648494892945277,36.54231371873868,0.6949152542372882,0.8466410709347083,0.935631288820122,0.0443031266331672,0.0447104610502719,871.25927734375,63.90716171264648,182.9603729248047,8243.697265625,312.40673828125,20.5078125,1.4825797080993652,36.620853424072266,0.0450462400913238,0.0211309064179658,5.90033847267912,1.5131631423440304,0.55273446417116,0.0783504673681468,0.2793852904213778,0.8986259770443783
171,1,3.0,61,171/3/1/61,3/1/61,2.png,C:\Users\u1021\Downloads\20260803\NASH_datasource_fromDrTsui_171\fast_035\3\1\61\2.png,475,735,349125,31.80121732903688,31.82670963122091,0.0,0.0,68.19878267096313,68.17329036877909,349125,51.21310418904404,45.75919025897101,0.0,235.0,0.0,0.0,0.0,0.0,51.0,82.0,110.0,132.0,176.0,82.0,235.0,5.748240691994552,1.119187291103863,0.893505499882591,1.2525801925684028,45.75919025897101,1.0,0.5720575082931351,-0.2351960609071315,238010,75.12035628755095,35.715483326256816,6.0,235.0,15.0,25.0,33.0,49.0,71.0,95.0,121.0,145.0,182.0,46.0,229.0,7.102993299298989,2.103299445826763,0.4754434761936245,4.423868558815167,35.715483326256816,0.7058823529411765,0.8328762092284626,0.8354676460409065,0.0433213487267494,0.0436829216778278,861.649658203125,62.49095153808594,181.2456970214844,7875.6962890625,308.0404357910156,19.98291015625,1.4825797080993652,34.91212463378906,0.0477062277495861,0.0223995074629783,5.619218790595813,1.4776076996377767,0.5571093930091323,0.0786753289222286,0.279965476789717,0.8952811444114906
171,1,3.0,61,171/3/1/61,3/1/61,3.png,C:\Users\u1021\Downloads\20260803\NASH_datasource_fromDrTsui_171\fast_035\3\1\61\3.png,475,735,349125,31.80121732903688,31.81754385964912,0.0,0.0,68.19878267096313,68.18245614035088,349125,55.43519942713928,47.92097944895978,0.0,238.0,0.0,0.0,0.0,0.0,58.0,89.0,116.0,137.0,182.0,89.0,238.0,5.754420318396388,1.1568043905735028,0.8644503843076142,1.338196398050133,47.92097944895978,1.0,0.4440399332624983,-0.4413439077486627,238042,81.3031733895699,35.566212158252995,6.0,238.0,18.0,31.0,39.0,56.0,77.0,100.0,127.0,150.0,188.0,44.0,232.0,7.112904861271908,2.285966608639932,0.4374517091459022,5.225643335816751,35.566212158252995,0.6574585635359116,0.7930998439425136,0.852892129056178,0.0449396222829818,0.0454565435647964,903.8531494140624,64.82530975341797,187.251953125,8501.8720703125,325.38677978515625,19.879150390625,1.4825797080993652,37.78945541381836,0.0465142019093036,0.0218226741999387,6.070056135797568,1.534108931274946,0.5500306883270438,0.0785085043560632,0.2796750436470384,0.8969982320810516
171,1,3.0,63,171/3/1/63,3/1/63,1.png,C:\Users\u1021\Downloads\20260803\NASH_datasource_fromDrTsui_171\fast_035\3\1\63\1.png,475,735,349125,31.80121732903688,31.83415682062299,0.0,0.0,68.19878267096313,68.16584317937702,349125,58.15690655209452,52.25743521266907,0.0,240.0,0.0,0.0,0.0,0.0,58.0,94.0,127.0,152.0,196.0,94.0,240.0,5.896206159232976,1.1128924777003828,0.8985594026714446,1.238529666922097,52.25743521266907,1.0,0.5524494778792582,-0.3836791260248655,237984,85.31467661691542,41.10141902536354,6.0,240.0,14.0,27.0,36.0,56.0,81.0,108.0,141.0,166.0,203.0,52.0,234.0,7.319483456055471,2.0757112197091794,0.4817625835929656,4.308577067626569,41.10141902536354,0.7202072538860104,0.7176957967842851,0.4512288377080145,0.0482968613505363,0.0530892983078956,1058.598388671875,69.6681137084961,205.3443603515625,10718.326171875,405.7642517089844,19.86083984375,1.4825797080993652,39.64692306518555,0.0464067943394184,0.0211976952850818,7.638384180980434,1.651305508446142,0.5428013612409671,0.0775806915592871,0.2780110741796142,0.8927999306957691
171,1,3.0,63,171/3/1/63,3/1/63,2.png,C:\Users\u1021\Downloads\20260803\NASH_datasource_fromDrTsui_171\fast_035\3\1\63\2.png,475,735,349125,31.80121732903688,31.84618689581096,0.0,0.0,68.19878267096313,68.15381310418904,349125,53.82175438596492,48.77377406183263,0.0,239.0,0.0,0.0,0.0,0.0,52.0,87.0,118.0,141.0,185.0,87.0,239.0,5.834405928142232,1.1034978412319036,0.9062092943323184,1.2177074856034715,48.77377406183263,1.0,0.5920052860085906,-0.2930497071729601,237942,78.96825276748115,38.79201553949148,6.0,239.0,14.0,25.0,33.0,50.0,75.0,101.0,130.0,154.0,191.0,51.0,233.0,7.227816534931913,2.0356831597752123,0.4912355811355357,4.144005926992391,38.79201553949148,0.7206703910614525,0.7570045699065637,0.5342187799934717,0.0449814014136791,0.0461645163595676,942.1610107421876,64.88557434082031,191.46278381347656,8644.66015625,340.9397888183594,19.268798828125,1.4825797080993652,36.691993713378906,0.0460170209407806,0.021361218765378,6.135372707705745,1.5380382530353625,0.5522292339833693,0.078118952695169,0.278969612479635,0.90076910456269
171,1,3.0,63,171/3/1/63,3/1/63,3.png,C:\Users\u1021\Downloads\20260803\NASH_datasource_fromDrTsui_171\fast_035\3\1\63\3.png,475,735,349125,31.80121732903688,31.82842821339062,0.0,0.0,68.19878267096313,68.17157178660938,349125,55.98948800572861,50.92481362567592,0.0,238.0,0.0,0.0,0.0,0.0,54.0,91.0,123.0,148.0,192.0,91.0,238.0,5.881190926777106,1.0994539600533582,0.9095424058970768,1.2087990102770114,50.92481362567592,1.0,0.592906639089006,-0.3340219339173216,238004,82.12853145325289,40.71191127373723,6.0,238.0,14.0,25.0,33.0,52.0,77.0,105.0,137.0,161.0,198.0,53.0,232.0,7.297892523599453,2.0173096492827405,0.4957097193063804,4.069538221089252,40.71191127373723,0.7311827956989247,0.7255582865237172,0.3974027238166289,0.0463809557259082,0.0483932979404926,985.68505859375,66.9044189453125,199.6000518798828,9349.2509765625,366.8700256347656,18.90869140625,1.4825797080993652,38.16865539550781,0.0446102246642112,0.0204062405973672,6.618150477448235,1.582484417551165,0.5483353565204886,0.0775859639115509,0.2780180538974642,0.9023482817488844
171,1,3.0,64,171/3/1/64,3/1/64,1.png,C:\Users\u1021\Downloads\20260803\NASH_datasource_fromDrTsui_171\fast_035\3\1\64\1.png,475,735,349125,31.80207662012173,33.62234156820623,0.0,0.0,68.19792337987826,66.37765843179378,349125,48.685900465449336,47.72313929970248,0.0,238.0,0.0,0.0,0.0,0.0,44.0,83.0,112.0,135.0,180.0,83.0,238.0,5.8606595277163445,1.0201738858732805,0.9802250516773312,1.040754757417789,47.72313929970248,1.0,0.709676600969405,-0.2165896668597242,231741,73.23465851964046,40.475644188435616,6.0,238.0,6.0,10.0,20.0,45.0,71.0,97.0,125.0,150.0,187.0,52.0,232.0,7.238005986260941,1.809351277491576,0.552684275541213,3.2737520453603977,40.475644188435616,0.875,0.5803466700873957,0.3101270825739437,0.0379897207021713,0.0409898124635219,763.5,54.800086975097656,160.6549072265625,6499.1357421875,258.0649108886719,17.962646484375,1.4825797080993652,33.19116973876953,0.0377841778099536,0.0187693238258361,4.698539790432295,1.3065307071485626,0.5954108159302708,0.0992617235339613,0.3146069078811776,0.9230626194348798
171,1,3.0,64,171/3/1/64,3/1/64,2.png,C:\Users\u1021\Downloads\20260803\NASH_datasource_fromDrTsui_171\fast_035\3\1\64\2.png,475,735,349125,31.80121732903688,33.297815968492664,0.0,0.0,68.19878267096313,66.70218403150734,349125,51.24032366630863,49.14906095723445,0.0,238.0,0.0,0.0,0.0,0.0,48.0,87.0,117.0,139.0,183.0,87.0,238.0,5.885605313633431,1.04254939297607,0.9591871682409138,1.0869092367947717,49.14906095723445,1.0,0.6393916245714812,-0.3605886485690148,232874,76.72762953356751,40.86867218834911,6.0,238.0,6.0,12.0,23.0,48.0,75.0,100.0,129.0,153.0,190.0,52.0,232.0,7.274973555463166,1.8774191923818144,0.5326460942009098,3.5247028239235845,40.86867218834911,0.8545454545454545,0.5279158003733961,0.2571862562041715,0.0392672345042228,0.0413949787616729,805.3438720703125,56.64289855957031,162.82228088378906,6773.9609375,272.2377319335937,17.877197265625,1.4825797080993652,34.93061065673828,0.0371262580156326,0.0183319933712482,4.867132672121444,1.3480075326421268,0.5853667545171646,0.0948605838225844,0.3075379589893323,0.9246835378457944
171,1,3.0,64,171/3/1/64,3/1/64,3.png,C:\Users\u1021\Downloads\20260803\NASH_datasource_fromDrTsui_171\fast_035\3\1\64\3.png,475,735,349125,31.80179018976012,33.9296813462227,0.0,0.0,68.19820981023989,66.0703186537773,349125,49.27447475832438,47.96562625825654,0.0,238.0,0.0,0.0,0.0,0.0,45.0,84.0,114.0,135.0,179.0,84.0,238.0,5.860928224630123,1.02728721799692,0.9734375961085872,1.0553190282598517,47.96562625825654,1.0,0.6742785726201406,-0.303189208157304,230668,74.44908699949711,40.172299862834,6.0,238.0,6.0,11.0,22.0,46.0,72.0,98.0,126.0,149.0,187.0,52.0,232.0,7.238632454368234,1.8532443313850395,0.539594258061289,3.4345145518107816,40.172299862834,0.8625,0.545395518759508,0.2767138340493469,0.0377154499292373,0.0405124686658382,776.9345703125,54.40444946289063,159.79954528808594,6374.9775390625,259.6446533203125,18.1884765625,1.4825797080993652,33.5908317565918,0.0373991020023822,0.0188286155462265,4.638292927578573,1.2996724606552588,0.5961390213619292,0.101971962144745,0.3188848408557594,0.9248551370180236
171,1,3.0,65,171/3/1/65,3/1/65,1.png,C:\Users\u1021\Downloads\20260803\NASH_datasource_fromDrTsui_171\fast_035\3\1\65\1.png,475,735,349125,31.80236305048335,37.724024346580734,0.0,0.0,68.19763694951665,62.27597565341926,349125,40.79808091657716,45.69975391567609,0.0,238.0,0.0,0.0,0.0,0.0,27.0,69.0,107.0,132.0,175.0,69.0,238.0,5.76979590669197,0.8927418075785842,1.1201446952645089,0.7969879349986779,45.69975391567609,1.0,1.0647429343843555,0.4764415394477996,217421,65.13597122633048,42.21428667662855,6.0,238.0,6.0,7.0,12.0,34.0,59.0,90.0,124.0,147.0,184.0,56.0,232.0,7.168676084066996,1.5429840547890217,0.6480948373356548,2.3807997933331704,42.21428667662855,0.9090909090909092,0.7722556722220754,0.280418406766763,0.0325940176844596,0.0388217940926551,611.0599365234375,47.01680374145508,152.6823272705078,5346.61865234375,216.53912353515625,14.544677734375,0.0,,0.0333616472780704,0.0155217107385396,3.860764052493396,1.1146950581586204,0.6455557785565266,0.1440029830740927,0.3791380891767261,0.933118899759804
171,1,3.0,65,171/3/1/65,3/1/65,2.png,C:\Users\u1021\Downloads\20260803\NASH_datasource_fromDrTsui_171\fast_035\3\1\65\2.png,475,735,349125,31.801503759398496,37.69137128535625,0.0,0.0,68.1984962406015,62.30862871464375,349125,39.7639126387397,44.86280655576152,0.0,238.0,0.0,0.0,0.0,0.0,26.0,67.0,106.0,129.0,172.0,67.0,238.0,5.755289374658023,0.8863447405885267,1.1282291801449704,0.7856069991689427,44.86280655576152,1.0,1.0884036423400556,0.5445109442050766,217535,63.4445123773186,41.72565383770759,6.0,238.0,6.0,7.0,11.0,32.0,57.0,88.0,122.0,143.0,182.0,56.0,232.0,7.14415411408119,1.5205157149624726,0.6576715979714032,2.311968039447839,41.72565383770759,0.9066666666666666,0.7874231164051224,0.3058631048305797,0.0324204936623573,0.038402996957302,606.065185546875,46.76649475097656,151.07479858398438,5255.84765625,208.38839721679688,14.3310546875,0.0,,0.0338195525109767,0.0163794942200183,3.811045275719062,1.1083553769456491,0.6463129545257555,0.1449562715809806,0.3803920999561435,0.9314171664530964
171,1,3.0,65,171/3/1/65,3/1/65,3.png,C:\Users\u1021\Downloads\20260803\NASH_datasource_fromDrTsui_171\fast_035\3\1\65\3.png,475,735,349125,31.80379520229144,38.00587182241317,0.0,0.0,68.19620479770856,61.99412817758683,349125,39.55222055137845,44.49683061374315,0.0,239.0,0.0,0.0,0.0,0.0,26.0,67.0,105.0,128.0,169.0,67.0,239.0,5.743367396004301,0.8888772527354448,1.1250147271994917,0.7901027704305118,44.49683061374315,1.0,1.0597243814685664,0.4236975171347485,216437,63.40522646312784,41.174594853670754,6.0,239.0,6.0,7.0,11.0,32.0,57.0,88.0,121.0,142.0,178.0,56.0,233.0,7.134436016506983,1.5399113625394958,0.6493880260425392,2.371327004478246,41.174594853670754,0.906040268456376,0.744672860065585,0.1876876578611446,0.0317428633570671,0.0376900807023048,598.4019775390625,45.78900909423828,146.08726501464844,5052.4970703125,202.5152587890625,14.3798828125,0.0,,0.0343058928847312,0.016427444294095,3.67858462636899,1.0875109302390658,0.6503394782553525,0.1472239477830487,0.3833677453149692,0.9326694591908864
171,1,3.0,66,171/3/1/66,3/1/66,1.png,C:\Users\u1021\Downloads\20260803\NASH_datasource_fromDrTsui_171\fast_035\3\1\66\1.png,475,735,349125,31.80121732903688,32.21854636591478,0.0,0.0,68.19878267096313,67.78145363408521,349125,49.02144790547798,45.67221759217357,0.0,240.0,0.0,0.0,0.0,0.0,47.0,80.0,107.0,131.0,178.0,80.0,240.0,5.796407433589079,1.0733318960601188,0.9316782662200777,1.1520413591000098,45.67221759217357,1.0,0.6852058495749246,-0.035821716227252,236642,72.2971027966295,37.36109211334137,6.0,240.0,8.0,18.0,28.0,46.0,68.0,92.0,120.0,145.0,184.0,46.0,234.0,7.1557284984789495,1.935090724256766,0.516771636319058,3.7445761111045752,37.36109211334137,0.7791411042944786,0.8064598049550803,0.8737285830339632,0.038656085729599,0.0419839993119239,777.981201171875,55.76131057739258,165.18592834472656,6777.05859375,277.2022705078125,16.51611328125,1.4825797080993652,33.42105484008789,0.0412153229117393,0.021008476614952,4.923043384126343,1.3330385159276583,0.5862091202893733,0.0839189386581858,0.2891889634488543,0.9090429056417798
171,1,3.0,66,171/3/1/66,3/1/66,2.png,C:\Users\u1021\Downloads\20260803\NASH_datasource_fromDrTsui_171\fast_035\3\1\66\2.png,475,735,349125,31.80121732903688,32.14636591478697,0.0,0.0,68.19878267096313,67.85363408521303,349125,48.86205513784461,45.53630039862021,0.0,239.0,0.0,0.0,0.0,0.0,47.0,80.0,108.0,130.0,177.0,80.0,239.0,5.7945283402861225,1.0730352424353993,0.9319358399919504,1.1514046315083963,45.53630039862021,1.0,0.6910188157923352,-0.0286884337618982,236894,71.9895607318041,37.308649030878414,6.0,239.0,8.0,19.0,28.0,45.0,68.0,92.0,119.0,145.0,185.0,47.0,233.0,7.15533823039944,1.9295676097041763,0.5182508220861516,3.7232311604194894,37.308649030878414,0.7682926829268293,0.8153195008101571,0.8535273325214359,0.0385913178324699,0.0417726337909698,774.7080078125,55.66789245605469,164.54629516601562,6729.8115234375,272.0928955078125,17.02880859375,1.4825797080993652,33.31129837036133,0.0412753336131572,0.0205553919076919,4.891194284006089,1.3313882059358042,0.5849747900876986,0.0831593258177759,0.2878635649664789,0.9089440494525616
171,1,3.0,66,171/3/1/66,3/1/66,3.png,C:\Users\u1021\Downloads\20260803\NASH_datasource_fromDrTsui_171\fast_035\3\1\66\3.png,475,735,349125,31.80121732903688,32.14722520587182,0.0,0.0,68.19878267096313,67.85277479412818,349125,46.77145721446473,44.13875710967567,0.0,237.0,0.0,0.0,0.0,0.0,43.0,77.0,105.0,127.0,171.0,77.0,237.0,5.775161358544099,1.0596459954286286,0.9437113944789632,1.122849635627929,44.13875710967567,1.0,0.7283366037913527,0.0072242992792603,236891,68.90907632624287,36.697368842718376,6.0,237.0,9.0,18.0,25.0,42.0,65.0,89.0,117.0,140.0,178.0,47.0,231.0,7.127017682419293,1.877766131451576,0.5325476816577615,3.526005644426616,36.697368842718376,0.7721518987341772,0.8167375560911091,0.7429769574302001,0.0379581823945045,0.0417420305311679,747.5107421875,54.75459289550781,162.84744262695312,6623.64453125,266.9295654296875,16.40625,1.4825797080993652,31.88473892211914,0.0425924025475978,0.0213995147496461,4.816881102884985,1.3068080663356494,0.5910337272550027,0.0831730171935596,0.2878860313669475,0.904443839339062
171,1,3.0,67,171/3/1/67,3/1/67,1.png,C:\Users\u1021\Downloads\20260803\NASH_datasource_fromDrTsui_171\fast_035\3\1\67\1.png,475,735,349125,31.80179018976012,34.89667024704619,0.0,0.0,68.19820981023989,65.10332975295381,349125,47.674792696025776,49.466624163773616,0.0,238.0,0.0,0.0,0.0,0.0,37.0,82.0,118.0,142.0,184.0,82.0,238.0,5.905313629046465,0.963776960768225,1.037584462698612,0.9288660301076368,49.466624163773616,1.0,0.83607127896908,-0.0982113684314498,227292,73.03920947503651,43.75182592347504,6.0,238.0,6.0,9.0,17.0,40.0,69.0,100.0,133.0,155.0,192.0,60.0,232.0,7.316632945696335,1.6693979721620562,0.599018338751717,2.7868895894587853,43.75182592347504,0.8902439024390244,0.6013653015223029,0.023213479472167,0.0397330299019813,0.0461652651429176,824.2508544921875,57.31480407714844,187.0063018798828,7719.65234375,282.4046936035156,16.2841796875,1.4825797080993652,32.50135803222656,0.0406361259520053,0.0181112363934516,5.415907343717174,1.351528477074502,0.6030394437880828,0.1106405473240538,0.3322149616515481,0.9186967976424064
171,1,3.0,67,171/3/1/67,3/1/67,2.png,C:\Users\u1021\Downloads\20260803\NASH_datasource_fromDrTsui_171\fast_035\3\1\67\2.png,475,735,349125,31.80121732903688,34.71822413175797,0.0,0.0,68.19878267096313,65.28177586824204,349125,48.5922119584676,49.76003779038249,0.0,241.0,0.0,0.0,0.0,0.0,39.0,84.0,118.0,142.0,185.0,84.0,241.0,5.912423047858452,0.9765308491759104,1.0240331893702028,0.9536124993922246,49.76003779038249,1.0,0.8001170521289647,-0.1636048161046259,227915,74.25565671412588,43.53344762106006,6.0,241.0,6.0,10.0,18.40000000000145,41.0,70.0,101.0,133.0,156.0,192.0,60.0,235.0,7.324949201280333,1.7057150483575163,0.5862643944912895,2.9094638261932846,43.53344762106006,0.8795180722891566,0.5824852666127206,0.0316669240963114,0.0404876098036766,0.0465745963156223,847.4283447265625,58.403282165527344,188.78526306152344,7924.60009765625,289.86395263671875,17.254638671875,1.4825797080993652,33.124725341796875,0.0409941896796226,0.018486026674509,5.566024893809975,1.3793454049547569,0.5974308912096156,0.1086592449604565,0.3292185364593215,0.9172204920252724
171,1,3.0,67,171/3/1/67,3/1/67,3.png,C:\Users\u1021\Downloads\20260803\NASH_datasource_fromDrTsui_171\fast_035\3\1\67\3.png,475,735,349125,31.80121732903688,34.53519513068385,0.0,0.0,68.19878267096313,65.46480486931615,349125,48.41775295381311,49.4446563008818,0.0,241.0,0.0,0.0,0.0,0.0,39.0,83.0,118.0,141.0,185.0,83.0,241.0,5.912290951499608,0.9792312572501312,1.0212092318296613,0.9588938551756728,49.4446563008818,1.0,0.807176036656139,-0.1375602859686981,228554,73.79294171180553,43.236038841541536,6.0,241.0,6.0,10.0,20.0,41.0,69.0,100.0,132.70000000001164,155.0,192.0,59.0,235.0,7.322117351065343,1.706746124043738,0.585910221744481,2.912982331938323,43.236038841541536,0.8787878787878788,0.6087760036503038,0.0535030929465443,0.0397333167493343,0.0461164377629756,817.12646484375,57.31521987915039,186.80172729492188,7710.326171875,282.0789794921875,16.180419921875,1.4825797080993652,33.00422668457031,0.0400635823607444,0.0177135486155748,5.424241118227464,1.3552147737603155,0.6008278949107083,0.1060169105256551,0.3251720402733863,0.9182528892196874
171,1,3.0,68,171/3/1/68,3/1/68,1.png,C:\Users\u1021\Downloads\20260803\NASH_datasource_fromDrTsui_171\fast_035\3\1\68\1.png,475,735,349125,31.80121732903688,34.746867167919795,0.0,0.0,68.19878267096313,65.2531328320802,349125,44.83259004654494,45.780638762167904,0.0,242.0,0.0,0.0,0.0,0.0,37.0,78.0,108.0,128.0,171.0,78.0,242.0,5.81222295929323,0.9792914921841062,1.0211464185905543,0.9590118266641732,45.780638762167904,1.0,0.7845824975370976,-0.1502151355320942,227815,68.52096218422844,39.9529099527896,6.0,242.0,6.0,8.0,15.0,39.0,66.0,93.0,121.0,141.0,179.0,54.0,236.0,7.174601813026578,1.7150430911089156,0.5830757286415575,2.941372804360424,39.9529099527896,0.8926174496644296,0.5584058163751086,0.1502761670558925,0.0357848778367042,0.0408271066844463,707.953857421875,51.61960220336914,154.29026794433594,6132.9697265625,255.5052032470703,16.131591796875,1.4825797080993652,30.564062118530277,0.0380014479160308,0.0181901510804891,4.47169680532284,1.2364706673803123,0.6147146029549687,0.1146985867799535,0.3382643458149598,0.9207154490675222
171,1,3.0,68,171/3/1/68,3/1/68,2.png,C:\Users\u1021\Downloads\20260803\NASH_datasource_fromDrTsui_171\fast_035\3\1\68\2.png,475,735,349125,31.80179018976012,34.416899391335484,0.0,0.0,68.19820981023989,65.58310060866451,349125,46.87370139634801,47.14215377281532,0.0,239.0,0.0,0.0,0.0,0.0,40.0,82.0,112.0,132.0,173.0,82.0,239.0,5.832530716841873,0.9943054706884836,1.0057271426934555,0.988643369041047,47.14215377281532,1.0,0.7098010172697644,-0.3480929826491454,228967,71.30716216747392,40.66189471547871,6.0,239.0,6.0,8.0,15.0,42.0,70.0,97.0,124.0,144.0,181.0,55.0,233.0,7.203325575515176,1.7536605872999202,0.5702357726700593,3.075325455449101,40.66189471547871,0.8947368421052632,0.4561174212969526,0.0073512770138539,0.0363502949476242,0.0416650250554084,719.302978515625,52.43521881103516,156.23699951171875,6361.6669921875,262.1891174316406,17.0166015625,1.4825797080993652,31.955589294433597,0.0371881574392318,0.0174268037080764,4.580233663298439,1.252998459931931,0.6113545655211814,0.1113609014508008,0.3332933795325449,0.9234778136745622
171,1,3.0,68,171/3/1/68,3/1/68,3.png,C:\Users\u1021\Downloads\20260803\NASH_datasource_fromDrTsui_171\fast_035\3\1\68\3.png,475,735,349125,31.80121732903688,34.14450411743645,0.0,0.0,68.19878267096313,65.85549588256356,349125,47.49247404224848,47.72003643629138,0.0,238.0,0.0,0.0,0.0,0.0,41.0,83.0,113.0,133.0,175.0,83.0,238.0,5.844690695196055,0.995231303011541,1.004791546421449,0.9904853464940496,47.72003643629138,1.0,0.7066781949293867,-0.3594853793609931,229918,71.96802338224933,41.26510375547454,6.0,238.0,6.0,8.0,14.0,42.0,70.0,98.0,125.0,146.0,183.0,56.0,232.0,7.219469074315917,1.744040771318829,0.5733810908811543,3.041678212022376,41.26510375547454,0.8961038961038961,0.4488825281506077,-0.0193953238760684,0.0365783050656318,0.0419467352330684,752.8275146484375,52.764122009277344,156.44802856445312,6445.279296875,267.2738037109375,16.66259765625,1.4825797080993652,32.37805938720703,0.0367691665887832,0.0181232038885355,4.693758466643856,1.2710934130393774,0.6072988203609556,0.106654945054389,0.3261566790089371,0.9233850496611404
171,1,3.0,69,171/3/1/69,3/1/69,1.png,C:\Users\u1021\Downloads\20260803\NASH_datasource_fromDrTsui_171\fast_035\3\1\69\1.png,475,735,349125,31.80121732903688,31.8625134264232,0.0,0.0,68.19878267096313,68.1374865735768,349125,46.50663802363051,48.62670691572289,0.0,238.0,0.0,0.0,0.0,0.0,37.0,70.0,118.0,151.0,193.0,70.0,238.0,5.819544529058687,0.9564011419533968,1.0455863717995515,0.9147031443297614,48.62670691572289,1.0,1.1568390869098928,0.8628341046731869,237885,68.25025957920845,44.56935070994672,6.0,238.0,11.0,18.0,24.0,35.0,55.0,89.0,138.0,165.0,198.0,54.0,232.0,7.204931124493018,1.5313272123566468,0.6530282959322867,2.3449630313039798,44.56935070994672,0.8032786885245902,1.1563025533924618,0.7377344374096824,0.0379977263510227,0.0426337830722332,700.01123046875,54.81163787841797,169.85287475585938,6786.458984375,269.42108154296875,14.044189453125,1.4825797080993652,31.70536994934082,0.0325510613620281,0.0158062633126974,4.951189234023061,1.3103657983349872,0.5931950350518579,0.0800819274112347,0.2824559120626892,0.9230322979345804
171,1,3.0,69,171/3/1/69,3/1/69,2.png,C:\Users\u1021\Downloads\20260803\NASH_datasource_fromDrTsui_171\fast_035\3\1\69\2.png,475,735,349125,31.80121732903688,31.858216970998924,0.0,0.0,68.19878267096313,68.14178302900108,349125,44.837098460436806,46.97587994874389,0.0,239.0,0.0,0.0,0.0,0.0,36.0,66.0,112.0,147.0,189.0,66.0,239.0,5.773896544835898,0.9544706455602164,1.0477011573394803,0.9110142132361364,46.97587994874389,1.0,1.2099060802666743,1.1053405508269698,237900,65.79599831862127,43.12286597069691,6.0,239.0,11.0,18.0,23.0,35.0,53.0,84.0,133.0,161.0,195.0,49.0,233.0,7.138383717462274,1.5257798116510006,0.6554025635703817,2.328004033641763,43.12286597069691,0.7988826815642458,1.247686232562299,1.0392112340372923,0.0364845059812068,0.041486982256174,671.7943115234375,52.628814697265625,160.052490234375,6351.20166015625,258.9430847167969,13.8671875,1.4825797080993652,30.56525611877441,0.0337623618543148,0.0161270834505558,4.64977292785828,1.259373969035883,0.601286292389091,0.0811692328889247,0.2843795297994624,0.922199353500222
171,1,3.0,69,171/3/1/69,3/1/69,3.png,C:\Users\u1021\Downloads\20260803\NASH_datasource_fromDrTsui_171\fast_035\3\1\69\3.png,475,735,349125,31.80121732903688,31.86165413533835,0.0,0.0,68.19878267096313,68.13834586466166,349125,44.866068027210886,47.23357300514609,0.0,238.0,0.0,0.0,0.0,0.0,35.0,67.0,113.0,147.0,190.0,67.0,238.0,5.78723916108788,0.94987664859321,1.0527682741554114,0.9022656475426688,47.23357300514609,1.0,1.201098555218581,1.0376918820818617,237888,65.84158931934356,43.51245826924816,6.0,238.0,11.0,17.0,23.0,34.0,53.0,85.0,133.0,162.0,195.0,51.0,232.0,7.157766228000373,1.5131663881623576,0.6608658557466606,2.289672518264315,43.51245826924816,0.8100558659217877,1.208906818158925,0.9203695681429136,0.0372678413987159,0.0429739654064178,698.20703125,53.75877380371094,166.55679321289062,6732.7470703125,265.2796936035156,13.8427734375,1.4825797080993652,30.584976196289062,0.0345314852893352,0.016912980005145,4.889629869231954,1.288276835212135,0.5980410992442656,0.0806160089202066,0.2834047367153798,0.9191087812589992
171,1,3.0,7,171/3/1/7,3/1/7,1.png,C:\Users\u1021\Downloads\20260803\NASH_datasource_fromDrTsui_171\fast_035\3\1\7\1.png,475,735,349125,31.80121732903688,34.31464375223774,0.0,0.0,68.19878267096313,65.68535624776226,349125,42.64951808091658,44.31542934947931,0.0,234.0,0.0,0.0,0.0,0.0,33.0,73.0,103.0,126.0,172.0,73.0,234.0,5.805489427312785,0.9624078725397184,1.0390604945500694,0.9262289131264267,44.31542934947931,1.0,0.9263456157571616,0.3012962750430601,229324,64.77481205630461,39.52957699432537,6.0,234.0,6.0,9.0,16.0,35.0,61.0,87.0,116.0,141.0,180.0,52.0,228.0,7.158430222422666,1.638641669897032,0.6102615467253665,2.6851465223229325,39.52957699432537,0.88,0.7762697928317248,0.5319100451283822,0.0344415828585624,0.0403409041464328,648.25048828125,49.681907653808594,153.2644805908203,5854.5615234375,230.0285186767578,15.4541015625,1.4825797080993652,29.076038360595703,0.0360127575695514,0.0181923303753137,4.301898870265563,1.1914031116901065,0.6227317602306762,0.1055883563401921,0.3245181454934085,0.9184424023921284
171,1,3.0,7,171/3/1/7,3/1/7,2.png,C:\Users\u1021\Downloads\20260803\NASH_datasource_fromDrTsui_171\fast_035\3\1\7\2.png,475,735,349125,31.80121732903688,34.1860365198711,0.0,0.0,68.19878267096313,65.81396348012889,349125,43.60482348728965,45.37768537874372,0.0,241.0,0.0,0.0,0.0,0.0,34.0,75.0,105.0,128.0,177.0,75.0,241.0,5.821904348770336,0.960930975728336,1.04065747203336,0.923388340114212,45.37768537874372,1.0,0.9154189046564076,0.2642402012418681,229773,66.10590017103837,40.58458766247888,6.0,241.0,6.0,9.0,15.0,35.0,63.0,90.0,118.0,143.0,185.0,55.0,235.0,7.183397626994853,1.6288424739166285,0.6139329100348501,2.653127804834842,40.58458766247888,0.881578947368421,0.7432887653496884,0.4878315845024068,0.0344891808927059,0.0400959588587284,669.2796630859375,49.75056457519531,150.22915649414062,5820.3916015625,228.3909912109375,15.753173828125,1.4825797080993652,29.72633171081543,0.0346732027828693,0.0177886113524436,4.2762143784099775,1.1921822887934737,0.6225482946247175,0.1069784698032998,0.3266510768986738,0.9228593746004194
171,1,3.0,7,171/3/1/7,3/1/7,3.png,C:\Users\u1021\Downloads\20260803\NASH_datasource_fromDrTsui_171\fast_035\3\1\7\3.png,475,735,349125,31.80121732903688,34.09351951306839,0.0,0.0,68.19878267096313,65.90648048693161,349125,44.73303258145364,45.98256100270361,0.0,236.0,0.0,0.0,0.0,0.0,36.0,77.0,107.0,129.0,177.0,77.0,236.0,5.831772049241432,0.9728260367843254,1.0279330139081166,0.946390497845498,45.98256100270361,1.0,0.8661991513146003,0.1320642161371501,230096,67.72971281552047,40.69918969343031,6.0,236.0,6.0,9.0,16.0,37.0,65.0,92.0,120.0,145.0,185.0,55.0,230.0,7.198483521148912,1.664153840056758,0.6009059835272764,2.769408003375654,40.69918969343031,0.8831168831168831,0.6951873110839563,0.4158769487706948,0.0356094576418399,0.0414694398641586,690.1671142578125,51.36656188964844,158.1407470703125,6216.9052734375,247.13250732421875,16.24755859375,1.4825797080993652,30.497535705566406,0.0358897633850574,0.0175298769026994,4.528587370256939,1.2321573673381745,0.6161177133822014,0.1055461172362486,0.3244547994050935,0.92047539404567
171,1,3.0,70,171/3/1/70,3/1/70,1.png,C:\Users\u1021\Downloads\20260803\NASH_datasource_fromDrTsui_171\fast_035\3\1\70\1.png,475,735,349125,31.801503759398496,32.52789115646259,0.0,0.0,68.1984962406015,67.47210884353741,349125,54.0733977801647,48.41956954010068,0.0,238.0,0.0,0.0,0.0,0.0,55.0,92.0,118.0,135.0,168.0,92.0,238.0,5.842351346068502,1.1167674205649756,0.895441594718171,1.2471694716353492,48.41956954010068,1.0,0.3793400832921663,-0.886648813131278,235562,80.09802514836858,37.31436902975292,6.0,238.0,8.0,19.0,30.0,54.0,80.0,104.0,128.0,144.0,175.0,50.0,232.0,7.216183641808584,2.1465732164599047,0.4658587894100274,4.607776573623022,37.31436902975292,0.7668711656441718,0.2570665644759681,-0.1053437145039857,0.0427898950874805,0.0435417592525482,897.409423828125,61.72432708740234,175.8237762451172,7754.84912109375,310.9904479980469,19.476318359375,1.4825797080993652,36.86292266845703,0.0449209809303283,0.0211522802710533,5.533726524696764,1.4605284302591774,0.5629151033230554,0.0847455419393855,0.2906069735006087,0.909481974639327
171,1,3.0,70,171/3/1/70,3/1/70,2.png,C:\Users\u1021\Downloads\20260803\NASH_datasource_fromDrTsui_171\fast_035\3\1\70\2.png,475,735,349125,31.80121732903688,32.27096312209094,0.0,0.0,68.19878267096313,67.72903687790905,349125,59.681191550304334,52.26085261101253,0.0,239.0,0.0,0.0,0.0,0.0,63.0,101.0,128.0,145.0,179.0,101.0,239.0,5.890381621867737,1.141986564867642,0.8756670443981113,1.304133314338197,52.26085261101253,1.0,0.2941054375997629,-1.0141862536338122,236459,88.08874265728943,39.137505807828646,6.0,239.0,8.0,21.0,36.0,61.0,88.0,114.0,138.0,154.0,185.0,53.0,233.0,7.2929975491708925,2.2507500373125238,0.4442963382970931,5.065875730462326,39.137505807828646,0.76,0.158745139302167,-0.1448074939086407,0.0442659705877304,0.0443083457648754,975.7523193359376,63.85356521606445,176.6354217529297,8162.3662109375,325.3533630371094,19.720458984375,1.4825797080993652,40.68765640258789,0.0409447066485881,0.0195162687450647,5.866194719979241,1.5208011327859108,0.5526105393422103,0.0822270220043915,0.2862433808004938,0.9182217270047764
171,1,3.0,70,171/3/1/70,3/1/70,3.png,C:\Users\u1021\Downloads\20260803\NASH_datasource_fromDrTsui_171\fast_035\3\1\70\3.png,475,735,349125,31.801503759398496,32.56627282491944,0.0,0.0,68.1984962406015,67.43372717508056,349125,54.013023988542784,48.40190377107393,0.0,241.0,0.0,0.0,0.0,0.0,54.0,92.0,118.0,135.0,168.0,92.0,241.0,5.8427465633863065,1.1159276759857983,0.8961154217423731,1.245294578031065,48.40190377107393,1.0,0.383890769757215,-0.8767745955875625,235428,80.05210510219685,37.308703438635874,6.0,241.0,8.0,19.0,31.0,53.0,80.0,105.0,128.0,144.0,175.0,52.0,235.0,7.2158042255383155,2.145668375580618,0.4660552447809648,4.603892777966768,37.308703438635874,0.7668711656441718,0.2675308168825957,-0.0958635343885894,0.0426478125154972,0.0430262796580791,907.668212890625,61.51937484741211,175.3168487548828,7636.7373046875,308.5045166015625,19.586181640625,1.4825797080993652,36.82060241699219,0.0453187637031078,0.0216365437954664,5.468660360692739,1.4565678804144628,0.5632405411147655,0.0852539453008661,0.2914770034086243,0.9104851389456003
171,1,3.0,72,171/3/1/72,3/1/72,1.png,C:\Users\u1021\Downloads\20260803\NASH_datasource_fromDrTsui_171\fast_035\3\1\72\1.png,475,735,349125,31.80121732903688,33.55846759756535,0.0,0.0,68.19878267096313,66.44153240243466,349125,40.83362119584676,42.43866939923789,0.0,240.0,0.0,0.0,0.0,0.0,33.0,67.0,99.0,121.0,172.0,67.0,240.0,5.764480963495499,0.962179582298121,1.0393070258376786,0.9257895485913864,42.43866939923789,1.0,1.0332459901803326,0.7448253122085706,231964,61.349636150437135,38.15784058762334,6.0,240.0,6.0,10.0,17.0,33.0,55.0,82.0,112.0,135.0,180.0,49.0,234.0,7.093133129188629,1.6077858496619477,0.6219733804786625,2.58497533837319,38.15784058762334,0.8620689655172413,0.9812172032605072,1.0450965637817848,0.0336463786661624,0.0386585742235183,622.1043701171875,48.53482818603516,148.91371154785156,5465.3544921875,214.26612854003903,14.404296875,1.4825797080993652,27.837615966796875,0.0393282957375049,0.0186346489936113,3.947795997596043,1.158539914306132,0.6231561883691686,0.0984115465314004,0.3132480353544166,0.9177049332656656
171,1,3.0,72,171/3/1/72,3/1/72,2.png,C:\Users\u1021\Downloads\20260803\NASH_datasource_fromDrTsui_171\fast_035\3\1\72\2.png,475,735,349125,31.801503759398496,33.650125313283205,0.0,0.0,68.1984962406015,66.34987468671679,349125,40.09156605800215,42.28280863878178,0.0,234.0,0.0,0.0,0.0,0.0,32.0,65.0,98.0,121.0,174.0,65.0,234.0,5.757087133910009,0.9481765130717968,1.0546559487750982,0.8990386999409911,42.28280863878178,1.0,1.0989828775540316,0.9467024010763514,231644,60.30956554022552,38.46203171979597,6.0,234.0,6.0,10.0,16.0,32.0,53.0,81.0,112.0,135.0,182.0,49.0,228.0,7.0830095414498935,1.568028594526505,0.6377434719562423,2.4587136732527664,38.46203171979597,0.8620689655172413,1.044054401659792,1.171237973003854,0.0326526165008544,0.0375002846121788,610.203369140625,47.10132598876953,142.1997833251953,5144.7041015625,207.21316528320312,13.26904296875,1.4825797080993652,27.33169937133789,0.0378113612532615,0.0187602005898952,3.755618049156071,1.1249143585692745,0.6303364687240066,0.1013466544276419,0.317890366282328,0.9213761409616108
171,1,3.0,72,171/3/1/72,3/1/72,3.png,C:\Users\u1021\Downloads\20260803\NASH_datasource_fromDrTsui_171\fast_035\3\1\72\3.png,475,735,349125,31.801503759398496,33.312137486573576,0.0,0.0,68.1984962406015,66.68786251342642,349125,42.14372502685285,44.07592369452438,0.0,241.0,0.0,0.0,0.0,0.0,34.0,69.0,103.0,126.0,178.0,69.0,241.0,5.800230894785431,0.9561620380082568,1.0458478377609095,0.9142458429281032,44.07592369452438,1.0,1.048390192668809,0.7410949225825765,232824,63.10083152939559,39.928282381118855,6.0,241.0,6.0,10.0,17.0,34.0,56.0,85.0,116.0,141.0,186.0,51.0,235.0,7.148574608879696,1.580354269364577,0.632769512118366,2.4975196166988454,39.928282381118855,0.8675496688741722,0.9756892621934394,0.942125885728052,0.0338752344250679,0.0392247587442398,634.169677734375,48.86495208740234,149.04730224609375,5589.263671875,217.5332946777344,14.58740234375,1.4825797080993652,28.731088638305664,0.0372002385556697,0.0180066358298063,4.035191041423587,1.1680273845961229,0.6221996851985184,0.0964307207130808,0.3100727944470365,0.9226728039901316
171,1,3.0,73,171/3/1/73,3/1/73,1.png,C:\Users\u1021\Downloads\20260803\NASH_datasource_fromDrTsui_171\fast_035\3\1\73\1.png,475,735,349125,31.80207662012173,37.37457930540637,0.0,0.0,68.19792337987826,62.62542069459363,349125,44.94838238453276,46.72587526630886,0.0,240.0,0.0,0.0,0.0,0.0,38.0,79.0,108.0,129.0,175.0,79.0,240.0,5.7582511951727975,0.9619591313882196,1.0395452024628975,0.9253653704611776,46.72587526630886,1.0,0.7934781240798613,-0.0960716354863904,218641,71.41936782213766,40.12693752276218,6.0,240.0,6.0,7.0,16.0,44.0,69.0,95.0,122.0,145.0,184.0,51.0,234.0,7.14188973995583,1.7798359962462798,0.5618495199046575,3.167816173533988,40.12693752276218,0.9078947368421052,0.5430317140909743,0.395615214935062,0.0384480357170105,0.044851005077362,750.118408203125,55.46120834350586,180.98614501953125,7261.708984375,281.8250732421875,15.771484375,0.0,,0.0380616225302219,0.0183317065238952,5.257542508697733,1.3170977356782445,0.614810003353483,0.1418874595116492,0.376322584773479,0.91119721150637
171,1,3.0,73,171/3/1/73,3/1/73,2.png,C:\Users\u1021\Downloads\20260803\NASH_datasource_fromDrTsui_171\fast_035\3\1\73\2.png,475,735,349125,31.80179018976012,34.981167203723594,0.0,0.0,68.19820981023989,65.0188327962764,349125,47.85706838524884,47.8493481571865,0.0,241.0,0.0,0.0,0.0,0.0,42.0,82.0,113.0,136.0,180.0,82.0,241.0,5.852495689760146,1.0001613444771909,0.99983868155065,1.0003227149864216,47.8493481571865,1.0,0.7532404115355438,-0.1417947723386379,226997,73.40880275950784,40.67198778202749,6.0,241.0,6.0,10.0,22.0,44.0,70.0,97.0,127.0,150.0,188.0,53.0,235.0,7.237566124877623,1.804898328375934,0.5540478287770426,3.257657975774241,40.67198778202749,0.875,0.6119177544095585,0.3558087311879143,0.0395290069282054,0.0443021431565284,774.25244140625,57.0205078125,176.70199584960938,7335.2822265625,281.5180358886719,16.912841796875,1.4825797080993652,32.624778747558594,0.0379582643508911,0.0184336397796869,5.249236496658316,1.3494740193022274,0.5976145641158204,0.113131081994695,0.3359335925674445,0.9147173640955688
171,1,3.0,73,171/3/1/73,3/1/73,3.png,C:\Users\u1021\Downloads\20260803\NASH_datasource_fromDrTsui_171\fast_035\3\1\73\3.png,475,735,349125,31.80121732903688,35.34665234514859,0.0,0.0,68.19878267096313,64.65334765485142,349125,44.97843752237737,46.420734273655306,0.0,237.0,0.0,0.0,0.0,0.0,38.0,76.0,108.0,134.0,179.0,76.0,237.0,5.826786711291249,0.9689299022549828,1.032066404053284,0.9388251554838508,46.420734273655306,1.0,0.8956690028730215,0.2240695451827945,225721,69.35143384975257,40.63906998813305,6.0,237.0,6.0,9.0,20.0,40.0,65.0,92.0,124.0,149.0,188.0,52.0,231.0,7.202128678241708,1.7065211844169603,0.5859874516246653,2.912214552863865,40.63906998813305,0.8860759493670886,0.7731110896793388,0.552200398411387,0.0376565977931022,0.0438820347189903,731.8389892578125,54.319557189941406,175.0400848388672,6957.470703125,262.6189270019531,15.850830078125,1.4825797080993652,30.66447257995605,0.0370528176426887,0.0182437263429164,5.024530946003744,1.2916633754040772,0.6103996195447096,0.1163657914013026,0.3407150297109338,0.9138500739532378
171,1,3.0,74,171/3/1/74,3/1/74,1.png,C:\Users\u1021\Downloads\20260803\NASH_datasource_fromDrTsui_171\fast_035\3\1\74\1.png,475,735,349125,31.803222341568205,42.00329394915861,0.0,0.0,68.1967776584318,57.99670605084138,349125,35.50213247404225,42.04332328737274,0.0,240.0,0.0,0.0,0.0,0.0,9.0,67.0,98.0,115.0,151.0,67.0,240.0,5.52443693412948,0.8444178456441127,1.184247828439972,0.7130414980422447,42.04332328737274,1.0,1.0102394511265802,0.1230771161517783,202481,60.52103654170021,39.43799185993293,6.0,240.0,6.0,6.0,8.0,27.0,60.0,87.0,112.0,128.0,163.0,60.0,234.0,6.917988573542648,1.534587175651472,0.6516410510047916,2.354957799673961,39.43799185993293,0.9104477611940298,0.4423900327152839,-0.1767363726173707,0.0325881950557231,0.0452233217656612,646.5089111328125,47.008399963378906,169.0976104736328,6465.33447265625,285.4153747558594,13.4521484375,0.0,,0.0431967563927173,0.0199998971074819,4.595182404096912,1.1044571102815732,0.6766753519549941,0.2034688112330596,0.4508363623036782,0.9054346604125172
171,1,3.0,74,171/3/1/74,3/1/74,2.png,C:\Users\u1021\Downloads\20260803\NASH_datasource_fromDrTsui_171\fast_035\3\1\74\2.png,475,735,349125,31.80121732903688,36.80057286072324,0.0,0.0,68.19878267096313,63.19942713927677,349125,40.27948156104547,46.03710516020911,0.0,238.0,0.0,0.0,0.0,0.0,13.0,76.0,109.0,127.0,163.0,76.0,238.0,5.6580330987273815,0.874935151132394,1.1429418496967914,0.7655115186870651,46.03710516020911,1.0,0.9047908319917224,-0.2282201774566399,220645,63.4043463482064,43.57926618698556,6.0,238.0,6.0,7.0,8.0,19.0,64.0,94.0,121.0,137.0,172.0,75.0,232.0,6.9792165271926425,1.4549200088904055,0.6873230101238691,2.1167922322696584,43.57926618698556,0.9027777777777778,0.388881601811882,-0.5367944847034165,0.033994186669588,0.0463484339416027,709.8189697265625,49.03653717041016,170.2855987548828,6874.50927734375,306.46490478515625,14.07470703125,0.0,,0.0377886965870857,0.0182872284203767,4.995469784162377,1.1886947879973238,0.6503878424569106,0.1432773417556353,0.3781893445708745,0.9143657633988624
171,1,3.0,74,171/3/1/74,3/1/74,3.png,C:\Users\u1021\Downloads\20260803\NASH_datasource_fromDrTsui_171\fast_035\3\1\74\3.png,475,735,349125,31.80121732903688,35.50418904403867,0.0,0.0,68.19878267096313,64.49581095596133,349125,44.02652058718224,49.607887452679805,0.0,237.0,0.0,0.0,0.0,0.0,14.0,83.0,118.0,137.0,173.0,83.0,237.0,5.730145077081546,0.8874903336526567,1.1267728358057554,0.787639092326904,49.607887452679805,1.0,0.8496403044917753,-0.3954922636296825,225171,68.02058879695876,46.831168750436106,6.0,237.0,6.0,7.0,8.0,19.0,69.0,102.0,130.0,147.0,181.0,83.0,231.0,7.066022045210796,1.4524640450346509,0.6884852010062276,2.1096518021184205,46.831168750436106,0.9090909090909092,0.3393092897408305,-0.6699582984652617,0.0365107059478759,0.049460582435131,800.6019287109375,52.66661071777344,181.0977325439453,7864.13525390625,348.4278869628906,14.90478515625,0.0,,0.0365728959441185,0.0182913541793823,5.705777914146392,1.286384536821911,0.6320040635069647,0.1117700281273261,0.3339107722677436,0.9153763396974748
171,1,3.0,8,171/3/1/8,3/1/8,1.png,C:\Users\u1021\Downloads\20260803\NASH_datasource_fromDrTsui_171\fast_035\3\1\8\1.png,475,735,349125,31.80179018976012,35.25642678123881,0.0,0.0,68.19820981023989,64.74357321876118,349125,41.196173290368776,44.523054376747055,0.0,239.0,0.0,0.0,0.0,0.0,28.0,72.0,108.0,127.0,162.0,72.0,239.0,5.794037009424206,0.9252773392807524,1.080757041750673,0.8561381545864687,44.523054376747055,1.0,0.9242297934210254,0.0042017790591897,226036,63.41219097842821,40.755787521840624,6.0,239.0,6.0,8.0,12.0,30.0,58.0,90.0,121.0,137.0,171.0,60.0,233.0,7.154131464639649,1.5559064082480616,0.6427121803078066,2.420844751227384,40.755787521840624,0.8896551724137931,0.6115120077399054,-0.1454006961838438,0.0343882888555526,0.0389067679643631,639.29345703125,49.60502624511719,150.9943389892578,5610.44140625,224.06349182128903,15.692138671875,1.4825797080993652,28.08499526977539,0.0372907407581806,0.0174463670700788,4.019221112561206,1.170382798962427,0.6279926848354263,0.1194810639187493,0.3452598642171074,0.9258201745943816
171,1,3.0,8,171/3/1/8,3/1/8,2.png,C:\Users\u1021\Downloads\20260803\NASH_datasource_fromDrTsui_171\fast_035\3\1\8\2.png,475,735,349125,31.801503759398496,34.4781954887218,0.0,0.0,68.1984962406015,65.52180451127819,349125,42.39935839598998,45.80778911954662,0.0,238.0,0.0,0.0,0.0,0.0,28.0,74.0,111.0,130.0,168.0,74.0,238.0,5.820606399738382,0.9255927695034242,1.0803887335210007,0.856721974957019,45.80778911954662,1.0,0.9262800866261608,0.0097941331804953,228753,64.5408191367982,42.18940686266674,6.0,238.0,6.0,8.0,11.0,30.0,59.0,93.0,124.0,141.0,176.0,63.0,232.0,7.186019755089959,1.5297873076739117,0.6536856430849401,2.340249206720195,42.18940686266674,0.8926174496644296,0.6136802412589718,-0.1554583829249938,0.0342412702739238,0.0391117855906486,658.271484375,49.3929557800293,150.05332946777344,5622.7294921875,223.68948364257807,15.972900390625,1.4825797080993652,28.9053955078125,0.0347407311201095,0.0168628487735986,4.083906682686884,1.17705656919051,0.6262213432335535,0.1117493406197199,0.3338681473009064,0.9290746472694226
171,1,3.0,8,171/3/1/8,3/1/8,3.png,C:\Users\u1021\Downloads\20260803\NASH_datasource_fromDrTsui_171\fast_035\3\1\8\3.png,475,735,349125,31.80121732903688,34.17858933046903,0.0,0.0,68.19878267096313,65.82141066953096,349125,42.76162119584676,46.229057535058445,0.0,240.0,0.0,0.0,0.0,0.0,29.0,74.0,112.0,133.0,170.0,74.0,240.0,5.829175427698992,0.9249944402050138,1.0810875790543804,0.8556147144101867,46.229057535058445,1.0,0.9372780593908396,0.0358907383497437,229799,64.8151427987067,42.69949342233528,6.0,240.0,6.0,8.0,11.0,30.0,59.0,93.0,125.0,143.0,178.0,63.0,234.0,7.196614588452697,1.517937043365558,0.6587888505460068,2.304132867621372,42.69949342233528,0.8940397350993378,0.6318067778384064,-0.1500084007879047,0.0339438319206237,0.0389763414859771,658.65576171875,48.963905334472656,148.48568725585938,5558.521484375,221.22055053710935,15.7958984375,1.4825797080993652,29.15285873413086,0.0333896540105342,0.0168427992612123,4.067501498983346,1.1739224817283662,0.6258222767783189,0.1068004003775426,0.3263742429792099,0.9306184994757792
171,1,3.0,9,171/3/1/9,3/1/9,1.png,C:\Users\u1021\Downloads\20260803\NASH_datasource_fromDrTsui_171\fast_035\3\1\9\1.png,475,735,349125,31.801503759398496,32.30791263873971,0.0,0.0,68.1984962406015,67.69208736126029,349125,41.09062943071966,43.95596622889153,0.0,241.0,0.0,0.0,0.0,0.0,28.0,69.0,106.0,129.0,166.0,69.0,241.0,5.780279259828966,0.934813472572728,1.069732122332245,0.8738762285034827,43.95596622889153,1.0,1.0096748256890349,0.3126316278435053,236330,60.6698853298354,40.83627372238052,6.0,241.0,7.0,10.0,13.0,27.0,54.0,86.0,119.0,140.0,173.0,59.0,235.0,7.130726640037576,1.4856861265621544,0.6730896803310524,2.207263266659258,40.83627372238052,0.8666666666666667,0.7957008543223797,0.1246591974591742,0.0372591614723205,0.0465103089809417,702.1695556640625,53.74625396728516,181.0944061279297,7389.8642578125,273.546630859375,14.703369140625,1.4825797080993652,28.014392852783203,0.0444347187876701,0.0189652666449546,5.205114700463803,1.2586902820342611,0.6261240547296453,0.0852255368497734,0.2913752595162265,0.8991823333282528
171,1,3.0,9,171/3/1/9,3/1/9,2.png,C:\Users\u1021\Downloads\20260803\NASH_datasource_fromDrTsui_171\fast_035\3\1\9\2.png,475,735,349125,31.80121732903688,32.230290010741136,0.0,0.0,68.19878267096313,67.76970998925887,349125,39.43018689581096,42.6987187720791,0.0,242.0,0.0,0.0,0.0,0.0,28.0,64.0,98.0,127.0,172.0,64.0,242.0,5.740639355822551,0.923451289165954,1.0828941512477437,0.852762283462262,42.6987187720791,1.0,1.1809358200881337,1.0546260103345355,236601,58.15535437297391,40.02802105998,6.0,242.0,7.0,10.0,14.0,27.0,51.0,79.0,114.0,141.0,180.0,52.0,236.0,7.073895731065874,1.4528660881293882,0.6882946805424663,2.110819870036392,40.02802105998,0.8675496688741722,1.0622060247084757,0.9525837064524376,0.0347873643040657,0.04310754686594,627.4119873046875,50.18069839477539,163.07667541503906,6384.7705078125,235.62716674804688,15.85693359375,1.4825797080993652,26.88152503967285,0.0408854596316814,0.0182410851120948,4.543781434059532,1.17744952241528,0.6354035282776861,0.0862161299265467,0.29308958776508,0.9071732342483336
171,1,3.0,9,171/3/1/9,3/1/9,3.png,C:\Users\u1021\Downloads\20260803\NASH_datasource_fromDrTsui_171\fast_035\3\1\9\3.png,475,735,349125,31.80121732903688,32.08048693161475,0.0,0.0,68.19878267096313,67.91951306838526,349125,40.996545649838886,44.08000121622612,0.0,239.0,0.0,0.0,0.0,0.0,28.0,67.0,102.0,129.0,176.0,67.0,239.0,5.766664972230074,0.930048650605477,1.0752125701692954,0.8649904924930687,44.08000121622612,1.0,1.1363124154069333,0.9021637798170868,237124,60.34239047924293,41.15934812168532,6.0,239.0,8.0,11.0,14.0,27.0,54.0,82.0,118.0,144.0,184.0,55.0,233.0,7.117351020179429,1.4660676913746062,0.6820967448388319,2.1493544756924674,41.15934812168532,0.8580645161290322,1.006720848805342,0.8274363681183532,0.035515371710062,0.04489766061306,665.97900390625,51.23084259033203,166.97903442382812,6819.0751953125,248.2335662841797,15.4296875,1.4825797080993652,27.949634552001957,0.0408649481832981,0.0187903121113777,4.842423789096908,1.2120016252942607,0.6315784731237051,0.0851133884317505,0.2911969033971467,0.9074238938228296
205_11,0,,146,205_11/0/146,0/146,1.png,C:\Users\u1021\Downloads\20260803\NASH_datasource_fromDrTsui_205\11\fast_035\0\146\1.png,475,735,349125,31.80179018976012,34.73970640887934,0.0,0.0,68.19820981023989,65.26029359112066,349125,47.20098532044397,45.5098558766662,0.0,242.0,0.0,0.0,0.0,0.0,45.0,80.0,107.0,128.0,172.0,80.0,242.0,5.794498761461099,1.0371596308360282,0.9641717342912056,1.0757000998359263,45.5098558766662,1.0,0.6664669924509209,-0.2260870731992317,227840,72.15532391151686,37.15497398738934,6.0,242.0,6.0,13.0,26.0,47.0,69.0,93.0,119.0,142.0,181.0,46.0,236.0,7.139291037976066,1.9420098083235608,0.514930457979123,3.771402095624913,37.15497398738934,0.832258064516129,0.6297240413739433,0.6125513797148368,0.0408983379602432,0.0443092733621597,834.348388671875,58.99575805664063,181.0389404296875,7565.7578125,302.5224304199219,17.7734375,1.4825797080993652,32.17863845825195,0.046392373740673,0.0226172804832458,5.4315499786672445,1.400469476160137,0.5860569918040838,0.1056841466996124,0.3246561029539052,0.8995612817749326
205_11,0,,146,205_11/0/146,0/146,2.png,C:\Users\u1021\Downloads\20260803\NASH_datasource_fromDrTsui_205\11\fast_035\0\146\2.png,475,735,349125,31.80207662012173,34.839097744360906,0.0,0.0,68.19792337987826,65.1609022556391,349125,46.56066165413534,45.70752921646334,0.0,236.0,0.0,0.0,0.0,0.0,43.0,79.0,107.0,129.0,173.0,79.0,236.0,5.806432212608311,1.0186650307355645,0.9816769691975324,1.0376784448434884,45.70752921646334,1.0,0.7082197073837091,-0.1868846145510079,227493,71.27580628854514,38.10762296598264,6.0,236.0,6.0,11.0,23.0,45.0,69.0,93.0,120.0,143.0,180.0,48.0,230.0,7.158943239909288,1.8703818485915693,0.5346501842674627,3.498328259540816,38.10762296598264,0.8571428571428571,0.6129473646520508,0.4827954426356915,0.0404154919087886,0.0448192358016967,796.2755126953125,58.299259185791016,182.78402709960935,7578.6396484375,299.0429077148437,18.22509765625,1.4825797080993652,31.744068145751957,0.047639038413763,0.0203782822936773,5.305640394532924,1.3675118291356292,0.5936780171373796,0.1079461715948655,0.3281271752775141,0.9035187732029232
205_11,0,,146,205_11/0/146,0/146,3.png,C:\Users\u1021\Downloads\20260803\NASH_datasource_fromDrTsui_205\11\fast_035\0\146\3.png,475,735,349125,31.801503759398496,34.86029359112066,0.0,0.0,68.1984962406015,65.13970640887933,349125,46.61339921231651,46.1288252823445,0.0,238.0,0.0,0.0,0.0,0.0,42.0,79.0,108.0,130.0,176.0,79.0,238.0,5.819949864925378,1.0105047966646894,0.989604406926754,1.0211199440823453,46.1288252823445,1.0,0.7435180375705172,-0.1012287384236136,227419,71.3786051297385,38.81475831043049,6.0,238.0,6.0,11.0,22.0,44.0,68.0,93.0,121.0,145.0,184.0,49.0,232.0,7.180049582660146,1.8389552901211108,0.5437870106859104,3.381756559064419,38.81475831043049,0.8589743589743589,0.6505421374163639,0.5236224562447482,0.0402466021478176,0.0448267348110675,813.3597412109375,58.05563354492188,180.2075958251953,7551.69091796875,301.2824401855469,17.626953125,1.4825797080993652,31.78066635131836,0.0452551841735839,0.0205038879066705,5.388692974725178,1.375650356334809,0.5929136562106222,0.1078183517412628,0.3279286140517363,0.9041126061033614
205_11,0,,146,205_11/0/146,0/146,4.png,C:\Users\u1021\Downloads\20260803\NASH_datasource_fromDrTsui_205\11\fast_035\0\146\4.png,475,735,349125,31.80207662012173,34.59104905119943,0.0,0.0,68.19792337987826,65.40895094880057,349125,47.32170998925886,46.62449763210482,0.0,240.0,0.0,0.0,0.0,0.0,43.0,80.0,109.0,131.0,179.0,80.0,240.0,5.8278786918575545,1.0149537773608943,0.985266543467844,1.030131170179148,46.62449763210482,1.0,0.7408714066647927,-0.0757647590602941,228359,72.18112270591482,39.19517791321854,6.0,240.0,6.0,11.0,23.0,45.0,70.0,94.0,122.0,147.0,187.0,49.0,234.0,7.190843261006298,1.8415817084879669,0.5430114750765261,3.391423189037459,39.19517791321854,0.8607594936708861,0.6624062626708362,0.5981552113997712,0.0413932502269744,0.0462485626339912,834.5323486328125,59.70967483520508,183.9192352294922,8015.9296875,321.3886413574219,18.170166015625,1.4825797080993652,32.26369094848633,0.0465469993650913,0.0208076778799295,5.678076670874055,1.4098245687230213,0.5877907749116009,0.1064329777963435,0.325814990810096,0.9011926350873832
205_11,0,,146,205_11/0/146,0/146,5.png,C:\Users\u1021\Downloads\20260803\NASH_datasource_fromDrTsui_205\11\fast_035\0\146\5.png,475,735,349125,31.801503759398496,32.809165771571784,0.0,0.0,68.1984962406015,67.19083422842822,349125,48.3443007518797,46.07196430835903,0.0,241.0,0.0,0.0,0.0,0.0,46.0,79.0,108.0,132.0,179.0,79.0,241.0,5.820842712303897,1.0493214578026662,0.9529968081411888,1.1010755218051127,46.07196430835903,1.0,0.7340675218857063,0.0314924093357453,234580,71.89000767328844,38.32851443885319,6.0,241.0,7.0,16.0,26.0,45.0,68.0,92.0,121.0,147.0,187.0,47.0,235.0,7.180108402632649,1.8756272901726223,0.5331549638030515,3.517977731640294,38.32851443885319,0.803680981595092,0.7956046439380086,0.832556326781845,0.041295014321804,0.0446396432816982,821.767578125,59.567962646484375,174.9959716796875,7694.7470703125,299.0765075683594,18.45703125,1.4825797080993652,32.9582405090332,0.0468688495457172,0.0210248753428459,5.439810711354717,1.4062695694582246,0.5777971367511865,0.089729199580321,0.2990638789878007,0.901939558106061
205_11,0,,151,205_11/0/151,0/151,1.png,C:\Users\u1021\Downloads\20260803\NASH_datasource_fromDrTsui_205\11\fast_035\0\151\1.png,475,735,349125,31.80121732903688,32.150089509488005,0.0,0.0,68.19878267096313,67.84991049051199,349125,42.366269960615824,40.9893577516631,0.0,237.0,0.0,0.0,0.0,0.0,39.0,67.0,93.0,119.0,170.0,67.0,237.0,5.677976377346103,1.033591943969819,0.9674998008974424,1.068312306639309,40.9893577516631,1.0,0.9558665811300432,0.8565962169296126,236881,62.42002102321419,35.00413371877261,6.0,237.0,9.0,17.0,24.0,38.0,57.0,78.0,107.0,135.0,177.0,40.0,231.0,6.982920742553587,1.7832185628332955,0.5607837540739448,3.179868442833244,35.00413371877261,0.7763157894736842,1.1930506200635695,1.863055655708628,0.0367411486804485,0.0398085080087184,684.864501953125,52.9990234375,161.25042724609375,6106.376953125,225.511474609375,14.642333984375,1.4825797080993652,28.88254737854004,0.0476673282682895,0.0224602743983268,4.390276391412945,1.2640095694487137,0.5956813802045332,0.0848957795736284,0.2908462838533851,0.8987840520520484
205_11,0,,151,205_11/0/151,0/151,2.png,C:\Users\u1021\Downloads\20260803\NASH_datasource_fromDrTsui_205\11\fast_035\0\151\2.png,475,735,349125,31.803508771929824,37.19813820264948,0.0,0.0,68.19649122807017,62.801861797350526,349125,38.420766201217326,42.36895050509381,0.0,239.0,0.0,0.0,0.0,0.0,27.0,66.0,95.0,119.0,171.0,66.0,239.0,5.708215034538729,0.90681420576132,1.1027617274262322,0.8223120037705336,42.36895050509381,1.0,1.1146250472176262,0.920218151917998,219257,60.8445112356732,38.80017626247451,6.0,239.0,6.0,8.0,12.0,33.0,56.0,81.0,110.0,138.0,181.0,48.0,233.0,7.050673093292221,1.5681503822063514,0.6376939427155086,2.4590956212139257,38.80017626247451,0.8904109589041096,0.93664371697153,1.0535484847967602,0.0330715961754322,0.0406506694853305,603.3089599609375,47.70570373535156,159.7576141357422,5714.3076171875,209.20343017578125,14.6728515625,0.0,,0.0392464771866798,0.0177324581891298,4.069987190267579,1.1230425652248557,0.6473031890776838,0.1402813697896647,0.3741958291819734,0.916464746416546
205_11,0,,151,205_11/0/151,0/151,3.png,C:\Users\u1021\Downloads\20260803\NASH_datasource_fromDrTsui_205\11\fast_035\0\151\3.png,475,735,349125,31.80179018976012,37.24625850340136,0.0,0.0,68.19820981023989,62.75374149659864,349125,38.71730182599356,42.61817458525267,0.0,235.0,0.0,0.0,0.0,0.0,28.0,66.0,96.0,119.0,172.0,66.0,235.0,5.716019477349938,0.908469266991812,1.1007527016420393,0.8253164090686401,42.61817458525267,1.0,1.098732960581915,0.8455382270846985,219089,61.36281146018285,38.93987092501887,6.0,235.0,6.0,8.0,13.0,33.0,57.0,82.0,111.0,139.0,181.0,49.0,229.0,7.063193661451054,1.575834998999887,0.6345842049673068,2.4832559440729742,38.93987092501887,0.891156462585034,0.9146019174788412,0.970156046711684,0.0330569893121719,0.0405547507107257,581.6640625,47.68463134765625,159.14739990234375,5696.08984375,206.42727661132807,14.111328125,0.0,,0.0377000533044338,0.0168293286114931,4.0705950443870575,1.1252064796325891,0.6456716516435662,0.138996053259138,0.3724819000203952,0.9175677111558392
205_11,0,,151,205_11/0/151,0/151,4.png,C:\Users\u1021\Downloads\20260803\NASH_datasource_fromDrTsui_205\11\fast_035\0\151\4.png,475,735,349125,31.801503759398496,36.785678481919085,0.0,0.0,68.1984962406015,63.21432151808092,349125,39.6971514500537,43.40260406941114,0.0,236.0,0.0,0.0,0.0,0.0,29.0,68.0,98.0,122.0,174.0,68.0,236.0,5.733827239173905,0.9146260299628212,1.0933430355580949,0.8365407746855518,43.40260406941114,1.0,1.0683915364752632,0.7335203240086301,220697,62.4880175081673,39.583282953826185,6.0,236.0,6.0,8.0,12.0,34.0,58.0,84.0,113.0,141.0,183.0,50.0,230.0,7.083688742864673,1.578646662053257,0.6334539729741397,2.492125283611891,39.583282953826185,0.8926174496644296,0.8756270299672093,0.8599318942635881,0.0340002886950969,0.0412254147231578,611.6358642578125,49.04534149169922,162.4729766845703,5941.837890625,220.7330780029297,13.97705078125,1.4825797080993652,27.061553955078125,0.0384475924074649,0.0172900464385747,4.2459589380789655,1.157952944103115,0.6390409162179959,0.1369974336676238,0.3697843752808074,0.9172127230679176
205_11,0,,151,205_11/0/151,0/151,5.png,C:\Users\u1021\Downloads\20260803\NASH_datasource_fromDrTsui_205\11\fast_035\0\151\5.png,475,735,349125,31.80236305048335,36.64876476906552,0.0,0.0,68.19763694951665,63.35123523093448,349125,40.94587325456499,44.62353814504824,0.0,240.0,0.0,0.0,0.0,0.0,30.0,71.0,101.0,126.0,176.0,71.0,240.0,5.764155182503577,0.9175846415734888,1.0898177178349282,0.8419615744515477,44.62353814504824,1.0,1.032443442444374,0.5649996922877079,221175,64.33297162880072,40.61617472067524,6.0,240.0,6.0,8.0,12.0,35.0,60.0,87.0,117.0,144.0,185.0,52.0,234.0,7.127783091936454,1.5839249282146872,0.6313430530619559,2.508818178219902,40.61617472067524,0.8947368421052632,0.8153199658258883,0.6503715586602707,0.0359825529158115,0.0446543879806995,669.760009765625,51.904747009277344,176.1926727294922,6843.24755859375,248.9159240722656,14.654541015625,0.0,,0.040165651589632,0.0177111104130744,4.8200358311603,1.22367128141558,0.6318320273328818,0.1347253555623996,0.3666946216810486,0.9108936530947478
205_11,0,,152,205_11/0/152,0/152,1.png,C:\Users\u1021\Downloads\20260803\NASH_datasource_fromDrTsui_205\11\fast_035\0\152\1.png,475,735,349125,31.802935911206585,39.47382742570713,0.0,0.0,68.19706408879341,60.52617257429288,349125,35.70186322950233,41.251304401486685,0.0,240.0,0.0,0.0,0.0,0.0,21.0,61.0,93.0,117.0,165.0,61.0,240.0,5.652577000246965,0.8654723468142173,1.1554384188945792,0.7490423831001087,41.251304401486685,1.0,1.2095521752069915,1.120121730050501,211312,58.50774683879761,38.629754686043846,6.0,240.0,6.0,7.0,11.0,30.0,53.0,79.0,110.0,134.0,176.0,49.0,234.0,7.020305628918162,1.514577229762613,0.6602502535686046,2.293944184915391,38.629754686043846,0.900709219858156,0.9432087505741716,0.9687619522809624,0.0334266908466815,0.0452744960784912,643.013916015625,48.21792221069336,159.07102966308594,6590.14990234375,238.2428131103516,13.800048828125,0.0,,0.0436354912817478,0.0213485937565565,4.757468435636416,1.1371703768136554,0.6569000277502318,0.1578820529128452,0.3970141160779501,0.8964454475655618
205_11,0,,152,205_11/0/152,0/152,2.png,C:\Users\u1021\Downloads\20260803\NASH_datasource_fromDrTsui_205\11\fast_035\0\152\2.png,475,735,349125,31.802935911206585,38.57443609022556,0.0,0.0,68.19706408879341,61.42556390977444,349125,37.87939563193699,42.34627228532074,0.0,241.0,0.0,0.0,0.0,0.0,27.0,64.0,95.0,120.0,169.0,64.0,241.0,5.704071704883051,0.8945154694305363,1.1179236516017068,0.8001579250505327,42.34627228532074,1.0,1.1682306730389975,1.1387521104749716,214452,61.25859866077258,38.74233960827284,6.0,241.0,6.0,8.0,15.0,34.0,56.0,81.0,113.0,137.0,182.0,47.0,235.0,7.072484627071266,1.5811796417088797,0.6324392078051534,2.500129059354621,38.74233960827284,0.8896551724137931,1.013208710448215,1.3134236994520352,0.0352280028164386,0.0458712615072727,674.857177734375,50.816314697265625,167.16697692871094,6960.6591796875,251.38262939453125,14.984130859375,0.0,,0.0437591671943664,0.0209153145551681,5.047715928977272,1.2021267470937196,0.6404577460586703,0.1438060308317894,0.3788824261140175,0.8954281209971389
205_11,0,,152,205_11/0/152,0/152,3.png,C:\Users\u1021\Downloads\20260803\NASH_datasource_fromDrTsui_205\11\fast_035\0\152\3.png,475,735,349125,31.80179018976012,34.789258861439315,0.0,0.0,68.19820981023989,65.21074113856069,349125,41.35078553526674,43.93589523469333,0.0,240.0,0.0,0.0,0.0,0.0,31.0,71.0,101.0,124.0,172.0,71.0,240.0,5.771212163300087,0.941161783875857,1.0625165801801233,0.8857855034283854,43.93589523469333,1.0,0.9652784900053264,0.4028393668012082,227667,63.22499967057149,39.80057534862703,6.0,240.0,6.0,8.0,12.0,33.0,60.0,86.0,115.0,139.0,180.0,53.0,234.0,7.110865323484971,1.5885448669211897,0.6295069285251808,2.5234747942216598,39.80057534862703,0.891156462585034,0.7611137498468518,0.5684932498754129,0.0358067490160465,0.0425144247710704,686.283935546875,51.651153564453125,161.366943359375,6428.837890625,245.4151153564453,15.68603515625,1.4825797080993652,28.1900577545166,0.0413363017141819,0.0189138371497392,4.63515800927084,1.2284275493936547,0.6213566152118216,0.1143274094090521,0.3377256468002441,0.9103502947851544
205_11,0,,152,205_11/0/152,0/152,4.png,C:\Users\u1021\Downloads\20260803\NASH_datasource_fromDrTsui_205\11\fast_035\0\152\4.png,475,735,349125,31.80179018976012,36.72896527031865,0.0,0.0,68.19820981023989,63.27103472968134,349125,35.51954457572503,39.24632487441038,0.0,239.0,0.0,0.0,0.0,0.0,25.0,59.0,89.0,113.0,158.0,59.0,239.0,5.664876429326194,0.9050412921308892,1.1049219617875483,0.8190997404619496,39.24632487441038,1.0,1.1681796348243685,1.1175012124679613,220895,55.84226442427398,36.17805792760179,6.0,239.0,6.0,8.0,13.0,29.0,50.0,75.0,105.0,127.0,168.0,46.0,233.0,6.967878404395442,1.5435395823629747,0.6478615847797822,2.3825144423212667,36.17805792760179,0.8814814814814815,1.0228562905885283,1.207932290182531,0.0343584939837455,0.0447422787547111,639.5361328125,49.56205368041992,163.59608459472656,6621.89111328125,241.5435943603516,13.5498046875,1.4825797080993652,24.21637725830078,0.0495512150228023,0.0230069104582071,4.750531514093202,1.1672120460159336,0.6419247175826884,0.1260380438368454,0.3546333939529946,0.8833111613084507
205_11,0,,152,205_11/0/152,0/152,5.png,C:\Users\u1021\Downloads\20260803\NASH_datasource_fromDrTsui_205\11\fast_035\0\152\5.png,475,735,349125,31.80179018976012,37.29924812030075,0.0,0.0,68.19820981023989,62.70075187969925,349125,34.198662370211245,38.74209125211754,0.0,236.0,0.0,0.0,0.0,0.0,24.0,56.0,84.0,113.0,160.0,56.0,236.0,5.611086462496841,0.8827262872223511,1.1328539938995932,0.7792056981533568,38.74209125211754,1.0,1.2927502117619754,1.5678755787967873,218904,54.19873551876622,36.33417795311656,6.0,236.0,6.0,7.0,11.0,29.0,48.0,70.0,103.0,131.0,169.0,41.0,230.0,6.901007013602394,1.491673640964191,0.6703879270492558,2.2250902511473667,36.33417795311656,0.8985507246376812,1.1551492115516726,1.5232052126379534,0.0322324112057685,0.0409839116036891,591.5262451171875,46.49518203735352,154.1943359375,5656.8818359375,214.515380859375,14.007568359375,0.0,,0.0469665899872779,0.0212775394320487,4.029471760958499,1.0944002224087572,0.653947248914951,0.1446557684665619,0.3800052640134437,0.8999072307915714
205_11,0,,153,205_11/0/153,0/153,1.png,C:\Users\u1021\Downloads\20260803\NASH_datasource_fromDrTsui_205\11\fast_035\0\153\1.png,475,735,349125,31.80179018976012,33.817114214106695,0.0,0.0,68.19820981023989,66.1828857858933,349125,44.82719656283566,44.73277565833013,0.0,241.0,0.0,0.0,0.0,0.0,40.0,74.0,104.0,129.0,175.0,74.0,241.0,5.801635098457221,1.0021107767876225,0.9978936692065232,1.0042260089538926,44.73277565833013,1.0,0.8588333372275928,0.2750600280951811,231061,67.6117345636001,38.57285751162332,6.0,241.0,6.0,11.0,21.0,41.0,63.0,88.0,118.0,144.0,183.0,47.0,235.0,7.146375709115764,1.752831885561664,0.5705053680487834,3.0724196190416584,38.57285751162332,0.8580645161290322,0.8362444672021278,0.8444888014701033,0.0396161489188671,0.0446644760668277,766.2374267578125,57.14620971679688,176.2795867919922,7416.70849609375,272.9056396484375,16.351318359375,1.4825797080993652,30.561922073364254,0.0442578271031379,0.0211171805858612,5.252299848349464,1.3438794466718222,0.5962747030046669,0.1003948505452207,0.3164228696184557,0.9008307773337806
205_11,0,,153,205_11/0/153,0/153,2.png,C:\Users\u1021\Downloads\20260803\NASH_datasource_fromDrTsui_205\11\fast_035\0\153\2.png,475,735,349125,31.80179018976012,33.72717508055854,0.0,0.0,68.19820981023989,66.27282491944146,349125,44.92585177228786,44.744617816653744,0.0,240.0,0.0,0.0,0.0,0.0,40.0,74.0,104.0,128.0,175.0,74.0,240.0,5.802687166253373,1.0040504079479848,0.9959659316744236,1.0081172217005148,44.744617816653744,1.0,0.8463588011245902,0.2433816606009458,231375,67.67393625067531,38.551370557952026,6.0,240.0,6.0,11.0,20.0,41.0,64.0,88.0,118.0,144.0,183.0,47.0,234.0,7.148098807851611,1.7554223175786976,0.5696634878035091,3.081507513053366,38.551370557952026,0.8580645161290322,0.8153967796482139,0.8240328663339982,0.0394932627677917,0.0446445345878601,785.116943359375,56.96894073486328,173.5220184326172,7392.7744140625,274.6112976074219,17.486572265625,1.4825797080993652,30.626474380493164,0.0445465892553329,0.0213142577558755,5.273544232070302,1.347511081445785,0.5960160254721226,0.0996821757275624,0.3152875917950091,0.900166092878346
205_11,0,,153,205_11/0/153,0/153,3.png,C:\Users\u1021\Downloads\20260803\NASH_datasource_fromDrTsui_205\11\fast_035\0\153\3.png,475,735,349125,31.80179018976012,33.65442176870748,0.0,0.0,68.19820981023989,66.3455782312925,349125,44.84423057644111,44.59823401240507,0.0,239.0,0.0,0.0,0.0,0.0,40.0,74.0,103.0,128.0,175.0,74.0,239.0,5.798035117107211,1.0055158364335146,0.9945144211223178,1.0110620973185904,44.59823401240507,1.0,0.8477995840033895,0.2547670767748209,231629,67.48008669035397,38.40587894339652,6.0,239.0,6.0,11.0,20.0,41.0,63.0,88.0,117.0,143.0,183.0,47.0,233.0,7.141925674416644,1.7570249281316463,0.5691438886205001,3.087136598076017,38.40587894339652,0.8571428571428571,0.8247874148794595,0.8442507473832297,0.039608433842659,0.0447313785552978,756.2200927734375,57.13507461547852,178.3894500732422,7427.880859375,270.2388916015625,17.81005859375,1.4825797080993652,30.57019805908203,0.0449011735618114,0.0208873730152845,5.235861105122866,1.3466739111595942,0.5948460369715477,0.0978991024592224,0.3124369715715591,0.9001284292367374
205_11,0,,153,205_11/0/153,0/153,4.png,C:\Users\u1021\Downloads\20260803\NASH_datasource_fromDrTsui_205\11\fast_035\0\153\4.png,475,735,349125,31.80236305048335,34.623415682062294,0.0,0.0,68.19763694951665,65.3765843179377,349125,40.03238095238096,40.98693333768381,0.0,236.0,0.0,0.0,0.0,0.0,34.0,66.0,94.0,119.0,164.0,66.0,236.0,5.719676719797217,0.976710812262082,1.02384450693648,0.9539640107896558,40.98693333768381,1.0,0.9767610484668188,0.6359820271786973,228246,61.06918850713704,35.9279848429622,6.0,236.0,6.0,11.0,19.0,36.0,56.0,79.0,108.0,134.0,172.0,43.0,230.0,7.022807415087236,1.699766596263738,0.5883160677460676,2.8892064817740133,35.9279848429622,0.8482758620689655,0.9781677804546548,1.159765748065392,0.0364090502262115,0.0418794602155685,673.1214599609375,52.51996994018555,165.91441345214844,6407.83935546875,231.5028533935547,15.66162109375,1.4825797080993652,27.29024314880371,0.047119028866291,0.0221596397459507,4.540788224470158,1.2367882095572191,0.6146028300901002,0.10669625890958,0.3262181983066747,0.8966995016679342
205_11,0,,153,205_11/0/153,0/153,5.png,C:\Users\u1021\Downloads\20260803\NASH_datasource_fromDrTsui_205\11\fast_035\0\153\5.png,475,735,349125,31.80121732903688,33.9374149659864,0.0,0.0,68.19878267096313,66.06258503401361,349125,44.01034872896527,44.22969067282841,0.0,241.0,0.0,0.0,0.0,0.0,39.0,72.0,102.0,128.0,175.0,72.0,241.0,5.789202347315116,0.9950408438194688,1.004983871980064,0.9901062808689604,44.22969067282841,1.0,0.8971753899393975,0.3905047728438151,230641,66.49141306185804,38.36033933082261,6.0,241.0,6.0,11.0,20.0,40.0,62.0,86.0,117.0,143.0,182.0,46.0,235.0,7.127617290910839,1.7333374579518397,0.5769217040873438,3.004458743138946,38.36033933082261,0.8571428571428571,0.8861095674373037,0.9420294439986244,0.0385738685727119,0.0452111884951591,748.6470947265625,55.64271926879883,176.1118927001953,7349.37353515625,263.1460266113281,15.728759765625,1.4825797080993652,30.002857208251957,0.0453721545636653,0.0210614968091249,5.210499076356991,1.3171821221021696,0.6018261578315917,0.1008176577679815,0.3170833818300377,0.8988670741609092
205_11,0,,161,205_11/0/161,0/161,1.png,C:\Users\u1021\Downloads\20260803\NASH_datasource_fromDrTsui_205\11\fast_035\0\161\1.png,475,735,349125,31.80121732903688,31.90719656283566,0.0,0.0,68.19878267096313,68.09280343716433,349125,42.8492746151092,43.92522704725628,0.0,241.0,0.0,0.0,0.0,0.0,36.0,66.0,102.0,134.0,182.0,66.0,241.0,5.732143461260178,0.9755049090357684,1.025110166783726,0.9516098275528824,43.92522704725628,1.0,1.1657328024035076,1.1907589553613924,237729,62.92110344131343,39.63379102966604,6.0,241.0,10.0,17.0,22.0,34.0,53.0,79.0,120.0,149.0,188.0,45.0,235.0,7.07387130768976,1.5875620728336777,0.6298966302558967,2.520353335099963,39.63379102966604,0.7951807228915663,1.272887690396069,1.4624686988754654,0.0379529520869255,0.0419937446713447,681.1614990234375,54.747047424316406,168.779052734375,6666.6767578125,255.31423950195312,15.9423828125,1.4825797080993652,29.21292304992676,0.0420949161052703,0.0198933519423007,4.754713585098668,1.2914943106782395,0.5962887496770142,0.08083443481006,0.2837782150833707,0.9070051384177226
205_11,0,,161,205_11/0/161,0/161,2.png,C:\Users\u1021\Downloads\20260803\NASH_datasource_fromDrTsui_205\11\fast_035\0\161\2.png,475,735,349125,31.80121732903688,31.84561403508772,0.0,0.0,68.19878267096313,68.15438596491228,349125,48.69495739348371,46.00743144481029,0.0,242.0,0.0,0.0,0.0,0.0,46.0,76.0,108.0,138.0,184.0,76.0,242.0,5.766688019672908,1.0584150400114671,0.9448089475270172,1.1202423969224755,46.00743144481029,1.0,0.8514243566082986,0.4172652285632372,237944,71.44520559459369,38.47657939991264,6.0,242.0,13.0,23.0,30.0,44.0,64.0,89.0,125.0,153.0,191.0,45.0,236.0,7.128576072339193,1.856849197846207,0.538546695746708,3.4478889435421025,38.47657939991264,0.7386363636363636,1.1020205075400606,1.225269786245014,0.042015191167593,0.0450162664055824,837.341796875,60.60681915283203,184.0969696044922,7889.853515625,314.3103942871094,17.340087890625,1.4825797080993652,33.195945739746094,0.0453433021903038,0.0215957257896661,5.653245498069944,1.4430096055023496,0.5681371692858393,0.0800085393073852,0.2823331737995829,0.8972868718281471
205_11,0,,161,205_11/0/161,0/161,3.png,C:\Users\u1021\Downloads\20260803\NASH_datasource_fromDrTsui_205\11\fast_035\0\161\3.png,475,735,349125,31.80121732903688,31.834729681346225,0.0,0.0,68.19878267096313,68.16527031865378,349125,47.7791679197995,45.31163285993249,0.0,237.0,0.0,0.0,0.0,0.0,45.0,74.0,106.0,137.0,182.0,74.0,237.0,5.745852659460202,1.0544569882858703,0.9483554200021036,1.1118795401449086,45.31163285993249,1.0,0.8800804274440226,0.5079989339894504,237982,70.0910489028582,38.0556951092526,6.0,237.0,13.0,22.0,29.0,43.0,63.0,87.0,123.0,152.0,189.0,44.0,231.0,7.098826158163385,1.841801830228999,0.5429465774152618,3.39223398183489,38.0556951092526,0.7471264367816092,1.142965140566901,1.3221215195848617,0.0419748462736606,0.0446799509227275,810.6124267578125,60.548622131347656,183.8523712158203,7820.03173828125,310.10064697265625,18.304443359375,1.4825797080993652,32.57241439819336,0.0453972853720188,0.0214619729667902,5.623188794998209,1.4414046208731583,0.5685827746715605,0.0798984353873774,0.2821404492448368,0.8945628747114713
205_11,0,,161,205_11/0/161,0/161,4.png,C:\Users\u1021\Downloads\20260803\NASH_datasource_fromDrTsui_205\11\fast_035\0\161\4.png,475,735,349125,31.80121732903688,31.841604010025065,0.0,0.0,68.19878267096313,68.15839598997493,349125,46.28150948800573,45.51550619060068,0.0,240.0,0.0,0.0,0.0,0.0,41.0,70.0,107.0,139.0,186.0,70.0,240.0,5.752433038953505,1.0168295018888145,0.9834490424819968,1.033942235911454,45.51550619060068,1.0,1.0349001889889662,0.8867358084528663,237958,67.90030173391943,39.64423812417548,6.0,240.0,12.0,21.0,27.0,40.0,59.0,84.0,125.0,153.0,194.0,44.0,234.0,7.107980065852596,1.7127407398078638,0.5838595280405255,2.933480841797589,39.64423812417548,0.7586206896551724,1.2427487859202309,1.4570935752066898,0.0399038828909397,0.0435688346624374,761.394287109375,57.56126022338867,177.06040954589844,7263.1630859375,286.5447692871094,16.748046875,1.4825797080993652,31.554941177368164,0.042130522429943,0.0202050376683473,5.222396942607042,1.3761410227928703,0.5794531438371818,0.0799654553820074,0.2822481692226885,0.9043380389849324
205_11,0,,161,205_11/0/161,0/161,5.png,C:\Users\u1021\Downloads\20260803\NASH_datasource_fromDrTsui_205\11\fast_035\0\161\5.png,475,735,349125,31.80121732903688,31.85649838882922,0.0,0.0,68.19878267096313,68.14350161117079,349125,46.539875402792696,45.58299983120242,0.0,240.0,0.0,0.0,0.0,0.0,41.0,72.0,107.0,139.0,184.0,72.0,240.0,5.763433471405316,1.0209919394321054,0.9794396619391712,1.0424245403853325,45.58299983120242,1.0,0.9939127912067578,0.732260762278889,237906,68.29330912209024,39.54368932675213,6.0,240.0,12.0,20.0,27.0,40.0,60.0,86.0,125.0,153.0,192.0,46.0,234.0,7.123075325790475,1.7270343330329674,0.5790272844453701,2.9826475874746263,39.54368932675213,0.7687861271676301,1.179050937285132,1.2723375360408964,0.0398584194481372,0.0434331037104129,763.9134521484375,57.49567794799805,173.94480895996094,7231.044921875,278.92919921875,16.900634765625,1.4825797080993652,31.72718811035156,0.0418173745274543,0.0202274229377508,5.190154271914703,1.3689143551614933,0.5806388053227826,0.0800158064297577,0.2823438037118338,0.9052187687887198
205_11,0,,164,205_11/0/164,0/164,1.png,C:\Users\u1021\Downloads\20260803\NASH_datasource_fromDrTsui_205\11\fast_035\0\164\1.png,475,735,349125,31.80179018976012,35.951306838524886,0.0,0.0,68.19820981023989,64.04869316147511,349125,42.20187039026137,45.86515076446391,0.0,241.0,0.0,0.0,0.0,0.0,20.0,80.0,109.0,125.0,156.0,80.0,241.0,5.705285629984263,0.920129328844574,1.0868037444863554,0.8466379817999662,45.86515076446391,1.0,0.7676241509531025,-0.5003654474939045,223610,65.62476633424265,41.92052400044514,6.0,241.0,6.0,7.0,9.0,27.0,67.0,96.0,119.0,134.0,166.0,69.0,235.0,7.030067483675737,1.5654567279155625,0.6387912116430842,2.450654766976099,41.92052400044514,0.900709219858156,0.2743202605232981,-0.5458281925333415,0.0389915406703949,0.051223274320364,822.2266845703125,56.245208740234375,192.1361083984375,8623.1767578125,350.7392883300781,14.447021484375,0.0,,0.0449800863862037,0.0214831046760082,6.186362606318235,1.356018913558281,0.6198454224845789,0.1211968579071445,0.3477484408694613,0.8900256172867587
205_11,0,,164,205_11/0/164,0/164,2.png,C:\Users\u1021\Downloads\20260803\NASH_datasource_fromDrTsui_205\11\fast_035\0\164\2.png,475,735,349125,31.80379520229144,43.309129967776585,0.0,0.0,68.19620479770856,56.690870032223415,349125,33.26632295023273,41.55241692214615,0.0,241.0,0.0,0.0,0.0,0.0,8.0,61.0,97.0,117.0,153.0,61.0,241.0,5.528620265510937,0.8005869553282906,1.249083554690118,0.6409394730418224,41.55241692214615,1.0,1.2030452805553316,0.6555066460460104,197922,57.913460858317926,40.50458972977581,6.0,241.0,6.0,6.0,8.0,22.0,54.0,86.0,113.0,129.0,165.0,64.0,235.0,6.963568111156359,1.4297999620458932,0.6993985358407097,2.0443279314664378,40.50458972977581,0.9111111111111112,0.629693608820513,-0.0624504896323574,0.0337329357862472,0.0481572374701499,660.15625,48.65968322753906,189.38656616210935,7193.388671875,287.8222961425781,11.346435546875,0.0,,0.0442644394934177,0.0201950017362833,5.168496341458693,1.1449856692898592,0.681513568714815,0.2090087856850193,0.4569511109009753,0.8907250474903505
205_11,0,,164,205_11/0/164,0/164,3.png,C:\Users\u1021\Downloads\20260803\NASH_datasource_fromDrTsui_205\11\fast_035\0\164\3.png,475,735,349125,31.80207662012173,43.352667382742574,0.0,0.0,68.19792337987826,56.64733261725743,349125,35.47525957751522,41.93515754157612,0.0,240.0,0.0,0.0,0.0,0.0,13.0,65.0,97.0,116.0,155.0,65.0,240.0,5.58372230047572,0.8459550805870633,1.1820958617637654,0.7156399983710646,41.93515754157612,1.0,1.0693146376019187,0.4007546052375765,197770,61.886307326692624,38.641820804857694,6.0,240.0,6.0,7.0,10.0,32.0,59.0,87.0,113.0,130.0,168.0,55.0,234.0,7.0500392715511495,1.6015370403796512,0.6244001698286952,2.564920891708012,38.641820804857694,0.8978102189781022,0.5918859316741735,0.1938731340912838,0.0369900949299335,0.0504119023680686,728.29638671875,53.35812759399414,199.22970581054688,8135.15087890625,329.0454406738281,13.433837890625,0.0,,0.0485029816627502,0.0227191299200058,5.761914398630019,1.239023634943406,0.6602168409229863,0.1876205759044489,0.4328922026308497,0.8783414947024871
205_11,0,,164,205_11/0/164,0/164,4.png,C:\Users\u1021\Downloads\20260803\NASH_datasource_fromDrTsui_205\11\fast_035\0\164\4.png,475,735,349125,31.805513784461155,43.00408163265306,0.0,0.0,68.19448621553886,56.99591836734695,349125,34.02153097028285,39.616554426265125,0.0,240.0,0.0,0.0,0.0,0.0,13.0,63.0,92.0,109.0,144.0,63.0,240.0,5.536509939078573,0.8587705685915769,1.1644553697736124,0.7374868894791003,39.616554426265125,1.0,1.0514548428730035,0.4851947519989674,198987,58.97066642544488,36.11126413471973,6.0,240.0,6.0,7.0,10.0,31.0,57.0,82.0,106.0,120.0,158.0,51.0,234.0,6.953653573124595,1.6330269193967824,0.6123597768794812,2.666776919474545,36.11126413471973,0.889763779527559,0.6171614499348038,0.5216930605259256,0.0335830673575401,0.046180672943592,620.00048828125,48.44349670410156,174.3992462158203,6784.3994140625,272.69207763671875,13.128662109375,0.0,,0.0464940480887889,0.021463144570589,4.851209408319069,1.1343587462084428,0.6699287999082997,0.1898095064368567,0.4354139785253603,0.8846059846110804
205_11,0,,164,205_11/0/164,0/164,5.png,C:\Users\u1021\Downloads\20260803\NASH_datasource_fromDrTsui_205\11\fast_035\0\164\5.png,475,735,349125,31.804081632653062,43.31600429645543,0.0,0.0,68.19591836734695,56.683995703544575,349125,33.07667167919799,39.24336450199477,0.0,240.0,0.0,0.0,0.0,0.0,12.0,61.0,91.0,108.0,144.0,61.0,240.0,5.523880302639838,0.842860241443281,1.186436316283752,0.710413386605826,39.24336450199477,1.0,1.1138939811191837,0.6618804766057846,197898,57.60991520884496,36.40250242029435,6.0,240.0,6.0,7.0,10.0,28.0,55.0,81.0,105.0,120.0,156.0,53.0,234.0,6.945293018774839,1.5825811792742992,0.6318791181748763,2.5045631889932314,36.40250242029435,0.889763779527559,0.6626162034862063,0.5377802615318847,0.0330148488283157,0.0462533235549926,639.338134765625,47.62384033203125,175.36045837402344,6719.630859375,272.430419921875,12.255859375,0.0,,0.0480384342372417,0.0232046321034431,4.83178890065027,1.1174511861479222,0.676073689176329,0.1927630710452116,0.4387934620610902,0.8827345620314778
205_11,0,,165,205_11/0/165,0/165,1.png,C:\Users\u1021\Downloads\20260803\NASH_datasource_fromDrTsui_205\11\fast_035\0\165\1.png,475,735,349125,31.80121732903688,31.812101682778376,0.0,0.0,68.19878267096313,68.18789831722162,349125,53.63220050125313,47.80962814201334,0.0,238.0,0.0,0.0,0.0,0.0,54.0,85.0,116.0,140.0,182.0,85.0,238.0,5.780745485886444,1.1217866062865929,0.8914351396209494,1.2584051900439914,47.80962814201334,1.0,0.5739302712515588,-0.2513420748969661,238061,78.65282847673495,37.2054017160548,6.0,238.0,16.0,28.0,36.0,52.0,73.0,98.0,129.0,154.0,189.0,46.0,232.0,7.152101785539172,2.1140163752833465,0.4730332327089792,4.469065234966139,37.2054017160548,0.6923076923076923,0.8617139660560292,0.7409849227467626,0.0434841066598892,0.0487944409251213,921.68359375,62.72572326660156,188.37060546875,8888.6875,377.1390075683594,19.05517578125,2.9651594161987305,18.28208351135254,0.0454328395426273,0.0222471896559,6.428883865222837,1.5098762502120615,0.5599240966254923,0.0779684838393571,0.2787065721816844,0.8905405556036396
205_11,0,,165,205_11/0/165,0/165,2.png,C:\Users\u1021\Downloads\20260803\NASH_datasource_fromDrTsui_205\11\fast_035\0\165\2.png,475,735,349125,31.80207662012173,35.257858933046904,0.0,0.0,68.19792337987826,64.7421410669531,349125,42.352108843537415,45.57846475044815,0.0,241.0,0.0,0.0,0.0,0.0,31.0,72.0,107.0,131.0,178.0,72.0,241.0,5.831963315602746,0.9292131508909806,1.0761793449018076,0.8634370797887444,45.57846475044815,1.0,1.0178730099010431,0.4449010952243886,226031,65.20920581690122,41.54697722802892,6.0,241.0,6.0,9.0,16.0,33.0,59.0,90.0,122.0,146.0,185.0,57.0,235.0,7.205541850861349,1.569529486080374,0.6371336179846647,2.4634228076757223,41.54697722802892,0.8838709677419355,0.8215276893839788,0.4214747949508415,0.0345731489360332,0.040518868714571,634.0018310546875,49.87168884277344,150.5695343017578,5903.3984375,234.67454528808597,15.0390625,1.4825797080993652,28.871925354003903,0.0338323675096035,0.0168805737048387,4.270543883450394,1.185097621259886,0.6263597153166042,0.1154064307208918,0.339302404762958,0.9245027407439996
205_11,0,,165,205_11/0/165,0/165,3.png,C:\Users\u1021\Downloads\20260803\NASH_datasource_fromDrTsui_205\11\fast_035\0\165\3.png,475,735,349125,31.80121732903688,34.71936985320444,0.0,0.0,68.19878267096313,65.28063014679556,349125,44.574075187969925,47.182468648969945,0.0,241.0,0.0,0.0,0.0,0.0,33.0,76.0,111.0,135.0,182.0,76.0,241.0,5.865823947314588,0.9447168930391064,1.0585181734001292,0.8924900079934622,47.182468648969945,1.0,0.9582149970113798,0.2927623026347623,227911,68.10457590901711,42.59990818711723,6.0,241.0,6.0,9.0,16.0,35.0,63.0,93.0,125.0,151.0,190.0,58.0,235.0,7.2511256873011805,1.5987024105749794,0.6255072822717183,2.5558493975782497,42.59990818711723,0.8875,0.7656366898320117,0.3539874811004733,0.0349464416503906,0.0415663458406925,676.835693359375,50.41016387939453,155.63929748535156,6136.3095703125,242.6480712890625,15.41748046875,1.4825797080993652,30.389509201049805,0.0325978361070156,0.0168573427945375,4.486351293296043,1.2082151793697506,0.6218997608227356,0.1107037727244835,0.3323034778623809,0.9262063629757872
205_11,0,,165,205_11/0/165,0/165,4.png,C:\Users\u1021\Downloads\20260803\NASH_datasource_fromDrTsui_205\11\fast_035\0\165\4.png,475,735,349125,31.801503759398496,35.04045828857859,0.0,0.0,68.1984962406015,64.95954171142141,349125,43.535598997493736,46.87152242247755,0.0,238.0,0.0,0.0,0.0,0.0,31.0,74.0,110.0,135.0,182.0,74.0,238.0,5.855248817022676,0.9288283534954256,1.076625187244486,0.8627221102570231,46.87152242247755,1.0,1.0111236332302536,0.4148549740824827,226790,66.82237312050796,42.82157639034244,6.0,238.0,6.0,9.0,15.0,34.0,61.0,92.0,125.0,150.0,189.0,58.0,232.0,7.239961737197736,1.560483726974106,0.6408269325173127,2.4351094621509963,42.82157639034244,0.8867924528301887,0.8029324417175852,0.3779871064472426,0.0347302891314029,0.0413798242807388,654.1795654296875,50.09836196899414,152.08055114746094,6072.77880859375,240.56472778320312,14.404296875,1.4825797080993652,29.679563522338867,0.0320569425821304,0.0164017416536808,4.446926605820619,1.1977759991972363,0.6256921386140547,0.1157815596039575,0.3398531446016364,0.9262695843474488
205_11,0,,165,205_11/0/165,0/165,5.png,C:\Users\u1021\Downloads\20260803\NASH_datasource_fromDrTsui_205\11\fast_035\0\165\5.png,475,735,349125,31.80207662012173,36.346580737558185,0.0,0.0,68.19792337987826,63.65341926244182,349125,39.16390118152524,43.28609742823527,0.0,241.0,0.0,0.0,0.0,0.0,27.0,66.0,101.0,125.0,171.0,66.0,241.0,5.7727037035636215,0.9047685864140492,1.1052549956043345,0.8186061949616769,43.28609742823527,1.0,1.1125673456432,0.7164294128211104,222230,61.25790847320344,39.99471452816867,6.0,241.0,6.0,9.0,15.0,30.0,54.0,84.0,116.0,141.0,178.0,54.0,235.0,7.12845811691487,1.5316500991664508,0.6528906311854231,2.3459520262765987,39.99471452816867,0.88,0.908758179692108,0.5753442137979721,0.0324476733803749,0.038951326161623,585.548828125,46.805694580078125,146.17349243164062,5347.7744140625,211.30047607421875,13.958740234375,1.4825797080993652,26.699932098388672,0.0340861193835735,0.0175332650542259,3.9053118353025096,1.1172468774828408,0.6408235719666678,0.1226565778640269,0.3498213285080574,0.9234879020853796
205_11,0,,166,205_11/0/166,0/166,1.png,C:\Users\u1021\Downloads\20260803\NASH_datasource_fromDrTsui_205\11\fast_035\0\166\1.png,475,735,349125,31.81611170784103,41.392051557465095,0.0,0.0,68.18388829215897,58.607948442534905,349125,40.18103544575725,47.54569780877865,0.0,211.0,0.0,0.0,0.0,0.0,21.0,71.0,116.0,137.0,169.0,71.0,211.0,5.774478274511267,0.8451034961640291,1.1832870228783274,0.7141999192286651,47.54569780877865,1.0,1.0563239246299,0.0448852363018126,204615,68.08476406910539,44.43863144466817,6.0,211.0,6.0,10.0,16.0,31.0,59.0,101.0,133.0,150.0,176.0,70.0,205.0,7.276178176554277,1.5321075797277806,0.6526956809244926,2.3473536358593177,44.43863144466817,0.875,0.5741568858526963,-0.599497732342468,0.0294299274682998,0.0367016494274139,524.3123779296875,42.45260620117188,134.95289611816406,4605.08447265625,211.91232299804688,12.85400390625,0.0,,0.0245592705905437,0.0121007151901721,3.4487770172234478,1.015914861393557,0.66600626159005,0.1423042121694744,0.3768777302282965,0.945395608434238
205_11,0,,166,205_11/0/166,0/166,2.png,C:\Users\u1021\Downloads\20260803\NASH_datasource_fromDrTsui_205\11\fast_035\0\166\2.png,475,735,349125,31.80121732903688,35.97307554600788,0.0,0.0,68.19878267096313,64.02692445399212,349125,46.94091514500537,46.35857377597361,0.0,236.0,0.0,0.0,0.0,0.0,41.0,85.0,111.0,126.0,158.0,85.0,236.0,5.792608553798989,1.0125616756858378,0.987594162422423,1.0252811470677117,46.35857377597361,1.0,0.5541986157445568,-0.7715377386130995,223534,73.06488051034742,38.19058566832333,6.0,236.0,6.0,9.0,18.0,45.0,74.0,99.0,121.0,135.0,167.0,54.0,230.0,7.154633923767706,1.913164703597361,0.5226941507543394,3.6601991830907776,38.19058566832333,0.875,0.1921803500879537,-0.2352716346446457,0.0374717153608799,0.0432360060513019,789.989990234375,54.05286407470703,168.3667449951172,6811.46044921875,255.2108154296875,16.632080078125,1.4825797080993652,32.00103759765625,0.0410606227815151,0.0200861971825361,4.928218309937513,1.289181167567761,0.6108320315294474,0.1203341341775569,0.3465077623408137,0.9134133938125032
205_11,0,,166,205_11/0/166,0/166,3.png,C:\Users\u1021\Downloads\20260803\NASH_datasource_fromDrTsui_205\11\fast_035\0\166\3.png,475,735,349125,31.80207662012173,36.00916577157179,0.0,0.0,68.19792337987826,63.99083422842822,349125,46.5267253848908,45.84867732785822,0.0,241.0,0.0,0.0,0.0,0.0,41.0,83.0,110.0,125.0,157.0,83.0,241.0,5.7826130417413735,1.014788824815685,0.9854266972063164,1.0297963589707997,45.84867732785822,1.0,0.5570877704731143,-0.7444965787584543,223408,72.45749480770608,37.63996168268974,6.0,241.0,6.0,9.0,19.0,45.0,73.0,98.0,120.0,134.0,166.0,53.0,235.0,7.138965193975876,1.92501510544918,0.5194764431558377,3.705683156207518,37.63996168268974,0.8741258741258742,0.2145536033436376,-0.1742227112454863,0.0370774865150451,0.0425364822149276,768.6142578125,53.48419570922852,165.0720977783203,6625.458984375,248.4091033935547,16.76025390625,1.4825797080993652,31.720930099487305,0.0424577966332435,0.0207307245582342,4.777609958767976,1.2739672047151462,0.6122683029827585,0.1200362845051188,0.3460791126385943,0.9140202119937808
205_11,0,,166,205_11/0/166,0/166,4.png,C:\Users\u1021\Downloads\20260803\NASH_datasource_fromDrTsui_205\11\fast_035\0\166\4.png,475,735,349125,31.80179018976012,35.67604726100967,0.0,0.0,68.19820981023989,64.32395273899033,349125,44.2710089509488,44.97760713376129,0.0,240.0,0.0,0.0,0.0,0.0,35.0,80.0,108.0,124.0,157.0,80.0,240.0,5.788679589676569,0.9842900005615884,1.0159607426972217,0.9688268052055314,44.97760713376129,1.0,0.6686227431289984,-0.5549652398127267,224571,68.59148331708012,38.55108721363951,6.0,240.0,6.0,9.0,15.0,39.0,68.0,95.0,119.0,133.0,165.0,56.0,234.0,7.14446701703972,1.7792360287263755,0.5620389784461742,3.165680845918004,38.55108721363951,0.8732394366197183,0.3252581642036197,-0.2569221631152616,0.0365870669484138,0.0428376421332359,722.68701171875,52.776763916015625,169.92788696289062,6603.7861328125,239.21484375,16.00341796875,1.4825797080993652,30.180540084838867,0.0408114530146122,0.0194190647453069,4.691622710462869,1.2477877118826477,0.6192169649150027,0.1175843810601119,0.3425092501136957,0.912761754933846
205_11,0,,166,205_11/0/166,0/166,5.png,C:\Users\u1021\Downloads\20260803\NASH_datasource_fromDrTsui_205\11\fast_035\0\166\5.png,475,735,349125,31.80379520229144,35.86022198353025,0.0,0.0,68.19620479770856,64.13977801646975,349125,44.1057873254565,44.603481565054906,0.0,240.0,0.0,0.0,0.0,0.0,36.0,79.0,107.0,123.0,157.0,79.0,240.0,5.784440403893471,0.9888418073626716,1.01128410283045,0.9778081199882748,44.603481565054906,1.0,0.6698940335458509,-0.51093762351227,223928,68.5258743881962,37.920174364374944,6.0,240.0,6.0,9.0,16.0,40.0,68.0,94.0,117.0,132.0,166.0,54.0,234.0,7.13840009243278,1.8071086311400129,0.5533701642325459,3.26564160474073,37.920174364374944,0.8723404255319149,0.3571123550656842,-0.1404114444159101,0.0362724140286445,0.0423627160489559,736.65625,52.3228759765625,163.6807861328125,6471.88671875,234.40618896484372,15.899658203125,1.4825797080993652,30.0715274810791,0.041774958372116,0.0205581001937389,4.635780025180478,1.2412514560698238,0.6195065695190155,0.1164230124181269,0.3408138664761266,0.911981725273544
205_11,0,,168,205_11/0/168,0/168,1.png,C:\Users\u1021\Downloads\20260803\NASH_datasource_fromDrTsui_205\11\fast_035\0\168\1.png,475,735,349125,31.80179018976012,37.33648406731114,0.0,0.0,68.19820981023989,62.66351593268886,349125,42.18388829215897,43.615344658079785,0.0,239.0,0.0,0.0,0.0,0.0,34.0,75.0,102.0,119.0,161.0,75.0,239.0,5.718499278353717,0.967179982706943,1.0339337226574936,0.9354371189490028,43.615344658079785,1.0,0.7640006394150611,-0.1635232916407152,218774,66.9719847879547,37.26635805212577,6.0,239.0,6.0,8.0,16.0,40.0,66.0,90.0,113.0,131.0,171.0,50.0,233.0,7.074098521847046,1.7971164419737131,0.5564469706268633,3.2296275060122586,37.26635805212577,0.8848920863309353,0.4966683654845564,0.3892179043329329,0.0385167375206947,0.0460634194314479,780.930419921875,55.56031036376953,184.3908843994141,7502.0693359375,289.50408935546875,16.107177734375,0.0,,0.0481505319476127,0.0237489230930805,5.448037318448567,1.3162575124072255,0.6167771501975635,0.1374229320097424,0.3703495867515282,0.891291176433668
205_11,0,,168,205_11/0/168,0/168,2.png,C:\Users\u1021\Downloads\20260803\NASH_datasource_fromDrTsui_205\11\fast_035\0\168\2.png,475,735,349125,31.80179018976012,38.0390977443609,0.0,0.0,68.19820981023989,61.96090225563909,349125,41.61035159326889,42.79793429834876,0.0,242.0,0.0,0.0,0.0,0.0,34.0,75.0,101.0,116.0,153.0,75.0,242.0,5.678997007679214,0.972251401275559,1.0285405592504528,0.945272787282288,42.79793429834876,1.0,0.7061031941954921,-0.3637945900720543,216321,66.76530711304034,35.934780677176136,6.0,242.0,6.0,8.0,16.0,42.0,66.0,90.0,112.0,127.0,164.0,48.0,236.0,7.027030445725714,1.8579578295700048,0.5382253483285108,3.452007296460485,35.934780677176136,0.8814814814814815,0.395781201338319,0.2262476053872051,0.0381751731038093,0.0453089326620101,769.1085205078125,55.06760025024414,179.78123474121094,7304.11328125,275.1655578613281,16.3330078125,0.0,,0.0494122356176376,0.0235690344125032,5.214959850080194,1.2973597055528123,0.6193957482205047,0.1430332384196049,0.3778605894247378,0.8914138665697804
205_11,0,,168,205_11/0/168,0/168,3.png,C:\Users\u1021\Downloads\20260803\NASH_datasource_fromDrTsui_205\11\fast_035\0\168\3.png,475,735,349125,31.801503759398496,37.77644110275689,0.0,0.0,68.1984962406015,62.2235588972431,349125,42.68137200143215,44.24157478548473,0.0,240.0,0.0,0.0,0.0,0.0,34.0,76.0,104.0,120.0,161.0,76.0,240.0,5.710811950563219,0.9647344654520646,1.0365546539600514,0.9307125888310808,44.24157478548473,1.0,0.7445127999704435,-0.2460248896133539,217238,68.2158784374741,37.66033504516877,6.0,240.0,6.0,7.0,15.0,42.0,67.0,92.0,115.0,132.0,173.0,50.0,234.0,7.074901601214075,1.8113455006615808,0.5520757909712737,3.280972522766952,37.66033504516877,0.8992805755395683,0.4427994838727079,0.3075642314712588,0.0385847017168998,0.0466340593993663,772.6529541015625,55.658348083496094,184.71600341796875,7623.041015625,288.92559814453125,16.375732421875,0.0,,0.0470520481467247,0.0222921203821897,5.480572611579156,1.313667273943725,0.619536661880958,0.1436409684554397,0.3786615381674947,0.8940089756775644
205_11,0,,168,205_11/0/168,0/168,4.png,C:\Users\u1021\Downloads\20260803\NASH_datasource_fromDrTsui_205\11\fast_035\0\168\4.png,475,735,349125,31.80207662012173,37.90161117078411,0.0,0.0,68.19792337987826,62.0983888292159,349125,42.533339061940566,44.060174170573234,0.0,242.0,0.0,0.0,0.0,0.0,35.0,76.0,103.0,119.0,161.0,76.0,242.0,5.698177320738571,0.9653465938940294,1.035897372327368,0.931894046342804,44.060174170573234,1.0,0.7397337127632544,-0.2397703108896443,216801,68.10702441409403,37.40636307512319,6.0,242.0,6.0,7.0,15.0,42.0,67.0,92.0,114.0,130.0,173.0,50.0,236.0,7.058069417124547,1.820733661738638,0.5492291492238844,3.3150710669881893,37.40636307512319,0.8978102189781022,0.4371416085128085,0.3696884707572518,0.0392958149313926,0.047812134027481,793.5843505859375,56.68412780761719,183.8631591796875,7969.798828125,298.4317932128906,16.10107421875,0.0,,0.0489109382033348,0.0228214468806982,5.669248135537836,1.331888592623274,0.6172462985579846,0.1452839771280212,0.3808186708847048,0.8895471059778005
205_11,0,,168,205_11/0/168,0/168,5.png,C:\Users\u1021\Downloads\20260803\NASH_datasource_fromDrTsui_205\11\fast_035\0\168\5.png,475,735,349125,31.80179018976012,38.33956319369853,0.0,0.0,68.19820981023989,61.66043680630147,349125,41.94999212316505,43.35235185653664,0.0,238.0,0.0,0.0,0.0,0.0,34.0,76.0,102.0,118.0,154.0,76.0,238.0,5.676432976002165,0.9676520494663742,1.033429320540854,0.9363504888364742,43.35235185653664,1.0,0.6977784132655843,-0.4141473215527154,215272,67.62095395592553,36.43813794880455,6.0,238.0,6.0,7.0,15.0,42.0,67.0,91.0,113.0,129.0,164.0,49.0,232.0,7.034039389228784,1.8557741356304407,0.5388586794051214,3.443897642474909,36.43813794880455,0.8970588235294118,0.3506480750138022,0.1575897753069455,0.0385360307991504,0.0466222800314426,786.923095703125,55.58814239501953,179.02513122558594,7612.94482421875,282.5626220703125,16.12548828125,0.0,,0.0494481176137924,0.0233642682433128,5.42216964861256,1.3083486488551934,0.6202896495917657,0.1481136949830449,0.3845251714056217,0.8903582131064091
205_11,0,,169,205_11/0/169,0/169,1.png,C:\Users\u1021\Downloads\20260803\NASH_datasource_fromDrTsui_205\11\fast_035\0\169\1.png,475,735,349125,31.80121732903688,34.651485857500894,0.0,0.0,68.19878267096313,65.3485141424991,349125,33.51728177586824,38.11686670404295,0.0,241.0,0.0,0.0,0.0,0.0,23.0,54.0,85.0,112.0,159.0,54.0,241.0,5.619956699512311,0.8793294064832763,1.1372302491273716,0.773220205106231,38.11686670404295,1.0,1.3555548093697112,1.7296889934751205,228148,51.109012570787385,36.46208990869811,6.0,241.0,6.0,8.0,10.0,24.0,44.0,68.0,101.0,127.0,167.0,44.0,235.0,6.880985507639625,1.4017027739980208,0.7134180074051932,1.9647706666337468,36.46208990869811,0.8814814814814815,1.2109324284414196,1.48998896899303,0.0337773971259593,0.0418713800609111,562.05810546875,48.723819732666016,162.2429656982422,6022.0947265625,226.8835601806641,12.8662109375,0.0,,0.046308945864439,0.0205298606306314,4.28161491466261,1.1450476344838838,0.6422964087257621,0.1153109812378511,0.3391758361846877,0.8893939241072517
205_11,0,,169,205_11/0/169,0/169,2.png,C:\Users\u1021\Downloads\20260803\NASH_datasource_fromDrTsui_205\11\fast_035\0\169\2.png,475,735,349125,31.801503759398496,34.96627282491944,0.0,0.0,68.1984962406015,65.03372717508056,349125,33.13994128177587,37.59588446707394,0.0,241.0,0.0,0.0,0.0,0.0,22.0,54.0,84.0,110.0,157.0,54.0,241.0,5.605984647456815,0.881477899816387,1.134458391081956,0.7770032878647084,37.59588446707394,1.0,1.3363881125509818,1.673832607342213,227049,50.75689829067734,35.8472062005062,6.0,241.0,6.0,8.0,10.0,24.0,44.0,67.0,100.0,125.0,165.0,43.0,235.0,6.86271871558804,1.4159234057676886,0.7062528918771689,2.00483909100077,35.8472062005062,0.8796992481203008,1.1897433301803015,1.4706938850207454,0.0335837788879871,0.0418735146522522,554.0709228515625,48.44452667236328,162.89340209960938,5995.328125,226.6548309326172,13.970947265625,0.0,,0.0476257503032684,0.0204442329704761,4.284279685147857,1.1392794153553298,0.644587601623845,0.1189910928803389,0.3445549311465442,0.8858548284577115
205_11,0,,169,205_11/0/169,0/169,3.png,C:\Users\u1021\Downloads\20260803\NASH_datasource_fromDrTsui_205\11\fast_035\0\169\3.png,475,735,349125,31.80207662012173,34.00329394915861,0.0,0.0,68.19792337987826,65.9967060508414,349125,35.98262799856785,39.96695647827377,0.0,241.0,0.0,0.0,0.0,0.0,25.0,59.0,90.0,117.0,164.0,59.0,241.0,5.674883317949661,0.9003094348234442,1.1107292241096038,0.8105570784321094,39.96695647827377,1.0,1.2513710741696114,1.369798064644292,230411,54.38180468814423,37.738602932241534,6.0,241.0,6.0,8.0,11.0,26.0,48.0,72.0,106.0,132.0,172.0,46.0,235.0,6.961859758287638,1.4410126624397048,0.6939564280489743,2.076517493311567,37.738602932241534,0.8857142857142857,1.1113617046321824,1.263983059173844,0.0359923094511032,0.0446748472750186,637.1328125,51.9188232421875,174.03900146484375,6848.51171875,263.0350952148437,14.630126953125,1.4825797080993652,24.531272888183597,0.0471241995692253,0.0212863311171531,4.878672505170757,1.226820492274577,0.6270671185860599,0.1026145600580536,0.3199015308752482,0.8845332886152577
205_11,0,,169,205_11/0/169,0/169,4.png,C:\Users\u1021\Downloads\20260803\NASH_datasource_fromDrTsui_205\11\fast_035\0\169\4.png,475,735,349125,31.80179018976012,35.161331901181526,0.0,0.0,68.19820981023989,64.83866809881847,349125,32.70757751521661,37.26256814304294,0.0,241.0,0.0,0.0,0.0,0.0,22.0,53.0,83.0,109.0,156.0,53.0,241.0,5.594924853496801,0.8777596162899802,1.1392640780475778,0.7704619439895333,37.26256814304294,1.0,1.3531315163801905,1.725295050854145,226368,50.23081884365281,35.599484853398856,6.0,241.0,6.0,8.0,10.0,24.0,44.0,66.0,100.0,125.0,164.0,42.0,235.0,6.847366662951028,1.4109984751326263,0.7087179877398558,1.9909166968265968,35.599484853398856,0.8796992481203008,1.2046105041515975,1.4926154721165643,0.0335601270198822,0.0423973947763443,569.0462646484375,48.410404205322266,163.23721313476562,6083.88671875,231.9732208251953,13.262939453125,0.0,,0.0485238134860992,0.0214634127914905,4.346606595080206,1.14055357373437,0.6453708686440179,0.1210911872856192,0.3475739479179132,0.8819019527683184
205_11,0,,169,205_11/0/169,0/169,5.png,C:\Users\u1021\Downloads\20260803\NASH_datasource_fromDrTsui_205\11\fast_035\0\169\5.png,475,735,349125,31.80236305048335,36.51729323308271,0.0,0.0,68.19763694951665,63.482706766917296,349125,30.18351306838525,35.085683977896736,0.0,240.0,0.0,0.0,0.0,0.0,19.0,49.0,78.0,102.0,146.0,49.0,240.0,5.531844715220665,0.860280024394002,1.1624122049148118,0.7400817203713447,35.085683977896736,1.0,1.4165029341604671,1.9871822826162155,221634,47.24955557360333,33.770522430246224,6.0,240.0,6.0,7.0,10.0,22.0,40.0,63.0,94.0,118.0,154.0,41.0,234.0,6.763487585723008,1.3991360563402109,0.7147267740463707,1.9575817041512371,33.770522430246224,0.888,1.2496595441227598,1.6827134869553824,0.0320552363991737,0.0407374687492847,520.441650390625,46.23960113525391,155.9896697998047,5591.27392578125,209.41647338867188,13.519287109375,0.0,,0.0518312156200408,0.021985936909914,3.9559514735501895,1.077731851551928,0.6595900115259847,0.1301517141974726,0.3603739228276942,0.8783499925044693
205_11,0,,173,205_11/0/173,0/173,1.png,C:\Users\u1021\Downloads\20260803\NASH_datasource_fromDrTsui_205\11\fast_035\0\173\1.png,475,735,349125,31.803222341568205,38.51084854994629,0.0,0.0,68.1967776584318,61.4891514500537,349125,35.825678481919084,42.374568800614966,0.0,240.0,0.0,0.0,0.0,0.0,23.0,58.0,92.0,120.0,186.0,58.0,240.0,5.694771320415549,0.8454523431374518,1.182798779986848,0.7147896645166075,42.374568800614966,1.0,1.501788581633402,2.4927377949474483,214674,57.86368167547072,40.71510750373318,6.0,240.0,6.0,8.0,14.0,29.0,49.0,76.0,111.0,140.0,201.0,47.0,234.0,7.053687608521353,1.4211845485159331,0.70363838464487,2.0197655209404366,40.71510750373318,0.8918918918918919,1.3772524174216876,2.3022787036010435,0.0350578092038631,0.0476714670658111,635.5272216796875,50.57080841064453,171.67642211914062,7286.1669921875,271.6072082519531,13.1103515625,0.0,,0.0428607836365699,0.0180031955242156,5.198986071839993,1.180072871514922,0.6482197035523511,0.1372378196336843,0.3701069428929172,0.8937747189910423
205_11,0,,173,205_11/0/173,0/173,2.png,C:\Users\u1021\Downloads\20260803\NASH_datasource_fromDrTsui_205\11\fast_035\0\173\2.png,475,735,349125,31.80236305048335,41.43873970640888,0.0,0.0,68.19763694951665,58.56126029359112,349125,32.280527031865375,39.12585176452258,0.0,241.0,0.0,0.0,0.0,0.0,16.0,54.0,84.0,111.0,163.0,54.0,241.0,5.544825236882973,0.8250434323102913,1.212057403087004,0.6806966651983462,39.12585176452258,1.0,1.4639798652465257,2.2740011255284056,204452,54.507669281787415,37.681333465039565,6.0,241.0,6.0,7.0,10.0,28.0,48.0,71.0,105.0,130.0,179.0,43.0,235.0,6.908794998546054,1.4465430033774995,0.6913033333023099,2.092486660620397,37.681333465039565,0.8978102189781022,1.2369658615823746,1.9938995927867875,0.0328074246644973,0.0459535159170627,596.70263671875,47.32463455200195,167.1995849609375,6633.69970703125,252.02989196777344,12.542724609375,0.0,,0.0482957251369953,0.0209471248090267,4.728025325491204,1.1035979319783182,0.6715529788363149,0.1819973886913486,0.4263431678954444,0.8858592523564859
205_11,0,,173,205_11/0/173,0/173,3.png,C:\Users\u1021\Downloads\20260803\NASH_datasource_fromDrTsui_205\11\fast_035\0\173\3.png,475,735,349125,31.80121732903688,35.17250268528464,0.0,0.0,68.19878267096313,64.82749731471536,349125,42.97163766559255,47.56586816476251,0.0,240.0,0.0,0.0,0.0,0.0,23.0,77.0,110.0,134.0,179.0,77.0,240.0,5.756395369505245,0.9034132945233736,1.1069130884636629,0.8161555807215757,47.56586816476251,1.0,0.9474554599520826,0.1114426154194352,226329,66.07112654586906,44.40882027181984,6.0,240.0,6.0,7.0,9.0,29.0,64.0,93.0,125.0,149.0,187.0,64.0,234.0,7.096723575423052,1.4877928785646055,0.6721365684750292,2.213527649507556,44.40882027181984,0.9102564102564102,0.5739754567179134,-0.0344529293005249,0.0383043736219406,0.0513112023472785,786.9083251953125,55.25397109985352,190.5276336669922,8531.4140625,330.7902526855469,14.697265625,0.0,,0.0416180416941642,0.0189315415918827,6.128017852443377,1.342458834126096,0.6192280650669346,0.1013026521029963,0.3178419007322462,0.8997440766520731
205_11,0,,173,205_11/0/173,0/173,4.png,C:\Users\u1021\Downloads\20260803\NASH_datasource_fromDrTsui_205\11\fast_035\0\173\4.png,475,735,349125,31.80121732903688,34.380809165771566,0.0,0.0,68.19878267096313,65.61919083422842,349125,43.17135123523094,47.142880299380806,0.0,238.0,0.0,0.0,0.0,0.0,25.0,77.0,109.0,133.0,178.0,77.0,238.0,5.755187598762883,0.9157554854746108,1.091994550796196,0.8386081091768401,47.142880299380806,1.0,0.921168814443177,0.0774278184795167,229093,65.62511294539772,43.815314539359136,6.0,238.0,6.0,7.0,9.0,28.0,64.0,92.0,123.0,147.0,186.0,64.0,232.0,7.08759137794762,1.497766560284462,0.6676607867450824,2.2433046691063496,43.815314539359136,0.9090909090909092,0.5678311999855389,-0.0048936636839145,0.0375642552971839,0.0491191446781158,762.969482421875,54.18635177612305,179.43994140625,7956.486328125,312.72955322265625,14.4287109375,0.0,,0.0404926687479019,0.0186595655977726,5.688373347679183,1.2954749644322072,0.6295038875164723,0.0963853982790679,0.3099975703728297,0.9042535155586344
205_11,0,,173,205_11/0/173,0/173,5.png,C:\Users\u1021\Downloads\20260803\NASH_datasource_fromDrTsui_205\11\fast_035\0\173\5.png,475,735,349125,31.801503759398496,35.71271034729681,0.0,0.0,68.1984962406015,64.28728965270318,349125,40.10281704260652,43.57995463742028,0.0,238.0,0.0,0.0,0.0,0.0,27.0,70.0,100.0,123.0,167.0,70.0,238.0,5.700735422778635,0.9202124549292648,1.086705569614213,0.8467909622069444,43.57995463742028,1.0,0.9558673868912996,0.2804329184663015,224443,62.131342924484166,39.93138884809918,6.0,238.0,6.0,7.0,9.0,32.0,60.0,85.0,114.0,137.0,175.0,53.0,232.0,7.018402106834848,1.5559524653859302,0.6426931556369656,2.420988074540555,39.93138884809918,0.9027777777777778,0.6557174751359429,0.3301463182749691,0.036129280924797,0.0456974320113658,703.564453125,52.11640930175781,170.86688232421875,7061.361328125,273.1109924316406,14.2333984375,0.0,,0.0433122776448726,0.0206659976392984,5.116465118090608,1.259746520868575,0.6248733104457949,0.121584904278795,0.3483181061210244,0.8996724212122477
205_11,0,,174,205_11/0/174,0/174,1.png,C:\Users\u1021\Downloads\20260803\NASH_datasource_fromDrTsui_205\11\fast_035\0\174\1.png,475,735,349125,31.80264948084497,36.20107411385607,0.0,0.0,68.19735051915504,63.798925886143934,349125,34.75065664160401,38.596543950250094,0.0,241.0,0.0,0.0,0.0,0.0,26.0,56.0,86.0,113.0,161.0,56.0,241.0,5.642024773740913,0.9003566922053091,1.1106709248205031,0.8106421731988857,38.596543950250094,1.0,1.2869576148547133,1.5960563782482566,222738,54.20615700958077,35.894670679459786,6.0,241.0,6.0,9.0,14.0,29.0,47.0,70.0,103.0,129.0,170.0,41.0,235.0,6.922235188968029,1.5101449876401698,0.6621880734529016,2.2805378836947288,35.894670679459786,0.8695652173913043,1.2192161832179036,1.6618599175296325,0.0328248478472232,0.0393274314701557,563.80078125,47.34976959228516,157.2491455078125,5460.263671875,209.7652587890625,12.469482421875,1.4825797080993652,23.687530517578125,0.0433750562369823,0.0197969283908605,3.967367095497036,1.1195603688675018,0.6425305587842131,0.1217844215635333,0.348590223187155,0.9000765668030363
205_11,0,,174,205_11/0/174,0/174,2.png,C:\Users\u1021\Downloads\20260803\NASH_datasource_fromDrTsui_205\11\fast_035\0\174\2.png,475,735,349125,31.80207662012173,37.23250984604368,0.0,0.0,68.19792337987826,62.76749015395632,349125,36.82977443609023,41.34594409894192,0.0,241.0,0.0,0.0,0.0,0.0,25.0,62.0,91.0,117.0,171.0,62.0,241.0,5.677148758090114,0.8907711563667676,1.122622789088445,0.7934732530149883,41.34594409894192,1.0,1.2126018069302789,1.2651379148702482,219137,58.339166822581305,38.46684827094625,6.0,241.0,6.0,7.0,11.0,31.0,53.0,77.0,108.0,137.0,179.0,46.0,235.0,7.002972819561425,1.5166089618692384,0.6593657463077945,2.300102743222089,38.46684827094625,0.9027777777777778,1.0457529507454346,1.2842168349497776,0.0341757722198963,0.0420237928628921,587.11181640625,49.29846954345703,161.3062286376953,6105.0302734375,231.2799530029297,14.34326171875,0.0,,0.0393168441951274,0.0180862955749034,4.394362105228007,1.1555820416796632,0.6436032839073947,0.140749747324766,0.3748103461018948,0.9049775564785704
205_11,0,,174,205_11/0/174,0/174,3.png,C:\Users\u1021\Downloads\20260803\NASH_datasource_fromDrTsui_205\11\fast_035\0\174\3.png,475,735,349125,31.80179018976012,36.2781238811314,0.0,0.0,68.19820981023989,63.7218761188686,349125,40.66468456856427,43.54499940882875,0.0,237.0,0.0,0.0,0.0,0.0,32.0,69.0,98.0,122.0,174.0,69.0,237.0,5.742722220513745,0.9338542914371816,1.0708308664095996,0.8720838376356408,43.54499940882875,1.0,1.0182816132344668,0.6410551576729024,222469,63.54126642363655,39.14209628591067,6.0,237.0,6.0,8.0,13.0,36.0,60.0,84.0,113.0,141.0,182.0,48.0,231.0,7.085612395795474,1.6233485799918297,0.6160106414144478,2.6352606121614897,39.14209628591067,0.8926174496644296,0.8651213019608641,0.9272614158466564,0.0362372510135173,0.044615238904953,654.1033935546875,52.27214813232422,167.18429565429688,6874.2509765625,257.1202392578125,15.2587890625,1.4825797080993652,27.726667404174805,0.0400975570082664,0.0186371114104986,4.938305043400402,1.2380903194062178,0.6270255825079604,0.1296973056065067,0.3597580007540051,0.9032073413702814
205_11,0,,174,205_11/0/174,0/174,4.png,C:\Users\u1021\Downloads\20260803\NASH_datasource_fromDrTsui_205\11\fast_035\0\174\4.png,475,735,349125,31.80121732903688,34.16340852130325,0.0,0.0,68.19878267096313,65.83659147869673,349125,42.29130540637308,44.12968187633398,0.0,241.0,0.0,0.0,0.0,0.0,34.0,71.0,100.0,125.0,178.0,71.0,241.0,5.79219826643546,0.9583414973370384,1.0434693715953225,0.9184184255181967,44.12968187633398,1.0,1.0121961909652717,0.71607019285499,229852,64.09442162783009,39.57187384345508,6.0,241.0,6.0,10.0,16.0,35.0,60.0,85.0,114.0,143.0,186.0,50.0,235.0,7.133976949065004,1.6196964005643335,0.6173996556710138,2.623416430001057,39.57187384345508,0.869281045751634,0.9342973697001362,1.095045884943671,0.0377092882990837,0.0445420332252979,736.7115478515625,54.39555740356445,175.91629028320312,7087.16845703125,253.96051025390625,15.643310546875,1.4825797080993652,28.831335067749023,0.0442178286612033,0.0210345648229122,5.054025606374815,1.2891081688046355,0.610433772992967,0.1019646628002216,0.318859966878212,0.9023404346548402
205_11,0,,174,205_11/0/174,0/174,5.png,C:\Users\u1021\Downloads\20260803\NASH_datasource_fromDrTsui_205\11\fast_035\0\174\5.png,475,735,349125,31.80179018976012,33.85979233798783,0.0,0.0,68.19820981023989,66.14020766201217,349125,43.01556176154672,43.70956583207664,0.0,238.0,0.0,0.0,0.0,0.0,37.0,72.0,100.0,122.0,175.0,72.0,238.0,5.783511984365156,0.984122375564284,1.0161337907052586,0.9684968500862896,43.70956583207664,1.0,0.9205866186096598,0.4943947685215279,230912,64.91499792128603,38.363158507723824,6.0,238.0,6.0,10.0,17.0,37.0,61.0,85.0,112.0,139.0,183.0,48.0,232.0,7.118443577708127,1.692118179169643,0.5909752712961931,2.8632639322763875,38.363158507723824,0.8657718120805369,0.870940153894648,1.059577091278774,0.0387938767671585,0.0438725836575031,741.8651123046875,55.9600830078125,171.12564086914062,7136.66162109375,258.8612976074219,16.790771484375,1.4825797080993652,29.324159622192383,0.0456666387617588,0.0215279292315244,5.054642052193047,1.3204959911892502,0.5990036357484853,0.0976864566356436,0.3120795406719422,0.8996229103432327
205_11,0,,175,205_11/0/175,0/175,1.png,C:\Users\u1021\Downloads\20260803\NASH_datasource_fromDrTsui_205\11\fast_035\0\175\1.png,475,735,349125,31.80179018976012,33.18037952022914,0.0,0.0,68.19820981023989,66.81962047977086,349125,37.12764196204797,39.26140746851628,0.0,238.0,0.0,0.0,0.0,0.0,30.0,57.0,89.0,120.0,161.0,57.0,238.0,5.660954530187397,0.9456523429991814,1.0574710752880414,0.8942583538198413,39.26140746851628,1.0,1.2163675880645382,1.3380311946535333,233284,55.48318787400765,35.93230557023457,6.0,238.0,7.0,12.0,18.0,30.0,47.0,71.0,108.0,133.0,168.0,41.0,232.0,6.935880986312303,1.544103196093505,0.6476251085613606,2.384254680186177,35.93230557023457,0.8344827586206897,1.2502226265842598,1.507511416031507,0.0344755537807941,0.0406472533941268,614.047607421875,49.73091125488281,161.87924194335938,5911.05859375,212.91989135742188,12.042236328125,1.4825797080993652,25.31190490722656,0.0479624532163143,0.02117027528584,4.231463427789702,1.1760072041332337,0.6224598338657558,0.0933990412377705,0.3051368745067443,0.89585020445434
205_11,0,,175,205_11/0/175,0/175,2.png,C:\Users\u1021\Downloads\20260803\NASH_datasource_fromDrTsui_205\11\fast_035\0\175\2.png,475,735,349125,31.801503759398496,33.16978159684927,0.0,0.0,68.1984962406015,66.83021840315074,349125,40.45221052631579,43.093390616261104,0.0,239.0,0.0,0.0,0.0,0.0,33.0,63.0,96.0,130.0,179.0,63.0,239.0,5.754623168396543,0.9387103207203036,1.0652913661721186,0.8811770662268155,43.093390616261104,1.0,1.232881689307835,1.4251998205459255,233321,60.44751222564621,39.66176009022711,6.0,239.0,7.0,11.0,18.0,33.0,53.0,77.0,115.0,147.0,187.0,44.0,233.0,7.077760698866028,1.5240753836474554,0.656135523694881,2.3228057750401385,39.66176009022711,0.8607594936708861,1.2464794938136892,1.5953627233618537,0.0350106321275234,0.03923324868083,645.024658203125,50.50276184082031,157.02865600585938,5753.3955078125,222.00645446777344,14.764404296875,1.4825797080993652,27.578914642333984,0.0389703027904033,0.0187901929020881,4.167572278492051,1.1976843719918475,0.6158831319607994,0.092948709200521,0.3043927108618499,0.916569959635964
205_11,0,,175,205_11/0/175,0/175,3.png,C:\Users\u1021\Downloads\20260803\NASH_datasource_fromDrTsui_205\11\fast_035\0\175\3.png,475,735,349125,31.80179018976012,33.122807017543856,0.0,0.0,68.19820981023989,66.87719298245614,349125,42.52907411385607,43.2962678725955,0.0,240.0,0.0,0.0,0.0,0.0,37.0,68.0,99.0,129.0,175.0,68.0,240.0,5.765657190458379,0.9822803720404496,1.0180392772409188,0.964874729295924,43.2962678725955,1.0,1.0228977939363746,0.7859910806294708,233485,63.513189284108186,38.38326688425191,6.0,240.0,7.0,12.0,19.0,37.0,58.0,81.0,116.0,144.0,183.0,44.0,234.0,7.094699975196265,1.6547103579181457,0.6043353721784507,2.738066368601598,38.38326688425191,0.8461538461538461,1.0585560184610778,1.2308092546302118,0.0377316512167453,0.0431347042322158,702.8927001953125,54.42782211303711,171.40011596679688,6833.9287109375,267.4623718261719,16.278076171875,1.4825797080993652,28.991107940673828,0.0442247502505779,0.0198140330612659,4.894830955113762,1.2913266595748254,0.6019010995456165,0.0922238667897758,0.303220576787044,0.9015952999628272
205_11,0,,175,205_11/0/175,0/175,4.png,C:\Users\u1021\Downloads\20260803\NASH_datasource_fromDrTsui_205\11\fast_035\0\175\4.png,475,735,349125,31.80179018976012,34.62599355531687,0.0,0.0,68.19820981023989,65.37400644468315,349125,37.19092588614393,41.89949252993714,0.0,239.0,0.0,0.0,0.0,0.0,28.0,57.0,91.0,128.0,178.0,57.0,239.0,5.704031801341319,0.8876223467282105,1.126605254685188,0.7878734304112954,41.89949252993714,1.0,1.4219024645235827,2.004294650218551,228237,56.71956343625267,39.791585200287614,6.0,239.0,6.0,9.0,15.0,29.0,48.0,71.0,114.0,146.0,185.0,42.0,233.0,7.002250935626157,1.425416030820574,0.7015495675492905,2.03181086092028,39.791585200287614,0.8838709677419355,1.3712647114692813,1.8228882771243928,0.0324512235820293,0.038287628442049,547.3045654296875,46.81081771850586,152.58990478515625,5241.5849609375,199.24969482421875,11.95068359375,1.4825797080993652,25.35200309753418,0.0352667942643165,0.0164301581680774,3.7802360699575694,1.109719890751276,0.6372541142903291,0.1094569885146568,0.3304324409119383,0.9211615847259402
205_11,0,,175,205_11/0/175,0/175,5.png,C:\Users\u1021\Downloads\20260803\NASH_datasource_fromDrTsui_205\11\fast_035\0\175\5.png,475,735,349125,31.80121732903688,33.393483709273184,0.0,0.0,68.19878267096313,66.60651629072682,349125,39.75697815968493,43.27026356211128,0.0,240.0,0.0,0.0,0.0,0.0,31.0,61.0,97.0,132.0,181.0,61.0,240.0,5.750772084295516,0.9188060087181285,1.0883690251385592,0.8442044816565375,43.27026356211128,1.0,1.3111018994726906,1.6222385778699442,232540,59.59383761933431,40.40105042679364,6.0,240.0,6.0,11.0,17.0,31.0,51.0,75.0,118.0,148.0,188.0,44.0,234.0,7.070378053369742,1.47505663812672,0.6779400696572381,2.175792085681701,40.40105042679364,0.8616352201257862,1.2985325398919532,1.6137163308089502,0.0340699106454849,0.0395572334527969,623.4866943359375,49.1457633972168,158.80332946777344,5671.2890625,218.63275146484372,13.165283203125,1.4825797080993652,27.105398178100582,0.0374756231904029,0.0176648125052452,4.088550022389594,1.1658495410524976,0.6242554666819448,0.0960660601284203,0.3094723474432512,0.9193465469367266
205_11,0,,180,205_11/0/180,0/180,1.png,C:\Users\u1021\Downloads\20260803\NASH_datasource_fromDrTsui_205\11\fast_035\0\180\1.png,475,735,349125,31.80121732903688,33.641245972073044,0.0,0.0,68.19878267096313,66.35875402792696,349125,46.79698961689939,47.2809632708838,0.0,242.0,0.0,0.0,0.0,0.0,41.0,75.0,111.0,140.0,185.0,75.0,242.0,5.858151001016736,0.9897638791491702,1.010341982634918,0.979632536468413,47.2809632708838,1.0,0.9286847280450816,0.3879273480967327,231675,70.41162835869213,41.36077808033621,6.0,242.0,6.0,13.0,23.0,41.0,64.0,91.0,128.0,156.0,192.0,50.0,236.0,7.231225417183854,1.7023767836748531,0.5874140258429392,2.8980867135951383,41.36077808033621,0.8461538461538461,0.9166103557348556,0.7453557264929676,0.0418533012270927,0.0487178787589073,788.2640380859375,60.373291015625,191.9364318847656,8583.5703125,314.33648681640625,17.07763671875,1.4825797080993652,31.90157699584961,0.0423280335962772,0.0189510062336921,6.048226810749985,1.4270321057659832,0.5865933403446225,0.0973012203511804,0.3114617930264175,0.8986827094309451
205_11,0,,180,205_11/0/180,0/180,2.png,C:\Users\u1021\Downloads\20260803\NASH_datasource_fromDrTsui_205\11\fast_035\0\180\2.png,475,735,349125,31.80121732903688,32.340565699964195,0.0,0.0,68.19878267096313,67.6594343000358,349125,42.390719656283565,43.48490970216865,0.0,241.0,0.0,0.0,0.0,0.0,35.0,67.0,100.0,128.0,179.0,67.0,241.0,5.764951278057009,0.974837476876938,1.0258120186389168,0.9503081063237944,43.48490970216865,1.0,1.1022779300273071,1.0208040203377813,236216,62.62030091103058,39.10565528251068,6.0,241.0,8.0,14.0,20.0,34.0,55.0,81.0,115.0,146.0,185.85000000000585,47.0,235.0,7.1056502258900025,1.601310615015737,0.6244884600294568,2.5641956857620776,39.10565528251068,0.825,1.1558977524660934,1.360766764090604,0.0380682125687599,0.042372278869152,695.8262939453125,54.91331100463867,166.9559326171875,6751.3603515625,243.683349609375,15.924072265625,1.4825797080993652,28.901485443115234,0.0447450540959835,0.0203154645860195,4.770695913879334,1.2916023741749083,0.5986801627415825,0.084513270067724,0.2901928104498128,0.9045474727694746
205_11,0,,180,205_11/0/180,0/180,3.png,C:\Users\u1021\Downloads\20260803\NASH_datasource_fromDrTsui_205\11\fast_035\0\180\3.png,475,735,349125,31.80121732903688,31.83530254206946,0.0,0.0,68.19878267096313,68.16469745793054,349125,48.99348370927319,46.26691391366734,0.0,241.0,0.0,0.0,0.0,0.0,46.0,76.0,109.0,141.0,184.0,76.0,241.0,5.763333431185165,1.0589313088980508,0.9443483175888188,1.1213355169645387,46.26691391366734,1.0,0.857811622626874,0.42373846510994,237980,71.87302294310446,38.678788727158704,6.0,241.0,14.0,23.0,30.0,45.0,64.0,89.0,126.0,155.0,190.0,44.0,235.0,7.124427887581788,1.8582025267155815,0.5381544721971315,3.452916630292172,38.678788727158704,0.7415730337078652,1.1212711768999242,1.2064705756835927,0.0430293306708335,0.0477616973221302,845.3809814453125,62.06970977783203,186.6815490722656,8599.3271484375,325.0796813964844,18.0908203125,1.4825797080993652,33.39989471435547,0.045589655637741,0.0214375499635934,6.187501741564187,1.4792325084617322,0.5656615373532553,0.0795471347903694,0.2815100995511266,0.8891009639739873
205_11,0,,180,205_11/0/180,0/180,4.png,C:\Users\u1021\Downloads\20260803\NASH_datasource_fromDrTsui_205\11\fast_035\0\180\4.png,475,735,349125,31.80121732903688,31.992552810597925,0.0,0.0,68.19878267096313,68.00744718940209,349125,48.56246616541353,46.73292713848085,0.0,238.0,0.0,0.0,0.0,0.0,45.0,76.0,110.0,141.0,185.0,76.0,238.0,5.808231761318306,1.0391488215902105,0.962326068435221,1.0798302734123226,46.73292713848085,1.0,0.880665423638439,0.4187022398193156,237431,71.39552122511382,39.770808680457264,6.0,238.0,10.0,19.0,27.0,44.0,64.0,90.0,127.0,156.0,192.0,46.0,232.0,7.181456692866669,1.795173988005842,0.5570490697176622,3.2226496472127986,39.770808680457264,0.7828571428571428,1.0446499247954164,1.0546763827817944,0.0427915751934051,0.0481948517262935,819.6220703125,61.72675323486328,189.9125518798828,8643.357421875,321.2196655273437,17.498779296875,1.4825797080993652,33.10813522338867,0.0436648875474929,0.0200358312577009,6.181340674422877,1.4634904977834262,0.571884037561221,0.0801186060158165,0.2825253145205412,0.8922182382888391
205_11,0,,180,205_11/0/180,0/180,5.png,C:\Users\u1021\Downloads\20260803\NASH_datasource_fromDrTsui_205\11\fast_035\0\180\5.png,475,735,349125,31.801503759398496,34.147941281775864,0.0,0.0,68.1984962406015,65.85205871822413,349125,44.37245399212316,45.851770317158426,0.0,241.0,0.0,0.0,0.0,0.0,38.0,72.0,105.0,136.0,183.0,72.0,241.0,5.827814117266025,0.9677369856212142,1.0333386187137152,0.9365148733392342,45.851770317158426,1.0,1.0197711847650524,0.6868836462447154,229906,67.24396492479535,40.74517475632143,6.0,241.0,6.0,12.0,21.0,39.0,61.0,87.0,123.0,153.0,191.0,48.0,235.0,7.186134938527839,1.6503540683516824,0.6059305813077832,2.7236685509249496,40.74517475632143,0.8545454545454545,1.004763771397826,1.0186069588631828,0.0394006222486496,0.0472390204668045,752.8704833984375,56.83531188964844,177.79200744628906,7873.609375,281.1508483886719,16.595458984375,1.4825797080993652,30.249372482299805,0.0431451350450515,0.0200546123087406,5.582587581179376,1.3455769359242595,0.601089751183708,0.101161610081765,0.317599135778537,0.9006063837568158
205_11,0,,181,205_11/0/181,0/181,1.png,C:\Users\u1021\Downloads\20260803\NASH_datasource_fromDrTsui_205\11\fast_035\0\181\1.png,475,735,349125,31.80121732903688,33.070390261367706,0.0,0.0,68.19878267096313,66.9296097386323,349125,25.51967633369137,30.849447665907867,0.0,195.0,0.0,0.0,0.0,0.0,17.0,36.0,65.0,95.0,138.0,36.0,195.0,5.302074841492481,0.8272328441683416,1.208849487843232,0.6843141784708436,30.849447665907867,1.0,1.82507208837928,3.5540706823351336,233668,38.05096975195577,30.76931678965816,6.0,195.0,6.0,9.0,11.0,17.0,28.0,47.0,83.0,110.0,144.0,30.0,189.0,6.403727991797643,1.2366530596722591,0.8086342342977121,1.5293107899967595,30.76931678965816,0.8487394957983193,1.7363610996291736,2.8142220529088773,0.0246233269572258,0.0284948553889989,335.39990234375,35.51909637451172,117.38824462890624,2951.12548828125,113.87537384033205,8.441162109375,1.4825797080993652,17.399621963500977,0.038200955837965,0.0188852474093437,2.216361260502724,0.8423599598561773,0.688309538262569,0.0965575775176573,0.3101823729695944,0.9121893671616736
205_11,0,,181,205_11/0/181,0/181,2.png,C:\Users\u1021\Downloads\20260803\NASH_datasource_fromDrTsui_205\11\fast_035\0\181\2.png,475,735,349125,31.80121732903688,31.855066237021123,0.0,0.0,68.19878267096313,68.14493376297888,349125,44.572875044754745,44.95352406451947,0.0,241.0,0.0,0.0,0.0,0.0,38.0,67.0,104.0,138.0,185.7600000000093,67.0,241.0,5.739102709631739,0.9915323875561256,1.0085399252209448,0.9831364755727512,44.95352406451947,1.0,1.1319096071407206,1.126286507330276,237911,65.40550457944357,40.037999809338686,6.0,241.0,11.0,19.0,25.0,37.0,55.0,82.0,123.0,154.0,192.0,45.0,235.0,7.087460103813773,1.6335857158425788,0.6121503085525054,2.6686022910049108,40.037999809338686,0.7803468208092486,1.2938457747927674,1.5143883906217157,0.0385306477546691,0.0415153056383132,697.2803955078125,55.58036804199219,169.13780212402344,6675.4794921875,265.96826171875,15.75927734375,1.4825797080993652,30.38675117492676,0.0376817248761653,0.0185921248048543,4.896239470222957,1.3243101184176946,0.5875497336400565,0.0807691651230952,0.2836654598102022,0.9090012008639912
205_11,0,,181,205_11/0/181,0/181,3.png,C:\Users\u1021\Downloads\20260803\NASH_datasource_fromDrTsui_205\11\fast_035\0\181\3.png,475,735,349125,31.80121732903688,31.860508413891875,0.0,0.0,68.19878267096313,68.13949158610812,349125,43.53947440028643,44.94347050404802,0.0,239.0,0.0,0.0,0.0,0.0,36.0,65.0,103.0,139.0,188.0,65.0,239.0,5.725824710508633,0.9687608436105276,1.032246510163484,0.9384975721129812,44.94347050404802,1.0,1.236192807808146,1.425719426196462,237892,63.893754308677885,40.79240371603705,6.0,239.0,11.0,18.0,24.0,35.0,53.0,80.0,123.0,156.0,194.0,45.0,233.0,7.0675988051563605,1.5663150118206643,0.6384411771918171,2.453342716254768,40.79240371603705,0.7931034482758621,1.3734358860651097,1.666988131517237,0.0367685928940773,0.0416296534240245,654.5609130859375,53.038604736328125,168.57638549804688,6419.1787109375,245.38206481933597,13.58642578125,1.4825797080993652,29.681621551513672,0.0351221710443496,0.0172968413680791,4.7144731192979545,1.2708090970003854,0.6003638992807646,0.0812174413993121,0.2844577988837706,0.913019369109324
205_11,0,,181,205_11/0/181,0/181,4.png,C:\Users\u1021\Downloads\20260803\NASH_datasource_fromDrTsui_205\11\fast_035\0\181\4.png,475,735,349125,31.80121732903688,31.849910490511995,0.0,0.0,68.19878267096313,68.15008950948801,349125,43.891027568922304,45.12431404772987,0.0,238.0,0.0,0.0,0.0,0.0,37.0,65.0,104.0,140.0,188.0,65.0,238.0,5.728208975556118,0.9726691362553884,1.028098829011714,0.9460852486238036,45.12431404772987,1.0,1.217921129682671,1.355696952532547,237929,64.40035472767086,40.83059512428764,6.0,238.0,11.0,19.0,24.0,36.0,53.0,81.0,124.0,156.0,194.0,45.0,232.0,7.071847862691058,1.5772573123570026,0.6340119599798413,2.4877406293836355,40.83059512428764,0.7828571428571428,1.3589069567226058,1.602800257286919,0.0373554155230522,0.0419370867311954,662.7872314453125,53.88510894775391,168.34487915039062,6563.146484375,253.01321411132807,13.63525390625,1.4825797080993652,29.92430877685547,0.0366733446717262,0.0172152258455753,4.750305867328144,1.282007381351516,0.5978889944915301,0.0811357024149919,0.2843187902588751,0.9131044150145357
205_11,0,,181,205_11/0/181,0/181,5.png,C:\Users\u1021\Downloads\20260803\NASH_datasource_fromDrTsui_205\11\fast_035\0\181\5.png,475,735,349125,31.80121732903688,31.873397780164694,0.0,0.0,68.19878267096313,68.12660221983529,349125,43.65586537773004,45.6272898284608,0.0,239.0,0.0,0.0,0.0,0.0,36.0,65.0,106.0,141.0,189.0,65.0,239.0,5.7466776477902215,0.9567928654508634,1.045158295080698,0.915452587377674,45.6272898284608,1.0,1.2506740217603778,1.3897131683976758,237847,64.07594798336746,41.80426068390123,6.0,239.0,11.0,18.0,23.0,35.0,52.0,82.0,125.0,158.0,196.0,47.0,233.0,7.097282578470173,1.532761181159772,0.6524173578321867,2.3493568384702987,41.80426068390123,0.7954545454545454,1.3374681273561269,1.4862090548717584,0.0372910499572753,0.0415876135230064,655.741943359375,53.79225158691406,168.86766052246094,6492.4111328125,250.17776489257807,14.361572265625,1.4825797080993652,29.759389877319336,0.0343817248940467,0.0162852071225643,4.704825143949211,1.278950422809605,0.5980142294972016,0.081304080596756,0.2846170942920501,0.9161913323795232
205_11,0,,182,205_11/0/182,0/182,1.png,C:\Users\u1021\Downloads\20260803\NASH_datasource_fromDrTsui_205\11\fast_035\0\182\1.png,475,735,349125,31.80264948084497,39.177085571070535,0.0,0.0,68.19735051915504,60.822914428929465,349125,29.314325814536343,37.02184533110896,0.0,242.0,0.0,0.0,0.0,0.0,12.0,48.0,84.0,108.0,150.0,48.0,242.0,5.507525855301036,0.7918115791463238,1.2629267193568077,0.626965576870195,37.02184533110896,1.0,1.4688865164491671,1.7175282312047262,212348,47.72139601032268,37.24210271374413,6.0,242.0,6.0,7.0,8.0,17.0,39.0,68.0,102.0,123.0,158.0,51.0,236.0,6.782645488549502,1.2813829653262618,0.7804068159633939,1.6419423038283238,37.24210271374413,0.8923076923076924,1.0625642960797288,0.7209841688539256,0.0294107496738433,0.0415460877120494,491.8580322265625,42.42494201660156,149.26284790039062,5391.4970703125,196.72662353515625,11.24267578125,0.0,,0.0448593236505985,0.0193885210901498,3.785008713081192,0.9851367168964726,0.692906313850285,0.1626115536953201,0.4029302564565415,0.8981930415510074
205_11,0,,182,205_11/0/182,0/182,2.png,C:\Users\u1021\Downloads\20260803\NASH_datasource_fromDrTsui_205\11\fast_035\0\182\2.png,475,735,349125,31.80207662012173,39.01238811314,0.0,0.0,68.19792337987826,60.98761188686,349125,31.32295023272467,38.31919253597876,0.0,240.0,0.0,0.0,0.0,0.0,13.0,53.0,86.0,111.0,154.0,53.0,240.0,5.554264633929373,0.8174219799468593,1.2233583443217542,0.6681786933002436,38.31919253597876,1.0,1.3762838520411411,1.518701339139521,212923,50.895821494155165,37.736454784328494,6.0,240.0,6.0,7.0,8.0,20.0,44.0,71.0,104.0,126.0,164.0,51.0,234.0,6.854593393473328,1.3487176202702431,0.7414450474811988,1.819039219227428,37.736454784328494,0.8947368421052632,1.0109345108199668,0.813026068848548,0.030426250770688,0.0413598082959651,543.0340576171875,43.88979721069336,147.3807830810547,5485.80078125,210.6515350341797,12.36572265625,0.0,,0.0469077602028846,0.0212825015187263,3.9227607323212137,1.033752099133314,0.6774678139569069,0.1672831128358475,0.4087060862362839,0.9004899398993039
205_11,0,,182,205_11/0/182,0/182,3.png,C:\Users\u1021\Downloads\20260803\NASH_datasource_fromDrTsui_205\11\fast_035\0\182\3.png,475,735,349125,31.804081632653062,40.537629788757606,0.0,0.0,68.19591836734695,59.46237021124239,349125,28.96529609738632,35.992547246524225,0.0,241.0,0.0,0.0,0.0,0.0,12.0,49.0,81.0,104.0,146.0,49.0,241.0,5.487043370105916,0.804758160043354,1.242609332406307,0.6476356961563645,35.992547246524225,1.0,1.424356741048717,1.6770877155953796,207598,48.151653676817695,35.61880821264057,6.0,241.0,6.0,7.0,8.0,19.0,41.0,67.0,98.0,120.0,155.0,48.0,235.0,6.783862226959485,1.3518603258524915,0.739721390498973,1.8275263406140052,35.61880821264057,0.889763779527559,1.0389339532529287,0.8665480381099657,0.0283765867352485,0.0387818180024623,488.908203125,40.93316268920898,141.9717559814453,4805.1083984375,178.45188903808594,11.212158203125,0.0,,0.0466779842972755,0.0210059732198715,3.4034897292149418,0.9570912560441874,0.6927672899404386,0.1710333481800054,0.4132578640415085,0.9019672865011216
205_11,0,,182,205_11/0/182,0/182,4.png,C:\Users\u1021\Downloads\20260803\NASH_datasource_fromDrTsui_205\11\fast_035\0\182\4.png,475,735,349125,31.801503759398496,33.53727175080559,0.0,0.0,68.1984962406015,66.46272824919441,349125,41.83804081632653,47.50295420907101,0.0,241.0,0.0,0.0,0.0,0.0,21.0,73.0,111.0,138.0,181.0,73.0,241.0,5.81050211241974,0.8807460822791792,1.1354010197947375,0.7757136614501227,47.50295420907101,1.0,1.091246747917675,0.4373790348848327,232038,62.838517828976286,45.60370989925534,6.0,241.0,6.0,8.0,10.0,22.0,57.0,91.0,128.0,152.0,188.0,69.0,235.0,7.166177095127889,1.3779255671916808,0.7257286052381462,1.8986788687205152,45.60370989925534,0.9,0.7606556153070001,0.0192781212400681,0.0371036455035209,0.0498326271772384,741.035888671875,53.52192687988281,173.36666870117188,8031.828125,299.7191162109375,14.74609375,1.4825797080993652,28.52512550354004,0.0416316725313663,0.0182741656899452,5.622921763179986,1.2541099286809598,0.6385346796894129,0.0946251438670802,0.307105570382195,0.907874662015192
205_11,0,,182,205_11/0/182,0/182,5.png,C:\Users\u1021\Downloads\20260803\NASH_datasource_fromDrTsui_205\11\fast_035\0\182\5.png,475,735,349125,31.80121732903688,34.84110275689223,0.0,0.0,68.19878267096313,65.15889724310777,349125,37.7689194414608,44.78124247183717,0.0,241.0,0.0,0.0,0.0,0.0,16.0,66.0,104.0,130.0,173.0,66.0,241.0,5.724213570420003,0.8434093686706793,1.1856638509673274,0.711339363161474,44.78124247183717,1.0,1.2079447844116356,0.7534029084182663,227486,57.76970450928848,43.91701064223015,6.0,241.0,6.0,7.0,9.0,18.0,51.0,85.0,120.0,144.0,180.0,67.0,235.0,7.043906983406379,1.3154288888173489,0.7602083309110396,1.7303531615352443,43.91701064223015,0.9072847682119204,0.8361031760824331,0.1337370113937148,0.0344168357551097,0.048373594880104,676.8970947265625,49.64620590209961,170.2496795654297,7333.82763671875,269.95623779296875,12.957763671875,0.0,,0.0417847484350204,0.0182307139039039,5.150181965286395,1.1869005682669993,0.6480250720890373,0.1033854123631414,0.3210865053630292,0.905262626532565
205_11,0,,185,205_11/0/185,0/185,1.png,C:\Users\u1021\Downloads\20260803\NASH_datasource_fromDrTsui_205\11\fast_035\0\185\1.png,475,735,349125,31.80264948084497,37.20358037952023,0.0,0.0,68.19735051915504,62.79641962047977,349125,39.55780880773362,44.02024247199461,0.0,241.0,0.0,0.0,0.0,0.0,25.0,70.0,100.0,124.0,171.0,70.0,241.0,5.720605397967299,0.898627690042826,1.1128079081920377,0.8075317253117055,44.02024247199461,1.0,1.0449484728123637,0.5610734232341401,219238,62.65407000611208,40.62938875387578,6.0,241.0,6.0,7.0,10.0,32.0,60.0,85.0,115.0,140.0,181.0,53.0,235.0,7.074820776310655,1.5420874378804257,0.6484716595412281,2.378033666068615,40.62938875387578,0.9047619047619048,0.7527641912631612,0.5533035879993178,0.0338160768151283,0.0419965907931327,672.404052734375,48.77961730957031,155.38983154296875,6049.3857421875,231.3374938964844,14.68505859375,0.0,,0.0394260920584201,0.0187858361750841,4.371260685744816,1.1581722247163333,0.6432993358278646,0.1466326740997699,0.3825929151908684,0.9172253703833464
205_11,0,,185,205_11/0/185,0/185,2.png,C:\Users\u1021\Downloads\20260803\NASH_datasource_fromDrTsui_205\11\fast_035\0\185\2.png,475,735,349125,31.801503759398496,38.07690655209452,0.0,0.0,68.1984962406015,61.92309344790547,349125,38.241380594343,42.7120274798752,0.0,234.0,0.0,0.0,0.0,0.0,24.0,67.0,96.0,120.0,168.0,67.0,234.0,5.687271969302994,0.8953304923855779,1.1169060011968694,0.8016166905954014,42.7120274798752,1.0,1.0675496533250757,0.6637287098395266,216189,61.36054563368164,39.255266128287815,6.0,234.0,6.0,7.0,10.0,32.0,58.0,83.0,112.0,136.0,178.0,51.0,228.0,7.04226854386896,1.5631162818550983,0.6397476704760602,2.443332510600508,39.255266128287815,0.902097902097902,0.7923948267691369,0.702060794007068,0.0342671796679496,0.0421036183834075,650.203369140625,49.43032836914063,159.21420288085938,6132.021484375,232.6373443603516,14.910888671875,0.0,,0.0422672256827354,0.019128430634737,4.368831983551939,1.1635374380025258,0.6430715433271537,0.1525940911308495,0.3903101201884422,0.9119778838481516
205_11,0,,185,205_11/0/185,0/185,3.png,C:\Users\u1021\Downloads\20260803\NASH_datasource_fromDrTsui_205\11\fast_035\0\185\3.png,475,735,349125,31.80207662012173,36.95810955961332,0.0,0.0,68.19792337987826,63.04189044038668,349125,41.27246974579305,43.64561582798241,0.0,237.0,0.0,0.0,0.0,0.0,32.0,72.0,100.0,122.0,167.0,72.0,237.0,5.721506095181367,0.9456269309718878,1.0574994929260626,0.8942102925793113,43.64561582798241,1.0,0.8881891770368696,0.1793185851109013,220095,65.14761353052091,38.44719835006393,6.0,237.0,6.0,7.0,12.0,38.0,63.0,87.0,114.0,137.0,176.0,49.0,231.0,7.0678005573919,1.694469722796137,0.590155130272759,2.871227641472817,38.44719835006393,0.9027777777777778,0.6579038914187075,0.5357273689314623,0.0357738323509693,0.0428396724164485,696.996826171875,51.60367202758789,161.0074462890625,6481.70068359375,253.81027221679688,15.73486328125,1.4825797080993652,28.13789749145508,0.0426576621830463,0.0197987537831068,4.602667233202948,1.216076287426181,0.628733234138039,0.1397763977813733,0.3735214373448124,0.9100109539654918
205_11,0,,185,205_11/0/185,0/185,4.png,C:\Users\u1021\Downloads\20260803\NASH_datasource_fromDrTsui_205\11\fast_035\0\185\4.png,475,735,349125,31.801503759398496,33.13970640887934,0.0,0.0,68.1984962406015,66.86029359112065,349125,48.90117006802721,47.08863460211824,0.0,238.0,0.0,0.0,0.0,0.0,45.0,82.0,112.0,135.0,177.0,82.0,238.0,5.853515686046846,1.0384919945380502,0.9629347219424907,1.0784656227196174,47.08863460211824,1.0,0.687368286503814,-0.227332259285764,233426,73.05886233752881,39.43393129168129,6.0,238.0,7.0,13.0,23.0,45.0,70.0,95.0,125.0,148.0,184.0,50.0,232.0,7.225932308789247,1.852690308687047,0.5397556166355044,3.4324613799029056,39.43393129168129,0.8385093167701864,0.6193329835222989,0.3629378225954847,0.0405536107718944,0.0460249483585357,830.5635986328125,58.498497009277344,174.07810974121094,7829.82373046875,302.90582275390625,17.718505859375,1.4825797080993652,33.33559036254883,0.0435600616037845,0.0203858222812414,5.609600091563316,1.3897084134939215,0.5853180034190731,0.0927559044145682,0.304087396622943,0.9037147984462064
205_11,0,,185,205_11/0/185,0/185,5.png,C:\Users\u1021\Downloads\20260803\NASH_datasource_fromDrTsui_205\11\fast_035\0\185\5.png,475,735,349125,31.80236305048335,34.29001074113856,0.0,0.0,68.19763694951665,65.70998925886144,349125,43.06633440744719,44.27411042936236,0.0,241.0,0.0,0.0,0.0,0.0,36.0,72.0,102.0,127.0,173.0,72.0,241.0,5.799935188659136,0.9727204903677932,1.02804455123783,0.9461851523813604,44.27411042936236,1.0,0.9155780980208652,0.3220993063885919,229410,65.3903360795083,39.104261421245546,6.0,241.0,6.0,10.0,17.0,37.0,61.0,87.0,117.0,143.0,180.0,50.0,235.0,7.146382705466557,1.6722048621529877,0.5980128527508799,2.7962691010080927,39.104261421245546,0.869281045751634,0.8080315673292262,0.6508692910079654,0.0363814085721969,0.0430906079709529,731.53515625,52.480098724365234,160.54464721679688,6617.791015625,253.71800231933597,16.05224609375,1.4825797080993652,29.358327865600582,0.0420131832361221,0.0207219440490007,4.775109420897627,1.2507117876735967,0.6128789587816401,0.1053117642957559,0.3240718411887764,0.9084446347216956
205_11,0,,187,205_11/0/187,0/187,1.png,C:\Users\u1021\Downloads\20260803\NASH_datasource_fromDrTsui_205\11\fast_035\0\187\1.png,475,735,349125,31.80121732903688,33.43329752953813,0.0,0.0,68.19878267096313,66.56670247046186,349125,38.56615252416756,44.43036921229108,0.0,240.0,0.0,0.0,0.0,0.0,27.0,57.0,104.0,137.0,181.0,57.0,240.0,5.751892834392575,0.8680133252977503,1.1520560466706833,0.7534471328944581,44.43036921229108,1.0,1.419677126572068,1.6349380642740057,232401,57.83814613534365,43.060866471701615,6.0,240.0,6.0,11.0,16.0,27.0,44.0,77.0,124.0,152.0,188.0,50.0,234.0,7.072177435707612,1.3431719069878272,0.7445063396557942,1.8041107717213165,43.060866471701615,0.8650306748466258,1.2663624083903156,1.065167366041203,0.0313427448272705,0.0381453856825828,534.3526611328125,45.21183776855469,146.7125244140625,5071.8203125,204.6961212158203,10.565185546875,1.4825797080993652,26.292449951171875,0.029411818832159,0.0138962380588054,3.7573894927998857,1.0854625033929826,0.6436636003743669,0.0990806987353192,0.314298257339681,0.9310856716339754
205_11,0,,187,205_11/0/187,0/187,2.png,C:\Users\u1021\Downloads\20260803\NASH_datasource_fromDrTsui_205\11\fast_035\0\187\2.png,475,735,349125,31.80121732903688,33.37400644468313,0.0,0.0,68.19878267096313,66.62599355531687,349125,40.73535839598998,45.2932568995423,0.0,241.0,0.0,0.0,0.0,0.0,30.0,62.0,106.0,139.0,183.0,62.0,241.0,5.793161723116673,0.8993691596596495,1.1118904726268717,0.8088648853469039,45.2932568995423,1.0,1.3029993476345696,1.322315355078616,232608,61.04532518228092,42.92707023377271,6.0,241.0,6.0,11.0,18.0,30.0,49.0,81.0,126.0,154.0,191.0,51.0,235.0,7.134874052188577,1.4220706153445744,0.703199960121316,2.0222848350264964,42.92707023377271,0.8666666666666667,1.1946181259417374,0.9867165955256904,0.0332590229809284,0.0391478799283504,577.8480224609375,47.97606658935547,146.86590576171875,5490.646484375,221.39224243164065,11.669921875,1.4825797080993652,27.772611618041992,0.0314614176750183,0.0148835675790905,4.012550513332484,1.1436913103299111,0.628876340757074,0.0988656227525517,0.3139715214555049,0.9288005772674832
205_11,0,,187,205_11/0/187,0/187,3.png,C:\Users\u1021\Downloads\20260803\NASH_datasource_fromDrTsui_205\11\fast_035\0\187\3.png,475,735,349125,31.801503759398496,33.67561761546724,0.0,0.0,68.1984962406015,66.32438238453277,349125,38.59282778374508,43.88084261940465,0.0,241.0,0.0,0.0,0.0,0.0,28.0,57.0,102.0,135.0,180.0,57.0,241.0,5.744649403875677,0.8794914928702589,1.1370206626291022,0.7735052860311566,43.88084261940465,1.0,1.4027120944015743,1.6561350541083382,231555,58.07574010494267,42.13752303865639,6.0,241.0,6.0,11.0,17.0,28.0,45.0,76.0,123.0,151.0,187.0,48.0,235.0,7.060666910979432,1.3782428561751192,0.7255615333100194,1.89955337059775,42.13752303865639,0.8641975308641975,1.2865766221087698,1.1979289022613813,0.0315515846014022,0.0380372703075408,535.091796875,45.51308822631836,145.77476501464844,5082.0126953125,201.9815216064453,10.870361328125,1.4825797080993652,26.3095760345459,0.0306628998368978,0.0144571512937545,3.7115313027492256,1.0829427657368011,0.6428377695125235,0.1028062039069718,0.3201889128569045,0.92991604556663
205_11,0,,187,205_11/0/187,0/187,4.png,C:\Users\u1021\Downloads\20260803\NASH_datasource_fromDrTsui_205\11\fast_035\0\187\4.png,475,735,349125,31.80121732903688,33.89445041174364,0.0,0.0,68.19878267096313,66.10554958825635,349125,37.471186537773,43.06431561448536,0.0,242.0,0.0,0.0,0.0,0.0,27.0,55.0,99.0,133.0,178.0,55.0,242.0,5.722369660653696,0.8701214916130927,1.1492647976619097,0.7571114101669935,43.06431561448536,1.0,1.4409873654629686,1.7868729556005674,230791,56.55967953689702,41.592179731436254,6.0,242.0,6.0,11.0,16.0,27.0,44.0,74.0,121.0,148.0,185.0,47.0,236.0,7.0262703735575744,1.3598633181070818,0.7353680231569092,1.8492282439332024,41.592179731436254,0.8616352201257862,1.3145162360029423,1.270477862511636,0.0310832615941762,0.0375520475208759,524.8369140625,44.83753204345703,144.1262969970703,4944.65771484375,195.44488525390625,10.986328125,1.4825797080993652,25.54660415649414,0.0313062071800231,0.014967237599194,3.6442291277069465,1.0710696085594924,0.6458600300489962,0.1038111273457473,0.3217419625022333,0.9284420315234306
205_11,0,,187,205_11/0/187,0/187,5.png,C:\Users\u1021\Downloads\20260803\NASH_datasource_fromDrTsui_205\11\fast_035\0\187\5.png,475,735,349125,31.80121732903688,33.89445041174364,0.0,0.0,68.19878267096313,66.10554958825635,349125,37.471186537773,43.06431561448536,0.0,242.0,0.0,0.0,0.0,0.0,27.0,55.0,99.0,133.0,178.0,55.0,242.0,5.722369660653696,0.8701214916130927,1.1492647976619097,0.7571114101669935,43.06431561448536,1.0,1.4409873654629686,1.7868729556005674,230791,56.55967953689702,41.592179731436254,6.0,242.0,6.0,11.0,16.0,27.0,44.0,74.0,121.0,148.0,185.0,47.0,236.0,7.0262703735575744,1.3598633181070818,0.7353680231569092,1.8492282439332024,41.592179731436254,0.8616352201257862,1.3145162360029423,1.270477862511636,0.0310832615941762,0.0375520475208759,524.8369140625,44.83753204345703,144.1262969970703,4944.65771484375,195.44488525390625,10.986328125,1.4825797080993652,25.54660415649414,0.0313062071800231,0.014967237599194,3.6442291277069465,1.0710696085594924,0.6458600300489962,0.1038111273457473,0.3217419625022333,0.9284420315234306
205_11,0,,189,205_11/0/189,0/189,1.png,C:\Users\u1021\Downloads\20260803\NASH_datasource_fromDrTsui_205\11\fast_035\0\189\1.png,475,735,349125,31.80121732903688,33.68335123523094,0.0,0.0,68.19878267096313,66.31664876476907,349125,46.24315359828142,48.13898399442424,0.0,238.0,0.0,0.0,0.0,0.0,34.0,82.0,114.0,135.0,177.0,82.0,238.0,5.863543804911337,0.960617565248938,1.0409969962821326,0.922786106664798,48.13898399442424,1.0,0.7980953150887656,-0.2532328587901427,231528,69.61295394077607,43.27221937391029,6.0,238.0,6.0,8.0,12.0,34.0,68.0,98.0,127.0,147.0,185.0,64.0,232.0,7.244138446907472,1.6087215989376118,0.621611595605102,2.587985182888387,43.27221937391029,0.896774193548387,0.4905768074393857,-0.2019588907705976,0.0384338051080703,0.0468325465917587,779.6287841796875,55.44068145751953,170.3273162841797,7637.4609375,289.6217041015625,16.424560546875,1.4825797080993652,31.52949905395508,0.0393776595592498,0.0181448757648468,5.422360875009659,1.325885832602545,0.6060532415840644,0.0910873563783265,0.3013075469801777,0.913053756349972
205_11,0,,189,205_11/0/189,0/189,2.png,C:\Users\u1021\Downloads\20260803\NASH_datasource_fromDrTsui_205\11\fast_035\0\189\2.png,475,735,349125,31.801503759398496,32.40558539205156,0.0,0.0,68.1984962406015,67.59441460794844,349125,47.43354672395274,47.7440221147408,0.0,239.0,0.0,0.0,0.0,0.0,38.0,81.0,113.0,136.0,182.0,81.0,239.0,5.8785879151201765,0.9934970834664512,1.006545481251801,0.9870364548563448,47.7440221147408,1.0,0.818821948836857,-0.0328589133972903,235989,70.13582836488142,42.210135380607255,6.0,239.0,7.0,11.0,17.0,37.0,67.0,95.0,126.0,150.0,189.0,58.0,233.0,7.273374181291304,1.6615873825674616,0.6018341319219781,2.7608726299073885,42.210135380607255,0.8633540372670807,0.6611376055066953,0.1834254102885761,0.0387745648622512,0.046080183237791,786.337158203125,55.932220458984375,165.0736083984375,7546.7490234375,295.63360595703125,16.448974609375,1.4825797080993652,32.33618927001953,0.0408791452646255,0.0186868645250797,5.398457721347573,1.3319781632903516,0.5986358545750853,0.0822915881693669,0.2863404596086891,0.9110523432753768
205_11,0,,189,205_11/0/189,0/189,3.png,C:\Users\u1021\Downloads\20260803\NASH_datasource_fromDrTsui_205\11\fast_035\0\189\3.png,475,735,349125,31.80179018976012,33.752094522019334,0.0,0.0,68.19820981023989,66.24790547798067,349125,39.44331972789116,41.12841279557525,0.0,241.0,0.0,0.0,0.0,0.0,30.0,67.0,95.0,117.0,161.0,67.0,241.0,5.73436215384421,0.9590284926369592,1.0427218874909387,0.9197356496895182,41.12841279557525,1.0,0.9572116496407476,0.3863958039681257,231288,59.42081733596209,37.01939216015924,6.0,241.0,6.0,9.0,14.0,31.0,55.0,81.0,108.0,131.0,168.0,50.0,235.0,7.045988276924066,1.605126769204805,0.623003752217907,2.5764319452178555,37.01939216015924,0.8714285714285714,0.8118154542493923,0.5598133870183117,0.0340042114257812,0.0414160080254077,628.494140625,49.051002502441406,153.39491271972656,5975.1669921875,236.1825408935547,14.117431640625,1.4825797080993652,26.894081115722656,0.0432056114077568,0.0204581320285797,4.315817107311792,1.1668605838497226,0.629821991775636,0.0994371134775454,0.3148835242720615,0.9035369213155198
205_11,0,,189,205_11/0/189,0/189,4.png,C:\Users\u1021\Downloads\20260803\NASH_datasource_fromDrTsui_205\11\fast_035\0\189\4.png,475,735,349125,31.80121732903688,32.91428571428571,0.0,0.0,68.19878267096313,67.08571428571429,349125,44.52808020050125,45.5633188929971,0.0,237.0,0.0,0.0,0.0,0.0,35.0,76.0,108.0,129.0,174.0,76.0,237.0,5.836095860896635,0.9772791201859756,1.023249120281727,0.9550744787514746,45.5633188929971,1.0,0.8504266848787569,0.0030160199295345,234213,66.3059778919189,40.66123449607719,6.0,237.0,6.0,10.0,15.0,34.0,63.0,91.0,120.0,142.0,181.0,57.0,231.0,7.203273578110593,1.630692690806419,0.6132363293450924,2.659158651849479,40.66123449607719,0.868421052631579,0.6620496673571404,0.1380111904727132,0.0375406965613365,0.0444492027163505,735.572021484375,54.15237045288086,160.4244384765625,7043.5810546875,274.6391296386719,16.326904296875,1.4825797080993652,30.355669021606445,0.04211912676692,0.0194986127316951,5.008131718817437,1.2908077515765253,0.6043753113675905,0.0870959885227023,0.2946312629611226,0.9090653588380913
205_11,0,,189,205_11/0/189,0/189,5.png,C:\Users\u1021\Downloads\20260803\NASH_datasource_fromDrTsui_205\11\fast_035\0\189\5.png,475,735,349125,31.80121732903688,32.75588972431078,0.0,0.0,68.19878267096313,67.24411027568922,349125,46.149679914070894,46.81318590967621,0.0,238.0,0.0,0.0,0.0,0.0,37.0,79.0,111.0,133.0,177.0,79.0,238.0,5.861411381886948,0.985826514843798,1.0143772610523138,0.971853917369069,46.81318590967621,1.0,0.8147189178094577,-0.0897376790445796,234766,68.57048294897898,41.52186373404612,6.0,238.0,7.0,10.0,16.0,36.0,65.0,95.0,123.0,146.0,184.0,59.0,232.0,7.242596785137039,1.6514307591822803,0.605535529988044,2.727223552373362,41.52186373404612,0.8717948717948718,0.6229330641066053,0.0761965453012893,0.0381268262863159,0.0452181920409202,768.8560791015625,54.99786376953125,163.24827575683594,7279.345703125,286.4849853515625,16.241455078125,1.4825797080993652,31.462724685668945,0.0409960746765136,0.0193800646811723,5.232603999724687,1.3173518647238311,0.6009338015501137,0.084438681117321,0.2900877766949191,0.9103312879506767
205_11,0,,196,205_11/0/196,0/196,1.png,C:\Users\u1021\Downloads\20260803\NASH_datasource_fromDrTsui_205\11\fast_035\0\196\1.png,475,735,349125,31.803222341568205,36.14693877551021,0.0,0.0,68.1967776584318,63.85306122448979,349125,37.20463444325098,42.79881160874184,0.0,240.0,0.0,0.0,0.0,0.0,23.0,62.0,97.0,122.0,174.0,62.0,240.0,5.749141818888761,0.8692912967623564,1.1503623741828124,0.755667358626779,42.79881160874184,1.0,1.3040993910945564,1.537699402835151,222927,58.008617170643305,40.87040191761664,6.0,240.0,6.0,8.0,12.0,26.0,51.0,80.0,112.0,139.0,187.0,54.0,234.0,7.087960126049749,1.4193307246542997,0.704557424587258,2.0144997059477,40.87040191761664,0.891156462585034,1.0993574081798794,1.3128699103258483,0.0353971496224403,0.0460492111742496,665.32080078125,51.060306549072266,170.9362030029297,7019.55322265625,247.5299530029297,14.31884765625,1.4825797080993652,25.365917205810547,0.0442009456455707,0.0194524098187685,5.020131046875256,1.1961525616184951,0.6400397565291692,0.1159892415067671,0.3401568312519029,0.8988247519100055
205_11,0,,196,205_11/0/196,0/196,2.png,C:\Users\u1021\Downloads\20260803\NASH_datasource_fromDrTsui_205\11\fast_035\0\196\2.png,475,735,349125,31.80121732903688,33.20873612602936,0.0,0.0,68.19878267096313,66.79126387397064,349125,44.04081632653061,44.83528935823094,0.0,237.0,0.0,0.0,0.0,0.0,36.0,73.0,106.0,130.0,174.0,73.0,237.0,5.826129911576515,0.9822801850267422,1.0180394710627043,0.9648743618961708,44.83528935823094,1.0,0.9058596754308004,0.2633569266330444,233185,65.8532538542359,39.706799936060456,6.0,237.0,7.0,11.0,18.0,36.0,61.0,88.0,120.0,143.0,181.0,52.0,231.0,7.184668592599529,1.658488066534671,0.6029588154284707,2.750582666837911,39.706799936060456,0.8571428571428571,0.8100693547942829,0.5185272672583232,0.0396755300462245,0.0440696664154529,753.3916015625,57.23186492919922,174.16998291015625,7316.681640625,279.8919372558594,16.88232421875,1.4825797080993652,30.02521324157715,0.0440560206770896,0.0205361302942037,5.203465423435104,1.3489010739916036,0.5933730821414672,0.0924908523182775,0.3036372386824606,0.9024671774840116
205_11,0,,196,205_11/0/196,0/196,3.png,C:\Users\u1021\Downloads\20260803\NASH_datasource_fromDrTsui_205\11\fast_035\0\196\3.png,475,735,349125,31.80121732903688,33.17150017901898,0.0,0.0,68.19878267096313,66.82849982098102,349125,44.935719298245616,45.50557290619381,0.0,238.0,0.0,0.0,0.0,0.0,37.0,75.0,108.0,131.0,175.0,75.0,238.0,5.840671363693283,0.9874772786813848,1.0126815285667508,0.9751113759119932,45.50557290619381,1.0,0.8717891824297365,0.148671458308137,233315,67.15748237361507,40.1201336925819,6.0,238.0,7.0,11.0,18.0,37.0,62.0,90.0,122.0,144.0,182.0,53.0,232.0,7.206935831723777,1.6739097354013128,0.5974037780240606,2.801973802271293,40.1201336925819,0.8580645161290322,0.7623069677023621,0.4030445642910454,0.0406435802578926,0.0451671853661537,797.0386962890625,58.62826919555664,178.10108947753906,7682.26123046875,291.23736572265625,17.327880859375,1.4825797080993652,30.63454246520996,0.0455148182809352,0.0209904145449399,5.434805745986573,1.379021181486144,0.5904191448496626,0.0925523162523755,0.3037371160062685,0.9009956229298688
205_11,0,,196,205_11/0/196,0/196,4.png,C:\Users\u1021\Downloads\20260803\NASH_datasource_fromDrTsui_205\11\fast_035\0\196\4.png,475,735,349125,31.801503759398496,35.11378446115288,0.0,0.0,68.1984962406015,64.88621553884711,349125,51.55696670247046,58.46085863356757,0.0,238.0,0.0,0.0,0.0,0.0,27.0,93.0,145.0,168.0,200.0,93.0,238.0,6.028017660079107,0.8819057384296958,1.133908031691211,0.7777577314752269,58.46085863356757,1.0,0.9347907296251048,-0.3291209561256289,226534,79.26000070629574,55.50491934334424,6.0,238.0,6.0,9.0,13.0,30.0,69.0,123.0,160.0,179.0,206.0,93.0,232.0,7.504355235822402,1.427981549094892,0.7002891603423289,2.0391313045554478,55.50491934334424,0.9042553191489362,0.4868552119564406,-0.8557888455749385,0.0369665250182151,0.0452325940132141,730.774658203125,53.32413482666016,169.49127197265625,7100.75341796875,306.6040344238281,15.24658203125,1.4825797080993652,35.14534378051758,0.0232016630470752,0.0109655344858765,5.243227915419126,1.2736410990784914,0.6202410744672017,0.1068600741813989,0.3264317731504908,0.9459646372648508
205_11,0,,196,205_11/0/196,0/196,5.png,C:\Users\u1021\Downloads\20260803\NASH_datasource_fromDrTsui_205\11\fast_035\0\196\5.png,475,735,349125,31.822986036519872,40.02234156820623,0.0,0.0,68.17701396348012,59.97765843179377,349125,33.92767633369137,41.65930416564642,0.0,189.0,0.0,0.0,0.0,0.0,14.0,59.0,102.0,121.0,150.0,59.0,189.0,5.653863183454529,0.8144081379465097,1.2278855691710684,0.6632606151535011,41.65930416564642,1.0,1.1704074287116228,0.3102365668279754,209397,56.15024092990826,40.72357562279073,6.0,189.0,6.0,8.0,10.0,20.0,47.0,86.0,117.0,132.0,157.0,66.0,183.0,7.006159262877351,1.3788141161770695,0.7252609240559722,1.9011283669691528,40.72357562279073,0.8857142857142857,0.6561862850667532,-0.564832599946679,0.0291789807379245,0.0320502631366252,477.2059326171875,42.090614318847656,132.43638610839844,3909.0576171875,173.26376342773438,12.36572265625,1.4825797080993652,24.91356086730957,0.0283823907375335,0.0144575843587517,2.9760027511731466,1.0022972097085197,0.6560104368465726,0.1097590717315697,0.3307931138432678,0.9393556396628484
205_11,0,,197,205_11/0/197,0/197,1.png,C:\Users\u1021\Downloads\20260803\NASH_datasource_fromDrTsui_205\11\fast_035\0\197\1.png,475,735,349125,31.801503759398496,34.11528822055138,0.0,0.0,68.1984962406015,65.88471177944862,349125,43.610494808449694,46.728413145007885,0.0,241.0,0.0,0.0,0.0,0.0,34.0,70.0,107.0,141.0,187.0,70.0,241.0,5.845931544754218,0.9332757496625737,1.0714946792108877,0.8710036249082389,46.728413145007885,1.0,1.1195115419124362,0.8547773654440483,230020,66.05283018867925,42.86368819430279,6.0,241.0,6.0,10.0,17.0,35.0,59.0,86.0,127.0,157.0,194.0,51.0,235.0,7.215203537725935,1.5409973562997932,0.6489303799982997,2.374672852122951,42.86368819430279,0.8802395209580839,1.0234405066134624,0.8574785360160737,0.0356056727468967,0.0404615327715873,674.350830078125,51.361106872558594,157.84707641601562,6044.51416015625,238.64942932128903,15.31982421875,1.4825797080993652,29.73127174377441,0.0345379114151001,0.0165681224316358,4.386347876765586,1.218038866389434,0.6160070985979765,0.1034470120332978,0.3211901533393827,0.9265275575730048
205_11,0,,197,205_11/0/197,0/197,2.png,C:\Users\u1021\Downloads\20260803\NASH_datasource_fromDrTsui_205\11\fast_035\0\197\2.png,475,735,349125,31.80121732903688,34.15739348370928,0.0,0.0,68.19878267096313,65.84260651629073,349125,42.56396706050841,46.12241979193297,0.0,238.0,0.0,0.0,0.0,0.0,33.0,68.0,106.0,139.0,186.0,68.0,238.0,5.832608217030883,0.9228476574412744,1.083602468876219,0.8516477988448476,46.12241979193297,1.0,1.1713040716833432,1.002229844255652,229873,64.5031343393961,42.67490066106496,6.0,238.0,6.0,10.0,17.0,34.0,56.0,85.0,125.0,156.0,193.0,51.0,232.0,7.195355291203391,1.5115005152957843,0.6615942170580806,2.284633807739421,42.67490066106496,0.8795180722891566,1.0734411948916955,0.9286806966496082,0.0354761928319931,0.0406427979469299,662.0205078125,51.17433166503906,161.16966247558594,6055.9541015625,237.60348510742188,15.625,1.4825797080993652,29.01939010620117,0.0349801667034626,0.0165728945285081,4.4032429360934175,1.2179673872250216,0.6171866344205662,0.1042166317495962,0.3223752443841138,0.9242353296177228
205_11,0,,197,205_11/0/197,0/197,3.png,C:\Users\u1021\Downloads\20260803\NASH_datasource_fromDrTsui_205\11\fast_035\0\197\3.png,475,735,349125,31.80179018976012,33.890440386680986,0.0,0.0,68.19820981023989,66.109559613319,349125,43.22234443250984,46.25798508140125,0.0,240.0,0.0,0.0,0.0,0.0,34.0,69.0,106.0,139.0,185.0,69.0,240.0,5.838357742584826,0.9343758565456424,1.0702331326249888,0.8730582412954029,46.25798508140125,1.0,1.1357280647149122,0.9116584958106148,230805,65.25531076016551,42.47165621761293,6.0,240.0,6.0,11.0,18.0,35.0,57.0,85.0,126.0,156.0,192.0,50.0,234.0,7.202199198154338,1.536443750293501,0.6508536350966142,2.36065939781596,42.47165621761293,0.8682634730538922,1.0557206199952354,0.9091634368580944,0.0352054238319397,0.0395592115819454,672.361083984375,50.78374481201172,154.3463592529297,5835.2978515625,228.30841064453125,15.31982421875,1.4825797080993652,29.466272354125977,0.0352962873876094,0.0166090913116931,4.216198573049881,1.2015577645030828,0.6170117367418648,0.1003154632300277,0.3162683468883085,0.9277444037078832
205_11,0,,197,205_11/0/197,0/197,4.png,C:\Users\u1021\Downloads\20260803\NASH_datasource_fromDrTsui_205\11\fast_035\0\197\4.png,475,735,349125,31.80179018976012,34.350733977801646,0.0,0.0,68.19820981023989,65.64926602219835,349125,41.09477121374866,45.27509274503518,0.0,240.0,0.0,0.0,0.0,0.0,31.0,65.0,103.0,137.0,184.0,65.0,240.0,5.807316153845999,0.9076684049036003,1.1017239275902808,0.8238619332602465,45.27509274503518,1.0,1.2405133359497529,1.2114965002493543,229198,62.44424471417726,42.36627503167905,6.0,240.0,6.0,10.0,16.0,32.0,53.0,82.0,123.0,155.0,191.0,50.0,234.0,7.158039453736443,1.4739139720800345,0.6784656492459787,2.1724223970927445,42.36627503167905,0.8787878787878788,1.1347436295508286,1.0395283643896018,0.0342152863740921,0.0389614179730415,620.5423583984375,49.35546875,152.79165649414062,5594.599609375,218.77268981933597,15.234375,1.4825797080993652,28.012744903564453,0.0343810357153415,0.015945415943861,4.043066532344583,1.1643958548727484,0.6260007720933506,0.1055439972931076,0.3244264796414879,0.9279943773442878
205_11,0,,197,205_11/0/197,0/197,5.png,C:\Users\u1021\Downloads\20260803\NASH_datasource_fromDrTsui_205\11\fast_035\0\197\5.png,475,735,349125,31.80207662012173,34.18174006444683,0.0,0.0,68.19792337987826,65.81825993555317,349125,42.96215109201575,46.39361104774552,0.0,241.0,0.0,0.0,0.0,0.0,33.0,69.0,106.0,140.0,186.0,69.0,241.0,5.840983648380893,0.9260359373147672,1.079871697959916,0.8575425571984392,46.39361104774552,1.0,1.146666766313794,0.9137672651308204,229788,65.13120354413634,42.79952716336408,6.0,241.0,6.0,10.0,17.0,34.0,57.0,86.0,126.0,157.0,192.0,52.0,235.0,7.2079163657615934,1.5217739040792002,0.6571278409489373,2.3157958151364517,42.79952716336408,0.8802395209580839,1.04221197012831,0.8528999313105321,0.0350212752819061,0.039906658232212,666.3306884765625,50.518104553222656,156.9955291748047,5865.83935546875,227.519287109375,15.2587890625,1.4825797080993652,29.28677749633789,0.0344825014472007,0.0166069101542234,4.245180683659073,1.194770715650143,0.6211371062739769,0.1035678469457668,0.3213642765821258,0.9279463869205532
205_11,0,,203,205_11/0/203,0/203,1.png,C:\Users\u1021\Downloads\20260803\NASH_datasource_fromDrTsui_205\11\fast_035\0\203\1.png,475,735,349125,31.80264948084497,39.4623702112424,0.0,0.0,68.19735051915504,60.537629788757606,349125,39.173029717150015,44.56098092473695,0.0,241.0,0.0,0.0,0.0,0.0,24.0,67.0,103.0,128.0,171.0,67.0,241.0,5.709473391141021,0.8790881372946631,1.1375423664314654,0.7727959531322004,44.56098092473695,1.0,1.0866384143921088,0.5718514079155006,211352,64.22387297021083,41.08778077430202,6.0,241.0,6.0,7.0,11.0,34.0,59.0,87.0,122.0,144.0,181.0,53.0,235.0,7.118944593678373,1.563089360386655,0.6397586890058763,2.4432483485539613,41.08778077430202,0.9072847682119204,0.7700272841364869,0.4126257684497996,0.0390832088887691,0.0502702482044696,758.5478515625,56.37744140625,194.2480010986328,8436.7998046875,291.84686279296875,15.069580078125,0.0,,0.0478334203362464,0.0206558033823966,5.864041541444675,1.308130322159064,0.633266813307181,0.1623550504259086,0.402633719668616,0.891109425825981
205_11,0,,203,205_11/0/203,0/203,2.png,C:\Users\u1021\Downloads\20260803\NASH_datasource_fromDrTsui_205\11\fast_035\0\203\2.png,475,735,349125,31.802935911206585,39.62764052989617,0.0,0.0,68.19706408879341,60.37235947010383,349125,36.71237808807734,41.79238118853805,0.0,240.0,0.0,0.0,0.0,0.0,24.0,63.0,94.0,118.0,166.0,63.0,240.0,5.6608674591702615,0.8784466700391326,1.1383730328847994,0.7716685521028406,41.79238118853805,1.0,1.190356362761226,1.1902392967016402,210775,60.323563041157634,38.530761744825256,6.0,240.0,6.0,7.0,13.0,33.0,55.0,81.0,111.0,135.0,179.0,48.0,234.0,7.0384687173273655,1.5655948730175102,0.6387348459263993,2.4510873064187138,38.530761744825256,0.9014084507042254,0.9845579802659402,1.2949872404615803,0.0389286875724792,0.0508809313178062,715.4755859375,56.154541015625,191.43325805664065,8540.251953125,297.0380554199219,15.411376953125,0.0,,0.0517094805836677,0.0213437005877494,6.003415532556221,1.300021501703832,0.6348691035609239,0.1589655459791869,0.3983947906593844,0.8717419237777818
205_11,0,,203,205_11/0/203,0/203,3.png,C:\Users\u1021\Downloads\20260803\NASH_datasource_fromDrTsui_205\11\fast_035\0\203\3.png,475,735,349125,31.804081632653062,40.43680630146795,0.0,0.0,68.19591836734695,59.56319369853205,349125,35.952696025778735,41.19025986093073,0.0,240.0,0.0,0.0,0.0,0.0,24.0,61.0,92.0,117.0,163.0,61.0,240.0,5.641851293063729,0.8728446032427228,1.1456793068146145,0.7618577014099462,41.19025986093073,1.0,1.2184896072653164,1.2632067202950743,207950,59.83242606395768,37.90215605692066,6.0,240.0,6.0,8.0,15.0,33.0,54.0,79.0,111.0,135.0,176.0,46.0,234.0,7.028989369206804,1.5786021769870455,0.6334718237299164,2.4919848331882397,37.90215605692066,0.8881118881118881,1.03125290118264,1.3359594871485765,0.0376530513167381,0.0494003258645534,721.4658203125,54.31443786621094,186.53640747070312,8028.02587890625,281.0449523925781,15.44189453125,0.0,,0.0519523173570632,0.0230122413486242,5.722076672665961,1.2697932364142803,0.6382216115665637,0.1594510858888524,0.3990040551312444,0.8737033092766011
205_11,0,,203,205_11/0/203,0/203,4.png,C:\Users\u1021\Downloads\20260803\NASH_datasource_fromDrTsui_205\11\fast_035\0\203\4.png,475,735,349125,31.80236305048335,38.49165771571786,0.0,0.0,68.19763694951665,61.508342284282136,349125,39.30600787683495,44.14090826816109,0.0,241.0,0.0,0.0,0.0,0.0,27.0,67.0,100.0,125.0,173.0,67.0,241.0,5.721424782551056,0.8904666763548776,1.1230066509546397,0.7929309016985026,44.14090826816109,1.0,1.118683405948432,0.850152022172578,214741,63.485184478045646,40.58849977631519,6.0,241.0,6.0,7.0,12.0,34.0,58.0,85.0,118.0,142.0,184.0,51.0,235.0,7.106056821306716,1.5641175413704616,0.6393381402294175,2.446463683222777,40.58849977631519,0.906040268456376,0.883027991837788,0.8780739408746232,0.0403045155107975,0.0534463599324226,784.7525634765625,58.13917541503906,199.27870178222656,9323.99609375,318.2120666503906,15.277099609375,0.0,,0.0503932535648345,0.0215293429791927,6.574233502809672,1.357500118984371,0.6277957957079533,0.1533710774603668,0.3913141248746564,0.8749338766557058
205_11,0,,203,205_11/0/203,0/203,5.png,C:\Users\u1021\Downloads\20260803\NASH_datasource_fromDrTsui_205\11\fast_035\0\203\5.png,475,735,349125,31.80179018976012,37.37400644468314,0.0,0.0,68.19820981023989,62.62599355531686,349125,37.92847261009667,42.894013807656,0.0,240.0,0.0,0.0,0.0,0.0,24.0,65.0,99.0,123.0,167.0,65.0,240.0,5.726568282034863,0.8842369655629417,1.130918564757535,0.7818750112679591,42.894013807656,1.0,1.1243438093752838,0.7192914222144675,218643,60.21750524828145,40.09241360626389,6.0,240.0,6.0,7.0,11.0,29.0,54.0,83.0,116.0,138.0,175.0,54.0,234.0,7.084727629771535,1.501967575204135,0.6657933343628195,2.2559065969645893,40.09241360626389,0.903448275862069,0.8435068276502125,0.5021937038242674,0.0397367030382156,0.0514636561274528,732.8388671875,57.32010269165039,199.5226593017578,8796.6083984375,291.53839111328125,14.8193359375,0.0,,0.0489933937788009,0.0216482710093259,6.229032428410746,1.3388666149437178,0.6277878124728072,0.1415645575227081,0.3759118685759317,0.8738405351820263
205_11,0,,204,205_11/0/204,0/204,1.png,C:\Users\u1021\Downloads\20260803\NASH_datasource_fromDrTsui_205\11\fast_035\0\204\1.png,475,735,349125,31.80207662012173,37.963480128893664,0.0,0.0,68.19792337987826,62.036519871106336,349125,41.28656498388829,45.98304564756776,0.0,240.0,0.0,0.0,0.0,0.0,24.0,74.0,106.0,128.0,172.0,74.0,240.0,5.742983358466802,0.8978649500584378,1.1137532431073456,0.8061614685434411,45.98304564756776,1.0,0.9554089874911662,0.1469165769016855,216585,66.16100838008173,42.15641086161445,6.0,240.0,6.0,7.0,9.0,33.0,64.0,93.0,121.0,143.0,183.0,60.0,234.0,7.131141899203456,1.5694174866372386,0.6371790861988427,2.4630712473627465,42.15641086161445,0.9066666666666666,0.5738725423785345,0.0830933561584892,0.0375139638781547,0.0475138872861862,737.1337890625,54.11380386352539,187.2909393310547,7625.8544921875,280.7253723144531,15.05126953125,0.0,,0.0394086018204689,0.0177514851093292,5.388907320946321,1.2725135971805348,0.6346547872478618,0.155088482713265,0.3935103690021153,0.9069786339435426
205_11,0,,204,205_11/0/204,0/204,2.png,C:\Users\u1021\Downloads\20260803\NASH_datasource_fromDrTsui_205\11\fast_035\0\204\2.png,475,735,349125,31.80264948084497,38.906695309702826,0.0,0.0,68.19735051915504,61.09330469029717,349125,40.04450554958826,44.83922738106781,0.0,242.0,0.0,0.0,0.0,0.0,23.0,72.0,103.0,125.0,169.0,72.0,242.0,5.708020605940152,0.8930685894578104,1.1197348241831109,0.7975715054761631,44.83922738106781,1.0,0.977876117946356,0.2335341275358757,213292,65.09448549406447,40.945826405682055,6.0,242.0,6.0,7.0,9.0,34.0,63.0,90.0,118.0,140.0,180.0,56.0,236.0,7.100554411322667,1.5897709536772546,0.6290214308463292,2.527371685155887,40.945826405682055,0.9047619047619048,0.6048876920728404,0.1983459155067133,0.0367882214486599,0.0469164811074733,714.515380859375,53.066925048828125,184.24615478515625,7396.2646484375,271.593505859375,14.599609375,0.0,,0.040753174573183,0.0182054117321968,5.201118015388082,1.2422374949133232,0.6411079217783601,0.1640068384322646,0.4046911633369284,0.9052689549328252
205_11,0,,204,205_11/0/204,0/204,3.png,C:\Users\u1021\Downloads\20260803\NASH_datasource_fromDrTsui_205\11\fast_035\0\204\3.png,475,735,349125,31.80179018976012,37.79133548156104,0.0,0.0,68.19820981023989,62.20866451843895,349125,40.94693018259935,45.79636999929757,0.0,242.0,0.0,0.0,0.0,0.0,23.0,74.0,105.0,127.0,175.0,74.0,242.0,5.736622248507306,0.8941086418689386,1.1184323170277368,0.7994302634647178,45.79636999929757,1.0,0.9842251592523592,0.2728984404685461,217186,65.44286464136731,42.21672526879533,6.0,242.0,6.0,7.0,9.0,32.0,64.0,91.0,119.0,142.0,184.0,59.0,236.0,7.115881218226027,1.5501644010683056,0.645092868415017,2.403009670339458,42.21672526879533,0.906040268456376,0.6150697713363693,0.2150771562559783,0.0356340184807777,0.0449069030582904,695.6134033203125,51.40199279785156,175.96505737304688,6838.3681640625,267.9165344238281,14.61181640625,0.0,,0.0379597134888172,0.0177336540073156,4.914542905745614,1.2134819210546066,0.6418225436634147,0.1555747880945633,0.3941165357440273,0.914728091630784
205_11,0,,204,205_11/0/204,0/204,4.png,C:\Users\u1021\Downloads\20260803\NASH_datasource_fromDrTsui_205\11\fast_035\0\204\4.png,475,735,349125,31.80236305048335,38.665234514858575,0.0,0.0,68.19763694951665,61.33476548514143,349125,37.5798410311493,41.85277042594717,0.0,240.0,0.0,0.0,0.0,0.0,25.0,65.0,95.0,119.0,164.0,65.0,240.0,5.675443081730752,0.8979056977277468,1.1137027001060518,0.8062346420119518,41.85277042594717,1.0,1.073981491015316,0.667070535951944,214135,60.844868891120086,38.13882369374285,6.0,240.0,6.0,7.0,12.0,34.0,57.0,81.0,112.0,135.0,174.0,47.0,234.0,7.03406656320162,1.595352530526589,0.6268207063111769,2.545149696657591,38.13882369374285,0.9014084507042254,0.8309808569531136,0.7136180762573723,0.0350311249494552,0.0455274060368537,647.7008056640625,50.532318115234375,179.74342346191406,6866.4814453125,239.7369842529297,13.75732421875,0.0,,0.0453470796346664,0.0198123715817928,4.818312403183525,1.18663104857741,0.6474503758287599,0.1518867394040274,0.3894147108076332,0.8977014856379069
205_11,0,,204,205_11/0/204,0/204,5.png,C:\Users\u1021\Downloads\20260803\NASH_datasource_fromDrTsui_205\11\fast_035\0\204\5.png,475,735,349125,31.80236305048335,36.95094880057286,0.0,0.0,68.19763694951665,63.04905119942714,349125,32.275190834228425,37.078873548581285,0.0,239.0,0.0,0.0,0.0,0.0,21.0,53.0,81.0,108.0,155.0,53.0,239.0,5.5947277423801145,0.8704469080470041,1.1488351452056629,0.7576778197285895,37.078873548581285,1.0,1.370610225893877,1.8295536448893517,220120,50.878652553152826,35.25418342644919,6.0,239.0,6.0,8.0,12.0,25.0,44.0,67.0,98.0,125.0,164.0,42.0,233.0,6.861848015025428,1.4431947533063976,0.6929071753545205,2.0828110959711137,35.25418342644919,0.8796992481203008,1.2293285865284045,1.6408400899280071,0.0308013055473566,0.0395839884877204,548.897705078125,44.430809020996094,149.1532440185547,5234.48583984375,198.38417053222656,12.188720703125,1.4825797080993652,22.00436782836914,0.0455722920596599,0.0214201882481575,3.7780663748513215,1.0505370992937788,0.6611352810534409,0.1299776936736887,0.3601533511393382,0.8969935134199228
205_11,0,,205,205_11/0/205,0/205,1.png,C:\Users\u1021\Downloads\20260803\NASH_datasource_fromDrTsui_205\11\fast_035\0\205\1.png,475,735,349125,31.80179018976012,36.51471535982815,0.0,0.0,68.19820981023989,63.485284640171855,349125,31.64974722520587,39.81085435258437,0.0,241.0,0.0,0.0,0.0,0.0,15.0,50.0,86.0,116.0,171.0,50.0,241.0,5.594982001949256,0.7950029643900696,1.2578569449325328,0.6320297133889982,39.81085435258437,1.0,1.63841391623848,2.6448422659495083,221643,49.5542065393448,40.21748486561109,6.0,241.0,6.0,7.0,9.0,18.0,40.0,67.0,106.0,136.0,180.0,49.0,235.0,6.8644312344649965,1.232155782613778,0.8115856891721072,1.5182078726285717,40.21748486561109,0.902097902097902,1.3477484573167136,1.7001489491186843,0.0285642147064209,0.0384652391076087,470.5814208984375,41.20381927490234,139.99746704101562,4776.453125,175.45982360839844,11.480712890625,0.0,,0.0342747643589973,0.0159160140901803,3.4713190852874827,0.9786698327443808,0.6809250746313786,0.1355687949045972,0.3678261701030864,0.9210514131029164
205_11,0,,205,205_11/0/205,0/205,2.png,C:\Users\u1021\Downloads\20260803\NASH_datasource_fromDrTsui_205\11\fast_035\0\205\2.png,475,735,349125,31.80179018976012,36.19563193698532,0.0,0.0,68.19820981023989,63.804368063014685,349125,32.69717722878625,40.440038285187576,0.0,233.0,0.0,0.0,0.0,0.0,16.0,53.0,88.0,117.0,173.0,53.0,233.0,5.618329485831262,0.8085347743293956,1.2368051835858354,0.6537284812998866,40.440038285187576,1.0,1.5629291858466443,2.3565513354930427,222757,50.96653752744022,40.49632674608085,6.0,233.0,6.0,7.0,9.0,19.0,42.0,70.0,107.0,137.0,181.44000000000236,51.0,227.0,6.89630210034472,1.2585471726117148,0.7945669592382602,1.5839409856889417,40.49632674608085,0.9027777777777778,1.2809338849281753,1.545447470593511,0.0292318686842918,0.0389091558754444,511.870361328125,42.16690444946289,140.16734313964844,4928.21728515625,186.53843688964844,11.9384765625,0.0,,0.0351348705589771,0.0167976692318916,3.564152369795355,1.005592173987165,0.6734712516152709,0.131525752711936,0.3623009444728304,0.9211286955614004
205_11,0,,205,205_11/0/205,0/205,3.png,C:\Users\u1021\Downloads\20260803\NASH_datasource_fromDrTsui_205\11\fast_035\0\205\3.png,475,735,349125,31.80121732903688,32.383530254206946,0.0,0.0,68.19878267096313,67.61646974579305,349125,40.22399140708915,43.15867885782925,0.0,240.0,0.0,0.0,0.0,0.0,30.0,65.0,98.0,127.0,178.0,65.0,240.0,5.75973954541985,0.9320023798595092,1.0729586335935544,0.8686284360637891,43.15867885782925,1.0,1.2113164381048256,1.2550135541268368,236066,59.45259800225361,40.16036084678315,6.0,240.0,7.0,11.0,16.0,29.0,51.0,80.0,113.0,144.0,186.0,51.0,234.0,7.097245884472867,1.480380074996656,0.6755022016911831,2.191525166447105,40.16036084678315,0.8580645161290322,1.1560493030736012,1.2722571724396277,0.0348122790455818,0.0385613329708576,614.6834716796875,50.21663665771485,150.00631713867188,5615.810546875,223.293212890625,14.019775390625,1.4825797080993652,27.4238338470459,0.0377163141965866,0.0182036478072404,4.076461566547443,1.193780607450644,0.6134950163763683,0.0850414343799742,0.2910805554176225,0.9187398631791308
205_11,0,,205,205_11/0/205,0/205,4.png,C:\Users\u1021\Downloads\20260803\NASH_datasource_fromDrTsui_205\11\fast_035\0\205\4.png,475,735,349125,31.801503759398496,32.602363050483355,0.0,0.0,68.1984962406015,67.39763694951665,349125,38.55625062656642,41.64955421705322,0.0,235.0,0.0,0.0,0.0,0.0,29.0,61.0,94.0,122.0,175.0,61.0,235.0,5.720624153426365,0.9257302113159168,1.080228329783587,0.8569764241430121,41.64955421705322,1.0,1.273255134162754,1.5182787676147953,235302,57.158455941725954,38.88700799037931,6.0,235.0,7.0,11.0,16.0,28.0,49.0,75.0,109.0,140.0,182.0,47.0,229.0,7.034299877646249,1.469859958263362,0.6803369221524335,2.160488296905972,38.88700799037931,0.8543046357615894,1.2447063380941257,1.5512554387980917,0.033997569233179,0.0378167331218719,599.349853515625,49.04141616821289,147.18081665039062,5380.8232421875,212.88157653808597,13.34228515625,1.4825797080993652,26.283885955810547,0.0384451895952224,0.018539847806096,3.920806255724957,1.166324299981684,0.618431884180283,0.08689704070697,0.294250424948952,0.9157942553777876
205_11,0,,205,205_11/0/205,0/205,5.png,C:\Users\u1021\Downloads\20260803\NASH_datasource_fromDrTsui_205\11\fast_035\0\205\5.png,475,735,349125,31.80121732903688,32.1171500179019,0.0,0.0,68.19878267096313,67.88284998209811,349125,44.27660866451844,46.070253195542016,0.0,241.0,0.0,0.0,0.0,0.0,34.0,72.0,106.0,136.0,188.0,72.0,241.0,5.8242638070729615,0.9610671874667028,1.0405099799899744,0.9236501388251585,46.070253195542016,1.0,1.1004138728565038,0.8918166831566174,236996,65.20497392361052,41.986043596796485,6.0,241.0,8.0,14.0,19.0,33.0,57.0,87.0,122.0,153.0,195.0,54.0,235.0,7.2005586653932765,1.5530154388870694,0.6439086019110187,2.411856953421597,41.986043596796485,0.8323353293413174,1.0758159236824854,1.0303045603077186,0.03784816339612,0.0422285497188568,700.4296875,54.59588623046875,162.41299438476562,6691.29833984375,263.5715026855469,15.72265625,1.4825797080993652,30.18198013305664,0.037905141711235,0.0181184876710176,4.805048601299643,1.294471468744513,0.5970220197282761,0.0819381130773053,0.285707383027795,0.9159081143046358
205_11,0,,32,205_11/0/32,0/32,1.png,C:\Users\u1021\Downloads\20260803\NASH_datasource_fromDrTsui_205\11\fast_035\0\32\1.png,475,735,349125,31.801503759398496,35.3515216612961,0.0,0.0,68.1984962406015,64.64847833870391,349125,49.79587826709631,50.57807960649758,0.0,239.0,0.0,0.0,0.0,0.0,44.0,82.0,118.0,149.0,192.0,82.0,239.0,5.901096349063681,0.984534775826072,1.0157081543015605,0.9693087248108936,50.57807960649758,1.0,0.8437302186508409,0.0730515592491456,225704,76.81529791230993,43.48682156291176,6.0,239.0,6.0,11.0,25.0,47.0,71.0,99.0,138.0,165.0,199.0,52.0,233.0,7.311941234998558,1.7664040541841477,0.566121889061148,3.1201832826381923,43.48682156291176,0.875,0.7530291747020516,0.4469215711407326,0.040542010217905,0.0474511831998825,822.8966064453125,58.48175811767578,193.793701171875,8105.275390625,315.8331604003906,15.643310546875,1.4825797080993652,33.945701599121094,0.0363903827965259,0.0174943841993808,5.83285607283526,1.3890059765080398,0.5983528402798827,0.1123200910981404,0.334739862413363,0.9160887421317782
205_11,0,,32,205_11/0/32,0/32,2.png,C:\Users\u1021\Downloads\20260803\NASH_datasource_fromDrTsui_205\11\fast_035\0\32\2.png,475,735,349125,31.80179018976012,35.5265306122449,0.0,0.0,68.19820981023989,64.4734693877551,349125,51.0580708915145,51.66664097119799,0.0,239.0,0.0,0.0,0.0,0.0,46.0,85.0,122.0,152.0,194.0,85.0,239.0,5.918244866298836,0.9882212184062296,1.0119191749523115,0.9765811765082932,51.66664097119799,1.0,0.8107944979750406,-0.033359129784142,225093,78.9738330378999,44.11376230924672,6.0,239.0,6.0,12.0,26.0,49.0,74.0,102.0,141.0,167.0,201.0,53.0,233.0,7.34057105263201,1.7902311864555278,0.5585870738739036,3.204927700957967,44.11376230924672,0.8659217877094972,0.7045501128504534,0.3501315741619684,0.0420229882001876,0.0491200312972068,851.6865234375,60.61806488037109,198.8363494873047,8695.0576171875,335.7313232421875,16.558837890625,1.4825797080993652,34.80776596069336,0.0377049185335636,0.0178793370723724,6.178826375578072,1.432610411083024,0.5929384316642771,0.1127589113345515,0.3353925355855689,0.9148729257800192
205_11,0,,32,205_11/0/32,0/32,3.png,C:\Users\u1021\Downloads\20260803\NASH_datasource_fromDrTsui_205\11\fast_035\0\32\3.png,475,735,349125,31.80264948084497,36.13204439670605,0.0,0.0,68.19735051915504,63.86795560329395,349125,48.94727103472968,50.59891974162012,0.0,242.0,0.0,0.0,0.0,0.0,42.0,81.0,119.0,150.0,191.0,81.0,242.0,5.903806533969148,0.9673580243348184,1.033743427814771,0.9357815472449634,50.59891974162012,1.0,0.8800667077356867,0.0959147540798994,222979,76.38774503428574,43.86114917553267,6.0,242.0,6.0,12.0,24.0,45.0,70.0,99.0,140.0,165.0,198.0,54.0,236.0,7.32745481887415,1.741581022617109,0.5741909144699336,3.033104458340055,43.86114917553267,0.864406779661017,0.7603823847206745,0.3313987205101663,0.0403797850012779,0.0474088676273822,784.662109375,58.24775314331055,192.96939086914065,8069.607421875,313.441162109375,15.911865234375,1.4825797080993652,33.36770248413086,0.0351177267730236,0.0169073101133108,5.823746914146859,1.3846810518497417,0.6011925291946377,0.1152512779921538,0.3390859238046508,0.9165568125691592
205_11,0,,32,205_11/0/32,0/32,4.png,C:\Users\u1021\Downloads\20260803\NASH_datasource_fromDrTsui_205\11\fast_035\0\32\4.png,475,735,349125,31.803222341568205,36.82864303616184,0.0,0.0,68.1967776584318,63.17135696383816,349125,49.28163551736484,51.16108516838263,0.0,240.0,0.0,0.0,0.0,0.0,42.0,82.0,122.0,151.0,191.0,82.0,240.0,5.898534320228493,0.9632640776709076,1.0381369171555912,0.9278776833311844,51.16108516838263,1.0,0.8513986295257526,-0.0177993236450437,220547,77.71825053163272,44.12145545490296,6.0,240.0,6.0,11.0,24.0,47.0,72.0,102.0,141.0,165.0,198.0,55.0,234.0,7.336054691112311,1.761461622930128,0.5677103531421457,3.10274704905564,44.12145545490296,0.875,0.6894338071376164,0.2176676518673259,0.0417721047997474,0.0488940589129924,815.0750732421875,60.25617218017578,198.9471893310547,8605.2265625,335.10845947265625,15.78369140625,1.4825797080993652,33.596717834472656,0.0364202596247196,0.0166390500962734,6.1415602838717644,1.41435854852962,0.6010175813978713,0.1224197348312712,0.3495104119393713,0.9141691451621572
205_11,0,,32,205_11/0/32,0/32,5.png,C:\Users\u1021\Downloads\20260803\NASH_datasource_fromDrTsui_205\11\fast_035\0\32\5.png,475,735,349125,31.80207662012173,37.034013605442176,0.0,0.0,68.19792337987826,62.965986394557824,349125,48.44896527031865,50.86715808959934,0.0,239.0,0.0,0.0,0.0,0.0,40.0,81.0,120.0,150.0,191.0,81.0,239.0,5.890563869631606,0.9524606266577504,1.0499121664578075,0.9071812453332746,50.86715808959934,1.0,0.8969002688988561,0.1080686433552422,219830,76.63712414138197,44.3025051140132,6.0,239.0,6.0,11.0,24.0,46.0,70.0,100.0,141.0,165.0,200.0,54.0,233.0,7.3280428685483985,1.7298598339790296,0.5780815187203905,2.992415045213956,44.3025051140132,0.875,0.7360481836843709,0.303317451409586,0.0402069427073001,0.0478359088301658,776.44189453125,57.99842834472656,191.8208923339844,8125.2578125,314.4704284667969,15.625,1.4825797080993652,33.029502868652344,0.0341953784227371,0.0162186753004789,5.881963245508342,1.3763853362527094,0.6062308463425068,0.1245123289812233,0.3524895382920668,0.917175069043281
205_11,0,,42,205_11/0/42,0/42,1.png,C:\Users\u1021\Downloads\20260803\NASH_datasource_fromDrTsui_205\11\fast_035\0\42\1.png,475,735,349125,31.80236305048335,35.98625134264232,0.0,0.0,68.19763694951665,64.01374865735768,349125,44.15569495166488,46.90839552525819,0.0,240.0,0.0,0.0,0.0,0.0,31.0,77.0,113.0,133.0,172.0,77.0,240.0,5.864891772793794,0.9413175287116544,1.0623407824654685,0.8860786898598165,46.90839552525819,1.0,0.8842317393017435,-0.0539526125633424,223488,68.73931933705613,41.91809439484752,6.0,240.0,6.0,11.0,17.0,35.0,63.0,97.0,126.0,144.0,181.0,62.0,234.0,7.262725587222175,1.6398483836017466,0.6098124741286204,2.689102721201261,41.91809439484752,0.8580645161290322,0.6143386389410599,-0.0749061344863419,0.0386459380388259,0.0457985661923885,733.9449462890625,55.746681213378906,183.55813598632807,7472.1875,284.9496459960937,15.887451171875,1.4825797080993652,30.101497650146484,0.0389796867966651,0.0172893460839986,5.408909860027747,1.3163942808857914,0.6127305983011158,0.111692272408881,0.3337675656434497,0.9093645306284848
205_11,0,,42,205_11/0/42,0/42,2.png,C:\Users\u1021\Downloads\20260803\NASH_datasource_fromDrTsui_205\11\fast_035\0\42\2.png,475,735,349125,31.80179018976012,34.38195488721804,0.0,0.0,68.19820981023989,65.61804511278196,349125,44.96135195130684,48.28085258323049,0.0,241.0,0.0,0.0,0.0,0.0,30.0,79.0,117.0,139.0,174.7600000000093,79.0,241.0,5.891973227654088,0.9312460229197232,1.073830089351376,0.8672191552038017,48.28085258323049,1.0,0.9027743389492716,-0.105314335889231,229089,68.36488002479386,44.25801794761344,6.0,241.0,6.0,9.0,14.0,31.0,63.0,99.0,131.0,150.0,183.0,68.0,235.0,7.287017288898017,1.544689147754308,0.6473794429473496,2.386064563189929,44.25801794761344,0.8867924528301887,0.5913288381763818,-0.3045088551106154,0.0372127704322338,0.0446770153939724,713.544921875,53.67933654785156,174.9468231201172,7034.82177734375,286.4799194335937,13.641357421875,1.4825797080993652,30.6496524810791,0.0350932665169239,0.0155343953520059,5.088333302903364,1.272439061026323,0.6187173869408922,0.1021838766788811,0.3191815361554299,0.920099717435155
205_11,0,,42,205_11/0/42,0/42,3.png,C:\Users\u1021\Downloads\20260803\NASH_datasource_fromDrTsui_205\11\fast_035\0\42\3.png,475,735,349125,31.80121732903688,33.60143215180809,0.0,0.0,68.19878267096313,66.3985678481919,349125,48.03660580021482,50.94589198634095,0.0,237.0,0.0,0.0,0.0,0.0,32.0,84.0,124.0,146.0,182.0,84.0,237.0,5.94365987261127,0.9428945873220528,1.060563941553779,0.8890502028012242,50.94589198634095,1.0,0.8560662919263061,-0.2474404137816908,231814,72.23562856427998,46.53744552684616,6.0,237.0,6.0,9.0,14.0,33.0,67.0,104.0,138.0,157.0,189.0,71.0,231.0,7.362065272641563,1.5522044183239332,0.6442450415646914,2.40933855626434,46.53744552684616,0.891566265060241,0.5405543934963863,-0.4312290090021493,0.0384911224246025,0.0462090671062469,759.9664306640625,55.52336120605469,180.0491485595703,7525.9296875,302.1309509277344,13.96484375,1.4825797080993652,32.744537353515625,0.0337729752063751,0.014990784227848,5.489153692598745,1.3227956966678136,0.6105553965466103,0.0955921666414538,0.3087022567095133,0.9229132702789296
205_11,0,,42,205_11/0/42,0/42,4.png,C:\Users\u1021\Downloads\20260803\NASH_datasource_fromDrTsui_205\11\fast_035\0\42\4.png,475,735,349125,31.80121732903688,33.92137486573577,0.0,0.0,68.19878267096313,66.07862513426423,349125,46.46037665592553,49.71806545480704,0.0,239.0,0.0,0.0,0.0,0.0,31.0,81.0,121.0,143.0,180.0,81.0,239.0,5.920384128125182,0.9344767587177604,1.0701175718614415,0.8732468125836511,49.71806545480704,1.0,0.8912460113373007,-0.1554461969732545,230697,70.1821263388774,45.62248122680891,6.0,239.0,6.0,9.0,14.0,32.0,65.0,101.0,135.0,154.0,187.0,69.0,233.0,7.327867089687458,1.538323310167458,0.6500584067019971,2.3664386066045657,45.62248122680891,0.8895705521472392,0.5793041728638991,-0.3703474007465188,0.0377902016043663,0.0451159738004207,723.236083984375,54.51228332519531,176.81373596191406,7206.95556640625,290.0566711425781,14.3798828125,1.4825797080993652,31.6743278503418,0.0344862975180149,0.0153681673109531,5.2024201341661565,1.2858757565196888,0.6168970575397733,0.0980825915710455,0.3126970105503,0.9233771174678326
205_11,0,,42,205_11/0/42,0/42,5.png,C:\Users\u1021\Downloads\20260803\NASH_datasource_fromDrTsui_205\11\fast_035\0\42\5.png,475,735,349125,31.80121732903688,33.98238453276047,0.0,0.0,68.19878267096313,66.01761546723954,349125,44.64592624418189,48.35610923010928,0.0,241.0,0.0,0.0,0.0,0.0,29.0,77.0,118.0,140.0,177.0,77.0,241.0,5.891109135781242,0.9232737487569158,1.0831023857727868,0.8524344151436485,48.35610923010928,1.0,0.9437708392184918,-0.0135215928797247,230484,67.49498880616441,44.77833865878337,6.0,241.0,6.0,9.0,14.0,30.0,61.0,98.0,131.0,151.0,184.0,68.0,235.0,7.283710977789548,1.5073133757928092,0.6634320480796005,2.2719936128439144,44.77833865878337,0.8875,0.6388681279362897,-0.2803428722048737,0.0362465977668762,0.0437866300344467,699.412109375,52.28563690185547,170.87655639648438,6723.240234375,273.17242431640625,13.385009765625,1.4825797080993652,30.43541145324707,0.0340066291391849,0.0152385914698243,4.920070075609849,1.247675560126574,0.6218788430766627,0.0998222510835682,0.3154800876984154,0.9232642434477842
205_11,0,,43,205_11/0/43,0/43,1.png,C:\Users\u1021\Downloads\20260803\NASH_datasource_fromDrTsui_205\11\fast_035\0\43\1.png,475,735,349125,31.80236305048335,35.89889008234873,0.0,0.0,68.19763694951665,64.10110991765127,349125,33.713604010025065,39.80310458388375,0.0,240.0,0.0,0.0,0.0,0.0,18.0,56.0,90.0,114.0,163.0,56.0,240.0,5.654465870422006,0.847009406991727,1.1806244319666304,0.717424935532477,39.80310458388375,1.0,1.3523964878148942,1.562662408777606,223793,52.34155670642067,38.781242989160525,6.0,240.0,6.0,7.0,10.0,21.0,45.0,74.0,105.0,128.0,174.0,53.0,234.0,6.942454400852341,1.3496616578548113,0.7409264345476236,1.8215865906833972,38.781242989160525,0.8962962962962963,1.0840854492203782,1.0721811703582853,0.0341385304927825,0.0430732779204845,576.54248046875,49.244754791259766,171.53306579589844,6285.568359375,223.33897399902344,14.1845703125,0.0,,0.0452545993030071,0.0194404441863298,4.433383417207407,1.1530234099676648,0.6464218872485131,0.1184336522032489,0.3436572126703608,0.8963247027722021
205_11,0,,43,205_11/0/43,0/43,2.png,C:\Users\u1021\Downloads\20260803\NASH_datasource_fromDrTsui_205\11\fast_035\0\43\2.png,475,735,349125,31.80264948084497,37.758395989974936,0.0,0.0,68.19735051915504,62.24160401002506,349125,44.597737200143214,48.15704141572548,0.0,239.0,0.0,0.0,0.0,0.0,31.0,79.0,114.0,135.0,174.0,79.0,239.0,5.810896638512731,0.9260896410795704,1.0798090764024422,0.8576420233148874,48.15704141572548,1.0,0.8505762971172862,-0.1660436045101292,217301,71.28453619633596,42.87776452197227,6.0,239.0,6.0,7.0,12.0,39.0,68.0,99.0,129.0,148.0,183.0,60.0,233.0,7.228505323256128,1.662505892997452,0.601501627279665,2.763925844251255,42.87776452197227,0.9096774193548388,0.4850173451924863,-0.1134289409568856,0.0424424484372139,0.0511101968586444,883.1773681640625,61.2231330871582,211.543701171875,9183.845703125,337.6588439941406,15.91796875,0.0,,0.045630794018507,0.021378505975008,6.444804150506954,1.429906168171324,0.6120598193949806,0.1445463252480035,0.3798602577961192,0.8973357683352425
205_11,0,,43,205_11/0/43,0/43,3.png,C:\Users\u1021\Downloads\20260803\NASH_datasource_fromDrTsui_205\11\fast_035\0\43\3.png,475,735,349125,31.80264948084497,40.02090941639814,0.0,0.0,68.19735051915504,59.97909058360186,349125,39.30002721088435,43.41637719743792,0.0,239.0,0.0,0.0,0.0,0.0,26.0,70.0,101.0,122.0,161.0,70.0,239.0,5.692996861932396,0.9051890034989726,1.1047416574157871,0.819367132055463,43.41637719743792,1.0,0.9408855174461908,0.1421434534683858,209402,65.01822332164927,38.57967293399179,6.0,239.0,6.0,7.0,14.0,37.0,62.0,89.0,117.0,136.0,172.0,52.0,233.0,7.101528481417102,1.685297421595376,0.593367074076074,2.8402273992360225,38.57967293399179,0.902097902097902,0.6082270029633036,0.2457396896870043,0.0391669012606143,0.0482147112488746,756.6790771484375,56.4981689453125,195.40237426757807,8029.19189453125,296.71435546875,14.654541015625,0.0,,0.0481936335563659,0.0221367310732603,5.62520096579264,1.316383270045946,0.6300925296436882,0.1540396849572374,0.3921618193414916,0.8885551315930562
205_11,0,,43,205_11/0/43,0/43,4.png,C:\Users\u1021\Downloads\20260803\NASH_datasource_fromDrTsui_205\11\fast_035\0\43\4.png,475,735,349125,31.803222341568205,40.07876834944504,0.0,0.0,68.1967776584318,59.921231650554965,349125,40.16867597565342,43.61877717705624,0.0,241.0,0.0,0.0,0.0,0.0,28.0,71.0,102.0,122.0,161.0,71.0,241.0,5.696467442104785,0.9209033030110346,1.0858903391163293,0.8480628934966334,43.61877717705624,1.0,0.8872388710269469,0.0272586987931973,209200,66.53565009560229,37.93326976009448,6.0,241.0,6.0,8.0,17.0,39.0,64.0,89.0,117.0,135.0,171.0,50.0,235.0,7.106544818832753,1.7540183199708583,0.5701194728779196,3.076580266793393,37.93326976009448,0.8881118881118881,0.5841977877220036,0.2888487900422674,0.0399679765105247,0.0489250607788562,804.8414306640625,57.653717041015625,198.7068023681641,8304.681640625,310.1141967773437,15.34423828125,0.0,,0.0501986630260944,0.0227849502116441,5.82401536106878,1.3466321299008317,0.6242318468930713,0.152586341446991,0.3903058309944505,0.8849454567014575
205_11,0,,43,205_11/0/43,0/43,5.png,C:\Users\u1021\Downloads\20260803\NASH_datasource_fromDrTsui_205\11\fast_035\0\43\5.png,475,735,349125,31.80179018976012,39.09144289294665,0.0,0.0,68.19820981023989,60.90855710705336,349125,42.07157894736842,45.96017557979688,0.0,238.0,0.0,0.0,0.0,0.0,28.0,75.0,107.0,129.0,169.0,75.0,238.0,5.761181984109709,0.9153920414059992,1.092428112510184,0.8379425894694426,45.96017557979688,1.0,0.8969826111908149,0.0069053285361149,212647,68.62829007698204,40.77295667388045,6.0,238.0,6.0,8.0,14.0,38.0,66.0,94.0,123.0,143.0,180.0,56.0,232.0,7.1833734423777935,1.683181590825028,0.5941129616976384,2.8331002676922723,40.77295667388045,0.8940397350993378,0.5524336515207947,0.1196999183001241,0.0410912036895751,0.050410334020853,839.6705322265625,59.27397155761719,206.7891845703125,8801.134765625,332.5198974609375,15.863037109375,0.0,,0.0483803898096084,0.0221980214118957,6.162711346366922,1.3836612139868345,0.6206870984274654,0.147458229135659,0.3836797427242147,0.8916012706182538
205_11,0,,50,205_11/0/50,0/50,1.png,C:\Users\u1021\Downloads\20260803\NASH_datasource_fromDrTsui_205\11\fast_035\0\50\1.png,475,735,349125,31.80207662012173,35.98510562119584,0.0,0.0,68.19792337987826,64.01489437880416,349125,42.75922377372002,45.560069423149,0.0,240.0,0.0,0.0,0.0,0.0,33.0,73.0,106.0,130.0,174.0,73.0,240.0,5.78351088492247,0.9385241136615592,1.065502724377106,0.8808275119242154,45.560069423149,1.0,0.9295760427099516,0.2270647837451123,223492,66.53560753852487,40.87300266129527,6.0,240.0,6.0,8.0,12.0,37.0,62.0,90.0,122.0,144.0,182.0,53.0,234.0,7.14686589203361,1.627861992178295,0.614302689543029,2.649934665578688,40.87300266129527,0.8947368421052632,0.6938836612246213,0.3748521291232589,0.0393386036157608,0.0483488850295543,785.6561279296875,56.745849609375,187.8363037109375,8084.19921875,325.3410339355469,15.8447265625,1.4825797080993652,29.15236473083496,0.0446274653077125,0.0202143248170614,5.7638362321945324,1.3459841122838794,0.6140319891335391,0.1289098693017107,0.3586752709702892,0.8965812615101257
205_11,0,,50,205_11/0/50,0/50,2.png,C:\Users\u1021\Downloads\20260803\NASH_datasource_fromDrTsui_205\11\fast_035\0\50\2.png,475,735,349125,31.80236305048335,36.71951306838525,0.0,0.0,68.19763694951665,63.28048693161475,349125,42.15882563551737,45.18198726404768,0.0,239.0,0.0,0.0,0.0,0.0,32.0,73.0,105.0,128.0,173.0,73.0,239.0,5.766119677001984,0.9330892284382564,1.071708867193478,0.8706555082275003,45.18198726404768,1.0,0.9356569585367766,0.2468625059095943,220928,66.31498497247972,40.44396945166706,6.0,239.0,6.0,7.0,12.0,37.0,63.0,90.0,120.0,143.0,181.0,53.0,233.0,7.1351087701608735,1.63967547873188,0.6098767792596355,2.68853567555462,40.44396945166706,0.9066666666666666,0.6914735883590106,0.4165187083815951,0.0388193055987358,0.0472470596432685,769.508544921875,55.99675750732422,188.3982391357422,7780.57421875,304.2782592773437,15.73486328125,0.0,,0.0437892191112041,0.0203224867582321,5.576015896303866,1.3276052781151038,0.6185849845098778,0.1372449370934261,0.3701218688162866,0.8986806278744633
205_11,0,,50,205_11/0/50,0/50,3.png,C:\Users\u1021\Downloads\20260803\NASH_datasource_fromDrTsui_205\11\fast_035\0\50\3.png,475,735,349125,31.801503759398496,36.018045112781955,0.0,0.0,68.1984962406015,63.98195488721804,349125,41.05663587540279,44.88679897477853,0.0,239.0,0.0,0.0,0.0,0.0,29.0,71.0,104.0,127.0,174.0,71.0,239.0,5.772834618048956,0.9146706116974864,1.0932897451948909,0.8366223279030544,44.88679897477853,1.0,1.0156942419574757,0.4427336681084712,223377,63.90585422850159,41.21338029444909,6.0,239.0,6.0,7.0,10.0,33.0,59.0,88.0,119.0,143.0,183.0,55.0,233.0,7.131756111461459,1.5506093839409936,0.6449077442433778,2.404389461565868,41.21338029444909,0.9066666666666666,0.7566789603710512,0.4216653810484447,0.0383586883544921,0.047476440668106,747.82080078125,55.33232116699219,185.0210723876953,7751.814453125,307.3304748535156,15.3076171875,0.0,,0.0432550534605979,0.0197464134544134,5.49357308094886,1.3061645895876697,0.6212291548471884,0.1292802819125246,0.359206188752743,0.8990333809446546
205_11,0,,50,205_11/0/50,0/50,4.png,C:\Users\u1021\Downloads\20260803\NASH_datasource_fromDrTsui_205\11\fast_035\0\50\4.png,475,735,349125,31.801503759398496,37.17608306480487,0.0,0.0,68.1984962406015,62.823916935195136,349125,38.51479842463301,42.73054634856093,0.0,240.0,0.0,0.0,0.0,0.0,26.0,66.0,98.0,122.0,167.0,66.0,240.0,5.720681875575951,0.9013411181420596,1.1094578732426037,0.8124158112535785,42.73054634856093,1.0,1.07196703831963,0.6138795909293684,219334,60.97237546390436,39.351477183477165,6.0,240.0,6.0,7.0,11.0,31.0,56.0,83.0,114.0,137.0,176.0,52.0,234.0,7.070790701310773,1.5494304109505028,0.6453984592870788,2.400734598378244,39.351477183477165,0.9027777777777778,0.8197198211591576,0.5501203038327294,0.0362010970711708,0.0451043285429477,687.3818359375,52.220001220703125,175.45370483398438,6960.109375,271.76092529296875,14.75830078125,0.0,,0.0440490543842315,0.0203613396733999,4.98583950813875,1.2374091607197597,0.6332294778448239,0.1418713264145606,0.3763222081027517,0.8989146351684224
205_11,0,,50,205_11/0/50,0/50,5.png,C:\Users\u1021\Downloads\20260803\NASH_datasource_fromDrTsui_205\11\fast_035\0\50\5.png,475,735,349125,31.801503759398496,36.998496240601504,0.0,0.0,68.1984962406015,63.00150375939849,349125,39.12506981740064,43.220018164546296,0.0,239.0,0.0,0.0,0.0,0.0,26.0,68.0,100.0,122.0,168.0,68.0,239.0,5.722536230068488,0.9052534329912714,1.1046630297723954,0.8194837779424822,43.220018164546296,1.0,1.0282960203094549,0.4737771109333177,219954,61.776385062331215,39.71153077109487,6.0,239.0,6.0,7.0,10.0,32.0,58.0,85.0,114.0,137.0,177.0,53.0,233.0,7.071706451225358,1.5556283996812543,0.6428270403168894,2.419979717894861,39.71153077109487,0.9027777777777778,0.7475932772552007,0.445790089288145,0.0353663340210914,0.0443874597549438,686.4935302734375,51.0158576965332,168.74681091308594,6702.30615234375,265.4676818847656,14.569091796875,0.0,,0.0423349402844905,0.0197801403701305,4.795736995322806,1.2082895921643968,0.6378470700832134,0.1419127674568232,0.3763774553549055,0.9048088793888374
205_11,0,,56,205_11/0/56,0/56,1.png,C:\Users\u1021\Downloads\20260803\NASH_datasource_fromDrTsui_205\11\fast_035\0\56\1.png,475,735,349125,31.801503759398496,35.45979233798783,0.0,0.0,68.1984962406015,64.54020766201218,349125,37.33947440028643,44.19816803358926,0.0,237.0,0.0,0.0,0.0,0.0,18.0,64.0,103.0,128.0,172.0,64.0,237.0,5.740409376558653,0.8448195041004768,1.1836847931970411,0.7137199945085756,44.19816803358926,1.0,1.2481725606894356,0.9562550496638292,225326,57.62464163034892,43.190658649685616,6.0,237.0,6.0,7.0,9.0,20.0,50.0,84.0,119.0,142.0,182.0,64.0,231.0,7.072991806493439,1.334192240450317,0.7495171757725706,1.7800689344778369,43.190658649685616,0.906040268456376,0.9042583993242116,0.3558793258174808,0.0348275303840637,0.0451426617801189,633.35986328125,50.23863220214844,178.44326782226562,6764.2978515625,238.5397491455078,13.360595703125,0.0,,0.0396107211709022,0.0173905882984399,4.716416282436983,1.1715307741893817,0.6517375020622628,0.1200679969823265,0.3460964403968174,0.9121098567350984
205_11,0,,56,205_11/0/56,0/56,2.png,C:\Users\u1021\Downloads\20260803\NASH_datasource_fromDrTsui_205\11\fast_035\0\56\2.png,475,735,349125,31.80179018976012,36.68542785535266,0.0,0.0,68.19820981023989,63.31457214464733,349125,34.577394915861085,40.93663682906588,0.0,240.0,0.0,0.0,0.0,0.0,18.0,58.0,94.0,118.0,163.0,58.0,240.0,5.6728620159286205,0.8446564640920967,1.1839132742266747,0.7134445423325634,40.93663682906588,1.0,1.2974896257627964,1.2500456043856918,221047,54.30842761946554,39.80522998689798,6.0,240.0,6.0,7.0,9.0,22.0,47.0,77.0,110.0,133.0,172.0,55.0,234.0,6.985201328946317,1.3643540719986127,0.7329475687605943,1.861462033779196,39.80522998689798,0.9,0.984703578199978,0.7086090559995029,0.0321679711341857,0.0411067493259906,569.6185302734375,46.402225494384766,161.76028442382812,5669.22900390625,197.41754150390625,13.006591796875,0.0,,0.0411452315747737,0.0188133940100669,3.985631056470307,1.0832589978038776,0.6621018337956356,0.1321796392902494,0.3632032854975186,0.9125905742904123
205_11,0,,56,205_11/0/56,0/56,3.png,C:\Users\u1021\Downloads\20260803\NASH_datasource_fromDrTsui_205\11\fast_035\0\56\3.png,475,735,349125,31.80207662012173,36.40128893662728,0.0,0.0,68.19792337987826,63.59871106337272,349125,35.06124740422485,41.16444418874664,0.0,240.0,0.0,0.0,0.0,0.0,18.0,59.0,94.0,118.0,164.0,59.0,240.0,5.684647989041362,0.8517362032987135,1.1740724371314395,0.7254545600097074,41.16444418874664,1.0,1.2770895788986796,1.2019207448108826,222039,54.84433815681029,39.85183732474857,6.0,240.0,6.0,7.0,10.0,22.0,48.0,78.0,110.0,134.0,174.0,56.0,234.0,6.997948055259816,1.3762060130349665,0.7266353950849889,1.8939429903135976,39.85183732474857,0.900709219858156,0.9765798835956228,0.7161920427563881,0.032825905829668,0.0416447184979915,598.87841796875,47.351295471191406,163.91600036621094,5850.83984375,204.8188934326172,13.397216796875,0.0,,0.0421993248164653,0.0199052076786756,4.12311274473976,1.1103076593282677,0.6558147037242078,0.1295394101327645,0.3595538134090008,0.9105536441858216
205_11,0,,56,205_11/0/56,0/56,4.png,C:\Users\u1021\Downloads\20260803\NASH_datasource_fromDrTsui_205\11\fast_035\0\56\4.png,475,735,349125,31.80179018976012,36.77593984962406,0.0,0.0,68.19820981023989,63.22406015037594,349125,33.961543859649126,39.55655664324712,0.0,239.0,0.0,0.0,0.0,0.0,20.0,56.0,91.0,115.0,159.0,56.0,239.0,5.660716444776602,0.8585566273106549,1.164745537091016,0.7371194822990467,39.55655664324712,1.0,1.293143481658907,1.298742578849608,220731,53.41334021954325,38.01222016820635,6.0,239.0,6.0,8.0,11.0,23.0,46.0,74.0,106.0,130.0,168.0,51.0,233.0,6.964398302744495,1.405162339457838,0.7116615439507409,1.9744812002306245,38.01222016820635,0.8840579710144928,1.033691208405023,0.8660111099923702,0.033546507358551,0.0420319363474845,594.615234375,48.39076232910156,163.658447265625,6017.78125,204.2777099609375,13.812255859375,0.0,,0.0458088405430316,0.021935136988759,4.241463853888958,1.1276850286404203,0.6507460585549067,0.12906119837399,0.358869458637614,0.8992734393441215
205_11,0,,56,205_11/0/56,0/56,5.png,C:\Users\u1021\Downloads\20260803\NASH_datasource_fromDrTsui_205\11\fast_035\0\56\5.png,475,735,349125,31.80121732903688,34.61453634085213,0.0,0.0,68.19878267096313,65.38546365914787,349125,37.678968850698176,42.81967280386226,0.0,239.0,0.0,0.0,0.0,0.0,23.0,63.0,99.0,125.0,170.0,63.0,239.0,5.753444966911569,0.8799452770993523,1.1364343056609103,0.7743036906894558,42.81967280386226,1.0,1.2231657904840412,1.037203684093237,228277,57.451985964420416,40.91437351353978,6.0,239.0,6.0,8.0,11.0,25.0,49.0,81.0,115.0,139.0,179.0,56.0,233.0,7.081000501333116,1.4042005542479552,0.7121489853958702,1.971779196550265,40.91437351353978,0.891156462585034,0.9855319709102373,0.6768255064202418,0.0357278436422348,0.0440469905734062,647.7850341796875,51.53733825683594,166.9067840576172,6693.134765625,231.718994140625,15.301513671875,1.4825797080993652,25.68637084960937,0.0420991964638233,0.0191662926226854,4.710154869933279,1.2093222652557971,0.631469466810235,0.1118628869288234,0.3340340497343209,0.9053927744491358
205_11,1,,145,205_11/1/145,1/145,1.png,C:\Users\u1021\Downloads\20260803\NASH_datasource_fromDrTsui_205\11\fast_035\1\145\1.png,475,735,349125,31.80121732903688,32.983029001074115,0.0,0.0,68.19878267096313,67.01697099892588,349125,44.42142499104905,45.42274106250538,0.0,240.0,0.0,0.0,0.0,0.0,38.0,71.0,103.0,136.0,185.0,71.0,240.0,5.811245318337534,0.9779556220511124,1.0225412865899304,0.956397198701378,45.42274106250538,1.0,1.05646266297076,0.8609623645394202,233973,66.21266556397534,40.48039105661052,6.0,240.0,7.0,13.0,21.0,38.0,59.0,85.0,120.0,154.0,192.0,47.0,234.0,7.163905263400138,1.6356725771591254,0.611369300900565,2.6754247796703754,40.48039105661052,0.844311377245509,1.100826555193764,1.2345665940287542,0.0369714461266994,0.0422237440943717,706.0870361328125,53.33123016357422,158.69244384765625,6553.962890625,264.90594482421875,15.777587890625,1.4825797080993652,30.283912658691406,0.0391095951199531,0.018375115469098,4.736958101152655,1.2723924001975708,0.6031836197683281,0.0919209065241987,0.3026971388206312,0.9142597646777948
205_11,1,,145,205_11/1/145,1/145,2.png,C:\Users\u1021\Downloads\20260803\NASH_datasource_fromDrTsui_205\11\fast_035\1\145\2.png,475,735,349125,31.80121732903688,33.10504833512352,0.0,0.0,68.19878267096313,66.89495166487647,349125,44.41558467597565,43.81576706316362,0.0,242.0,0.0,0.0,0.0,0.0,40.0,71.0,101.0,129.0,175.0,71.0,242.0,5.77591210567487,1.013689538105024,0.9864953345275568,1.0275664796635768,43.81576706316362,1.0,0.9140351858972188,0.5065369181613621,233547,66.320273863505,37.68590306378561,6.0,242.0,7.0,15.0,24.0,40.0,61.0,84.0,117.0,144.0,182.0,44.0,236.0,7.108015119687272,1.7598164956072309,0.568241065188417,3.0969540982113144,37.68590306378561,0.8113207547169812,1.0098979242668529,1.145756333302427,0.0387166813015937,0.0432300940155983,727.583984375,55.848724365234375,168.1071014404297,7007.76416015625,294.8603820800781,16.876220703125,1.4825797080993652,30.279714584350582,0.0448923408985137,0.0207273941487073,5.002813416311171,1.322178219057065,0.5927512119057763,0.0909125064355698,0.3010205066029922,0.9005043871725446
205_11,1,,145,205_11/1/145,1/145,3.png,C:\Users\u1021\Downloads\20260803\NASH_datasource_fromDrTsui_205\11\fast_035\1\145\3.png,475,735,349125,31.801503759398496,33.03458646616541,0.0,0.0,68.1984962406015,66.96541353383458,349125,45.07763408521304,45.48626533984896,0.0,240.0,0.0,0.0,0.0,0.0,39.0,73.0,105.0,133.0,182.0,73.0,240.0,5.824084754254451,0.9910163815036728,1.0090650554965566,0.9821134684086328,45.48626533984896,1.0,0.9588556537586342,0.5484920885228348,233793,67.24158550512632,40.02881907471912,6.0,240.0,7.0,13.0,21.0,38.0,62.0,87.0,120.0,150.0,189.0,49.0,234.0,7.181967701361979,1.6798293594325364,0.5952985607644161,2.8218266768115257,40.02881907471912,0.8404907975460123,0.968315386132882,0.97292742854048,0.0376532822847366,0.0440700389444828,726.7379150390625,54.31477355957031,167.71282958984375,6991.35791015625,287.8956604003906,16.204833984375,1.4825797080993652,30.733264923095703,0.0405745580792427,0.0193028431385755,5.061741989382236,1.2989797587910348,0.6020483852910082,0.0901145669222254,0.299708897406841,0.9078611346870056
205_11,1,,145,205_11/1/145,1/145,4.png,C:\Users\u1021\Downloads\20260803\NASH_datasource_fromDrTsui_205\11\fast_035\1\145\4.png,475,735,349125,31.80121732903688,33.06179735051916,0.0,0.0,68.19878267096313,66.93820264948084,349125,44.790607948442535,45.6503085089577,0.0,240.0,0.0,0.0,0.0,0.0,39.0,72.0,105.0,137.0,183.0,72.0,240.0,5.822001769917975,0.98116769440131,1.0191937685129155,0.9626900445367826,45.6503085089577,1.0,1.0032562207620737,0.650301198288405,233698,66.83751679518011,40.53095267244172,6.0,240.0,7.0,12.0,20.0,38.0,60.0,86.0,123.0,152.0,189.0,48.0,234.0,7.179273333644003,1.6490487488744634,0.6064102111490257,2.719361776164433,40.53095267244172,0.8536585365853658,1.0090032916940026,0.9895690123865508,0.0376076027750968,0.0437282957136631,741.0750732421875,54.24888229370117,165.1241912841797,6921.771484375,287.4870910644531,16.949462890625,1.4825797080993652,30.53623390197754,0.0409850478172302,0.01889737136662,4.937874769104074,1.2888516431645491,0.6031855400249851,0.0914411572824687,0.3019120522559195,0.9108611815317084
205_11,1,,145,205_11/1/145,1/145,5.png,C:\Users\u1021\Downloads\20260803\NASH_datasource_fromDrTsui_205\11\fast_035\1\145\5.png,475,735,349125,31.801503759398496,33.23823845327605,0.0,0.0,68.1984962406015,66.76176154672395,349125,41.604746151092016,42.75324859730537,0.0,241.0,0.0,0.0,0.0,0.0,35.0,66.0,98.0,128.0,173.0,66.0,241.0,5.758531329493965,0.973136487076546,1.0276050824115703,0.9469946224796804,42.75324859730537,1.0,1.0605051357760118,0.8466911342530152,233082,62.23392625771188,38.17294298116626,6.0,241.0,7.0,12.0,20.0,35.0,55.0,80.0,115.0,143.0,180.0,45.0,235.0,7.081621838515954,1.6303151236837257,0.6133783496656048,2.657927402511881,38.17294298116626,0.8451612903225807,1.0900458037618517,1.1793773164304566,0.0367036089301109,0.0415376648306846,683.4569091796875,52.94487380981445,161.2423553466797,6393.3251953125,262.836181640625,15.39306640625,1.4825797080993652,28.364280700683597,0.0428038425743579,0.0202041920274496,4.623711569552589,1.260235517086658,0.6054256445681911,0.0915256792241319,0.3020409827759379,0.904063351594016
205_11,1,,147,205_11/1/147,1/147,1.png,C:\Users\u1021\Downloads\20260803\NASH_datasource_fromDrTsui_205\11\fast_035\1\147\1.png,475,735,349125,31.80121732903688,32.42391693519513,0.0,0.0,68.19878267096313,67.57608306480488,349125,44.32401288936627,44.82328317845141,0.0,240.0,0.0,0.0,0.0,0.0,37.0,72.0,106.0,133.0,175.0,72.0,240.0,5.814330624614147,0.988861362807864,1.0112641039594346,0.9778467948542262,44.82328317845141,1.0,0.9562540700836007,0.4753416245212363,235925,65.55379887676169,39.78616726020484,6.0,240.0,7.0,13.0,19.0,36.0,60.0,86.0,121.0,146.0,183.0,50.0,234.0,7.176367032909331,1.6476530259382465,0.606923899788037,2.714760493883459,39.78616726020484,0.8364779874213837,0.9309884491100464,0.7738513901756057,0.0400756523013114,0.0468910634517669,766.501708984375,57.80903625488281,193.41867065429688,7917.08837890625,303.4102783203125,14.935302734375,1.4825797080993652,30.21796226501465,0.0449777878820896,0.0205023158341646,5.65921336819621,1.3673375045960163,0.5958901548891092,0.0828278178601029,0.2872844673867339,0.8933627885956114
205_11,1,,147,205_11/1/147,1/147,2.png,C:\Users\u1021\Downloads\20260803\NASH_datasource_fromDrTsui_205\11\fast_035\1\147\2.png,475,735,349125,31.80121732903688,31.937271750805586,0.0,0.0,68.19878267096313,68.06272824919442,349125,44.10404010025063,44.279827693542586,0.0,240.0,0.0,0.0,0.0,0.0,37.0,70.0,104.0,132.0,176.0,70.0,240.0,5.770302430617604,0.9960300750375868,1.0039857480832228,0.9920759103793804,44.279827693542586,1.0,1.022524540305933,0.7476561782244282,237624,64.79059775106892,39.25267457562816,6.0,240.0,10.0,17.0,22.0,35.0,57.0,84.0,120.0,145.0,185.0,49.0,234.0,7.128207069728537,1.6506033907635214,0.6058390559451285,2.7244915536000343,39.25267457562816,0.7901234567901234,1.0940823524949588,1.119791874446097,0.0407301932573318,0.0488282926380634,770.3907470703125,58.75321578979492,197.4555511474609,8412.9873046875,321.9167785644531,14.923095703125,1.4825797080993652,30.067657470703125,0.0463203862309455,0.0209698900580406,5.971668858610857,1.3889592630110812,0.5901655165840395,0.0797465914850302,0.2818575508285831,0.8840393512492288
205_11,1,,147,205_11/1/147,1/147,3.png,C:\Users\u1021\Downloads\20260803\NASH_datasource_fromDrTsui_205\11\fast_035\1\147\3.png,475,735,349125,31.80121732903688,31.936985320443966,0.0,0.0,68.19878267096313,68.06301467955603,349125,44.01117078410312,44.00658331877859,0.0,241.0,0.0,0.0,0.0,0.0,37.0,70.0,105.0,132.0,173.0,70.0,241.0,5.766314234694872,1.000104244978332,0.9998957658875508,1.0002085008236794,44.00658331877859,1.0,0.9878824581903238,0.594952129787294,237625,64.65378642819569,38.87146519410211,6.0,241.0,9.0,17.0,22.0,35.0,57.0,85.0,120.0,144.0,181.0,50.0,235.0,7.122499593799686,1.663271145179407,0.6012248832057601,2.766470902386417,38.87146519410211,0.7888198757763976,1.0433543214972305,0.9182963615444376,0.0412039533257484,0.0482089668512344,803.2216796875,59.43661117553711,198.40362548828125,8368.7060546875,317.5680847167969,15.13671875,1.4825797080993652,30.006357192993164,0.0489641800522804,0.022126380354166,5.948088652191845,1.4051921015161712,0.5863588338759543,0.0797886346104603,0.2819355321312944,0.8827793099328439
205_11,1,,147,205_11/1/147,1/147,4.png,C:\Users\u1021\Downloads\20260803\NASH_datasource_fromDrTsui_205\11\fast_035\1\147\4.png,475,735,349125,31.80121732903688,31.920085929108488,0.0,0.0,68.19878267096313,68.0799140708915,349125,44.25119942713928,44.66139650127721,0.0,240.0,0.0,0.0,0.0,0.0,36.0,69.0,107.0,135.0,176.0,69.0,240.0,5.775128299191188,0.9908153997350664,1.009269739113249,0.9817151563521596,44.66139650127721,1.0,1.0277736973819969,0.6839245837272174,237684,64.99138351761162,39.77709461900904,6.0,240.0,10.0,17.0,22.0,35.0,56.0,85.0,123.0,147.0,184.0,50.0,234.0,7.136329003625415,1.633889657857338,0.6120364341563844,2.669595414053169,39.77709461900904,0.7926829268292683,1.0757760460771622,0.9337431770910696,0.0411242954432964,0.048178032040596,803.386962890625,59.32170867919922,201.4675750732422,8348.857421875,321.5174255371094,15.00244140625,1.4825797080993652,30.167036056518555,0.0475836209952831,0.0213868096470832,5.953559662046335,1.4044183103458312,0.588081690882463,0.0799606824096271,0.2822379567747218,0.8868765525511612
205_11,1,,147,205_11/1/147,1/147,5.png,C:\Users\u1021\Downloads\20260803\NASH_datasource_fromDrTsui_205\11\fast_035\1\147\5.png,475,735,349125,31.80121732903688,31.886573576799144,0.0,0.0,68.19878267096313,68.11342642320086,349125,46.230805585392055,45.20276725354592,0.0,241.0,0.0,0.0,0.0,0.0,40.0,74.0,107.0,135.0,177.0,74.0,241.0,5.787820298506633,1.0227428185110834,0.9777629154666736,1.046002872815995,45.20276725354592,1.0,0.9138011477677012,0.457734528547375,237801,67.8678937430877,39.135600737794334,6.0,241.0,10.0,18.0,24.0,39.0,61.0,87.0,123.0,148.0,185.0,48.0,235.0,7.1568144328439125,1.7341727854849511,0.5766438087196462,3.007355249916634,39.135600737794334,0.7831325301204819,1.0108376661420793,0.9612954232980716,0.0418447367846965,0.0479972958564758,813.8919677734375,60.360939025878906,194.3656311035156,8437.0654296875,318.01483154296875,16.2841796875,1.4825797080993652,31.51879501342773,0.0465708673000335,0.0214474871754646,6.039293513242172,1.4316891061370034,0.5807022450753655,0.079806167875253,0.2819734719045422,0.8873161820897361
205_11,1,,148,205_11/1/148,1/148,1.png,C:\Users\u1021\Downloads\20260803\NASH_datasource_fromDrTsui_205\11\fast_035\1\148\1.png,475,735,349125,31.801503759398496,33.55187969924812,0.0,0.0,68.1984962406015,66.44812030075188,349125,50.32812316505549,50.16673362869361,0.0,239.0,0.0,0.0,0.0,0.0,42.0,88.0,121.0,141.0,182.0,88.0,239.0,5.928299716608613,1.003217062875897,0.9967932534294476,1.0064444752453412,50.16673362869361,1.0,0.6987537818331452,-0.4023807180638701,231987,75.6354235366637,43.337978116723214,6.0,239.0,6.0,10.0,18.0,42.0,74.0,103.0,133.0,153.0,190.0,61.0,233.0,7.337249486136091,1.7452457826471046,0.5729851978116505,3.0458828418475044,43.337978116723214,0.8773006134969326,0.4619061675141578,-0.127069042221434,0.0386367291212081,0.0442238375544548,783.0701904296875,55.7333984375,169.72654724121094,7175.7314453125,285.1181945800781,16.180419921875,1.4825797080993652,34.309959411621094,0.0346034653484821,0.0167473349720239,5.256720700488336,1.3351674437413863,0.5981218830590452,0.0938567544770242,0.305882888398449,0.9225773471970068
205_11,1,,148,205_11/1/148,1/148,2.png,C:\Users\u1021\Downloads\20260803\NASH_datasource_fromDrTsui_205\11\fast_035\1\148\2.png,475,735,349125,31.801503759398496,33.35481561045471,0.0,0.0,68.1984962406015,66.64518438954529,349125,51.4199126387397,50.74820006098984,0.0,241.0,0.0,0.0,0.0,0.0,44.0,89.0,122.0,143.0,183.0,89.0,241.0,5.937035861755205,1.0132361852625826,0.9869367226959505,1.026647567125471,50.74820006098984,1.0,0.6590360290852616,-0.4972668679435736,232675,77.06149779735682,43.505549307854224,6.0,241.0,6.0,11.0,18.0,44.0,75.0,105.0,134.0,154.0,190.0,61.0,235.0,7.350155890637144,1.7713027193853776,0.5645562382171405,3.137513323702034,43.505549307854224,0.8666666666666667,0.4146873485155402,-0.1940858138816157,0.0391121283173561,0.044382493942976,798.516845703125,56.41915893554688,170.95851135253906,7281.8935546875,292.8233642578125,16.40625,1.4825797080993652,35.054813385009766,0.0346964821219444,0.0171455852687358,5.298543973679535,1.3499878843286437,0.5943118415607311,0.0926037337186088,0.3038355182990696,0.9238808822455864
205_11,1,,148,205_11/1/148,1/148,3.png,C:\Users\u1021\Downloads\20260803\NASH_datasource_fromDrTsui_205\11\fast_035\1\148\3.png,475,735,349125,31.801503759398496,33.5077694235589,0.0,0.0,68.1984962406015,66.4922305764411,349125,49.72018045112782,49.53005196444686,0.0,239.0,0.0,0.0,0.0,0.0,41.0,87.0,119.0,139.0,180.0,87.0,239.0,5.916846018583915,1.0038386490451785,0.9961760298342472,1.0076920333168486,49.53005196444686,1.0,0.6951955313131819,-0.4108131602878173,232141,74.67393092990898,42.78711066358161,6.0,239.0,6.0,11.0,18.0,41.0,73.0,103.0,130.0,150.0,188.0,62.0,233.0,7.319617635754611,1.745243597237519,0.5729859153088215,3.0458752136985554,42.78711066358161,0.8633540372670807,0.4557138248077038,-0.1330544795963213,0.0377822667360305,0.043302159756422,778.4774169921875,54.50083541870117,165.9397430419922,6872.00048828125,276.4637756347656,16.2109375,1.4825797080993652,33.89691925048828,0.0351029001176357,0.0174059644341468,5.026524207453821,1.310357987764876,0.6004020578678118,0.0935325324023442,0.3053578497544298,0.9238842228717626
205_11,1,,148,205_11/1/148,1/148,4.png,C:\Users\u1021\Downloads\20260803\NASH_datasource_fromDrTsui_205\11\fast_035\1\148\4.png,475,735,349125,31.80121732903688,33.7999283924096,0.0,0.0,68.19878267096313,66.2000716075904,349125,46.93205871822413,47.479989353355606,0.0,238.0,0.0,0.0,0.0,0.0,37.0,82.0,114.0,133.0,176.0,82.0,238.0,5.880732536332304,0.988459756571265,1.0116749754878898,0.9770526903609243,47.479989353355606,1.0,0.760789637268735,-0.2519168110141776,231121,70.77546826121382,41.507891423013,6.0,238.0,6.0,10.0,17.0,38.0,68.0,98.0,126.0,145.0,183.0,60.0,232.0,7.265284531973846,1.7051087355879069,0.5864728618935898,2.9073958001781905,41.507891423013,0.8709677419354839,0.5352344652405585,-0.0314637004021993,0.0363751351833343,0.0417582318186759,726.4822998046875,52.47105026245117,163.07449340820312,6381.60595703125,259.3262634277344,15.081787109375,1.4825797080993652,31.99399948120117,0.0351231433451175,0.017485337331891,4.693062378671805,1.262564568944136,0.6085637220433638,0.0962997587034562,0.3098519312289375,0.922585363311814
205_11,1,,148,205_11/1/148,1/148,5.png,C:\Users\u1021\Downloads\20260803\NASH_datasource_fromDrTsui_205\11\fast_035\1\148\5.png,475,735,349125,31.801503759398496,34.22269960615825,0.0,0.0,68.1984962406015,65.77730039384174,349125,55.05691084854995,60.89156427649267,0.0,238.0,0.0,0.0,0.0,0.0,31.0,101.0,153.0,174.0,202.0,101.0,238.0,6.070337827369165,0.904179610143548,1.1059749509737775,0.8175407673993387,60.89156427649267,1.0,0.852115303227717,-0.54639743800122,229645,83.55763460994143,57.120585746841485,6.0,238.0,6.0,9.0,14.0,32.0,73.0,131.0,167.0,183.0,207.0,99.0,232.0,7.55605726333301,1.4628287423428916,0.6836070218297617,2.139867929424486,57.120585746841485,0.90625,0.4076227325761167,-0.9931785329460768,0.0331857055425643,0.0425748862326145,678.36083984375,47.87030792236328,140.3470458984375,6063.267578125,276.52374267578125,14.190673828125,1.4825797080993652,37.53091812133789,0.0185040440410375,0.0096226688474416,4.589745047675258,1.1708211010071403,0.6300981477216294,0.099222588283772,0.3145049647239495,0.9565804704262924
205_11,1,,149,205_11/1/149,1/149,1.png,C:\Users\u1021\Downloads\20260803\NASH_datasource_fromDrTsui_205\11\fast_035\1\149\1.png,475,735,349125,31.80264948084497,40.38610812746151,0.0,0.0,68.19735051915504,59.613891872538495,349125,36.40164697457931,42.01401113380758,0.0,240.0,0.0,0.0,0.0,0.0,14.0,68.0,99.0,116.0,149.0,68.0,240.0,5.619567506794606,0.8664168450530984,1.1541788524883945,0.7506781493917646,42.01401113380758,1.0,0.9720427325003532,0.0278258729207121,208127,60.51291759358469,38.98349770799035,6.0,240.0,6.0,7.0,9.0,27.0,59.0,88.0,112.0,128.0,159.0,61.0,234.0,7.000587033451233,1.5522700925110038,0.6442177845366889,2.4095424401041203,38.98349770799035,0.8962962962962963,0.4677689975505127,-0.2228764765513351,0.0341278240084648,0.0448509268462657,637.61474609375,49.229305267333984,173.92527770996094,6609.2734375,230.6769561767578,13.946533203125,0.0,,0.0424669757485389,0.0195156149566173,4.726805574477358,1.1560342505211822,0.6608772107427289,0.1733910004108872,0.4161045518601321,0.9013731961252656
205_11,1,,149,205_11/1/149,1/149,2.png,C:\Users\u1021\Downloads\20260803\NASH_datasource_fromDrTsui_205\11\fast_035\1\149\2.png,475,735,349125,31.80207662012173,40.33054063730756,0.0,0.0,68.19792337987826,59.66945936269244,349125,37.38694163981382,42.751773582032975,0.0,241.0,0.0,0.0,0.0,0.0,15.0,70.0,101.0,118.0,151.0,70.0,241.0,5.635868600915783,0.8745120613084039,1.1434948061251975,0.7647713453738735,42.751773582032975,1.0,0.931544064574847,-0.1050113267890151,208321,62.11146259858584,39.31326221459751,6.0,241.0,6.0,7.0,9.0,29.0,61.0,90.0,114.0,129.0,160.0,61.0,235.0,7.025901630706497,1.579911182631979,0.6329469725849379,2.496119345005578,39.31326221459751,0.8970588235294118,0.419879724317113,-0.3132208252867365,0.0350536629557609,0.0451417118310928,669.1043701171875,50.56483459472656,174.02725219726562,6797.0029296875,244.63131713867188,14.288330078125,0.0,,0.0433214232325553,0.0201483741402626,4.828445391538372,1.1780932515757006,0.6555621483421109,0.1720345951976594,0.4144695535868083,0.9025969963713218
205_11,1,,149,205_11/1/149,1/149,3.png,C:\Users\u1021\Downloads\20260803\NASH_datasource_fromDrTsui_205\11\fast_035\1\149\3.png,475,735,349125,31.8046544933763,42.85857500895095,0.0,0.0,68.19534550662371,57.14142499104905,349125,36.62253634085213,43.19302794397554,0.0,242.0,0.0,0.0,0.0,0.0,14.0,68.0,100.0,118.0,159.0,68.0,242.0,5.621064408530522,0.8478807364085286,1.17941115661599,0.7189017431726686,43.19302794397554,1.0,1.077779106843987,0.4981227101740759,199495,63.39113260983984,39.88632279870633,6.0,242.0,6.0,7.0,11.0,31.0,61.0,90.0,115.0,132.0,175.0,59.0,236.0,7.091075028903088,1.5892949803809908,0.6292098146313133,2.525858534664214,39.88632279870633,0.8992805755395683,0.6203925734407126,0.3610224395546866,0.0364281348884105,0.0494470857083797,674.6790771484375,52.54750061035156,188.2537384033203,7848.826171875,276.1239318847656,14.349365234375,0.0,,0.0436597242951393,0.0202504303306341,5.606942784561149,1.2259502788684111,0.6575994228164168,0.18378771352979,0.4284316808483173,0.8891977601534672
205_11,1,,149,205_11/1/149,1/149,4.png,C:\Users\u1021\Downloads\20260803\NASH_datasource_fromDrTsui_205\11\fast_035\1\149\4.png,475,735,349125,31.804081632653062,42.57730039384175,0.0,0.0,68.19591836734695,57.422699606158254,349125,37.12950948800573,43.16183855137522,0.0,242.0,0.0,0.0,0.0,0.0,15.0,69.0,100.0,118.0,157.0,69.0,242.0,5.623037536817182,0.8602392931851304,1.1624672436170524,0.7400116415396527,43.16183855137522,1.0,1.0166267924258567,0.3029252521288601,200477,63.98296063887628,39.351837775986056,6.0,242.0,6.0,7.0,11.0,33.0,62.0,90.0,114.0,130.0,172.0,57.0,236.0,7.08206854238801,1.6259205225205782,0.6150362125017975,2.64361754555359,39.351837775986056,0.8978102189781022,0.5526648605693384,0.2667029952146591,0.0365365445613861,0.0480955690145492,682.69775390625,52.703887939453125,191.3603363037109,7590.9716796875,277.5424194335937,13.8427734375,0.0,,0.0433726944029331,0.0202335994690656,5.446427996629638,1.2335510372738547,0.6528171572753816,0.1810267784399644,0.4251999010897241,0.8920125864600497
205_11,1,,149,205_11/1/149,1/149,5.png,C:\Users\u1021\Downloads\20260803\NASH_datasource_fromDrTsui_205\11\fast_035\1\149\5.png,475,735,349125,31.80436806301468,41.74579305406373,0.0,0.0,68.19563193698532,58.25420694593627,349125,38.44289867525958,43.00535984069526,0.0,242.0,0.0,0.0,0.0,0.0,20.0,72.0,101.0,117.0,152.0,72.0,242.0,5.629064567097871,0.8939094758807644,1.118681507447614,0.799074151069423,43.00535984069526,1.0,0.8790933578393022,-0.1162898275751835,203380,65.36626511948077,37.90088034560022,6.0,242.0,6.0,7.0,12.0,36.0,65.0,91.0,114.0,129.0,164.0,55.0,236.0,7.060312171838019,1.724663504473687,0.5798232509739158,2.9744642036634605,37.90088034560022,0.8970588235294118,0.4170017570709616,0.0389322355805838,0.0371419936418533,0.0484342873096466,702.604736328125,53.577247619628906,180.8319091796875,7751.82861328125,285.4933166503906,14.95361328125,0.0,,0.0474178045988082,0.021750709041953,5.432686596532844,1.2494202941205648,0.6442126161183368,0.175386272181278,0.4185035552295468,0.8904730222462258
205_11,1,,150,205_11/1/150,1/150,1.png,C:\Users\u1021\Downloads\20260803\NASH_datasource_fromDrTsui_205\11\fast_035\1\150\1.png,475,735,349125,31.80179018976012,36.4422484783387,0.0,0.0,68.19820981023989,63.5577515216613,349125,40.53479126387397,44.69252653552544,0.0,236.0,0.0,0.0,0.0,0.0,24.0,72.0,107.0,126.0,161.0,72.0,236.0,5.748877997916957,0.9069702343109524,1.1025720163349402,0.8225950059260642,44.69252653552544,1.0,0.921105793906818,-0.043675254022057,221896,63.482442225186574,41.18946429400764,6.0,236.0,6.0,7.0,9.0,30.0,60.0,91.0,120.0,137.0,171.0,61.0,230.0,7.104738739649818,1.541230101271848,0.6488323834155482,2.375390225066432,41.18946429400764,0.9027777777777778,0.5348833014155323,-0.2179190048724866,0.0357789099216461,0.0457245409488678,707.8514404296875,51.61100006103516,172.53985595703125,7014.09375,267.58184814453125,14.520263671875,0.0,,0.0408212691545486,0.019180679693818,5.089736718606194,1.2298171260832202,0.6357618443381604,0.136056314979502,0.3685051531566926,0.9059783396506084
205_11,1,,150,205_11/1/150,1/150,2.png,C:\Users\u1021\Downloads\20260803\NASH_datasource_fromDrTsui_205\11\fast_035\1\150\2.png,475,735,349125,31.80207662012173,37.62148227712137,0.0,0.0,68.19792337987826,62.37851772287863,349125,37.59149015395632,41.74166145748066,0.0,240.0,0.0,0.0,0.0,0.0,22.0,67.0,100.0,117.0,151.0,67.0,240.0,5.683353792199855,0.9005748415704097,1.1104018831530027,0.8110350452695685,41.74166145748066,1.0,0.9403063302151108,0.0216737735441325,217779,59.897772512501206,38.33187786789683,6.0,240.0,6.0,7.0,10.0,28.0,57.0,86.0,112.0,128.0,160.0,58.0,234.0,7.023726792616716,1.5626099174928745,0.6399549809618816,2.441749754247088,38.33187786789683,0.8962962962962963,0.5479608490001813,-0.137787245633187,0.0339388027787208,0.0432180687785148,648.7950439453125,48.95664596557617,165.02088928222656,6283.2744140625,245.48870849609372,14.111328125,0.0,,0.0431116595864295,0.0200940407812595,4.534531766396388,1.1566759141609544,0.6486393187641047,0.1476499793072704,0.383905600483087,0.9035598317072584
205_11,1,,150,205_11/1/150,1/150,3.png,C:\Users\u1021\Downloads\20260803\NASH_datasource_fromDrTsui_205\11\fast_035\1\150\3.png,475,735,349125,31.80179018976012,35.476978159684926,0.0,0.0,68.19820981023989,64.52302184031508,349125,43.110284282133904,46.62328372901713,0.0,241.0,0.0,0.0,0.0,0.0,27.0,77.0,113.0,131.0,165.0,77.0,241.0,5.796203222207479,0.9246513937692288,1.081488663444957,0.8549801999993776,46.62328372901713,1.0,0.8429955956278076,-0.2703536242284934,225266,66.58294194419042,42.60286457401235,6.0,241.0,6.0,7.0,10.0,32.0,64.0,96.0,125.0,141.0,173.0,64.0,235.0,7.159623175094018,1.5628747646421377,0.639846533211493,2.442577529955217,42.60286457401235,0.9054054054054054,0.4469131655950848,-0.3875995353956476,0.0376596823334693,0.0469952039420604,771.20361328125,54.324005126953125,177.01722717285156,7546.646484375,293.52740478515625,15.2099609375,0.0,,0.0409970320761203,0.019019179046154,5.464363432781922,1.2972044508619185,0.620567914146704,0.1213938486738502,0.3480418636158225,0.9072510861912768
205_11,1,,150,205_11/1/150,1/150,4.png,C:\Users\u1021\Downloads\20260803\NASH_datasource_fromDrTsui_205\11\fast_035\1\150\4.png,475,735,349125,31.80379520229144,38.38138202649481,0.0,0.0,68.19620479770856,61.6186179735052,349125,37.047478696741855,41.618594091222754,0.0,237.0,0.0,0.0,0.0,0.0,21.0,65.0,99.0,118.0,154.0,65.0,237.0,5.6797732842780375,0.89016651104404,1.123385330264942,0.7923964173843189,41.618594091222754,1.0,0.9933003102648632,0.1774452216322375,215126,59.71260563576695,38.35559693109465,6.0,237.0,6.0,7.0,10.0,29.0,56.0,84.0,113.0,129.0,163.0,55.0,231.0,7.035757942231401,1.556815964643697,0.6423366812202921,2.423675947769485,38.35559693109465,0.8970588235294118,0.6148271367656963,-0.0315566278056418,0.0341423042118549,0.0435250736773014,632.0804443359375,49.25019836425781,167.0188446044922,6367.51611328125,243.0233154296875,13.653564453125,0.0,,0.0427132211625576,0.0197534319013357,4.635307767995705,1.1645953945587415,0.6498446777361645,0.1496547463043915,0.386510172826583,0.9008645084969404
205_11,1,,150,205_11/1/150,1/150,5.png,C:\Users\u1021\Downloads\20260803\NASH_datasource_fromDrTsui_205\11\fast_035\1\150\5.png,475,735,349125,31.80264948084497,39.92094522019334,0.0,0.0,68.19735051915504,60.07905477980666,349125,33.906205513784464,38.513609782849,0.0,240.0,0.0,0.0,0.0,0.0,20.0,60.0,91.0,109.0,142.0,60.0,240.0,5.606896417052543,0.8803694513435011,1.1358867558090924,0.775050370858857,38.513609782849,1.0,1.0597959371292835,0.4734029701643769,209751,55.9393900386649,35.37283438306201,6.0,240.0,6.0,7.0,12.0,28.0,51.0,79.0,105.0,120.0,151.0,51.0,234.0,6.95370950886602,1.581422326322004,0.6323421538671152,2.500896574189699,35.37283438306201,0.889763779527559,0.7173948382497408,0.3393428049520528,0.032574214041233,0.0422982722520828,585.02294921875,46.98823165893555,162.89401245117188,5930.744140625,232.74534606933597,12.908935546875,0.0,,0.047226183116436,0.0214383136481046,4.294411736684158,1.106310124014079,0.6601501400798131,0.1552838592591784,0.3937208781193458,0.8911961097727595
205_11,1,,154,205_11/1/154,1/154,1.png,C:\Users\u1021\Downloads\20260803\NASH_datasource_fromDrTsui_205\11\fast_035\1\154\1.png,475,735,349125,31.801503759398496,35.53111349803079,0.0,0.0,68.1984962406015,64.46888650196921,349125,39.98992051557465,44.46972077679098,0.0,241.0,0.0,0.0,0.0,0.0,23.0,71.0,103.0,123.0,172.0,71.0,241.0,5.759275807149318,0.8992617857057839,1.112023234941705,0.8086717592307551,44.46972077679098,1.0,1.0231461291568833,0.4074942071963821,225077,61.79644299506391,41.5719400244958,6.0,241.0,6.0,7.0,10.0,27.0,58.0,88.0,116.0,136.0,182.0,61.0,235.0,7.102839847642013,1.4864940861227804,0.6727238334383813,2.209664668078,41.5719400244958,0.902097902097902,0.7012045718204252,0.2677744024424906,0.0333070233464241,0.0403706580400466,626.3970947265625,48.04530334472656,157.8489227294922,5699.61865234375,221.41058349609372,14.105224609375,1.4825797080993652,27.26677703857422,0.0337786450982093,0.0172867402434349,4.220628413002088,1.1543376816327742,0.6405643882014797,0.1213334339776123,0.3479388910862441,0.9219469096195008
205_11,1,,154,205_11/1/154,1/154,2.png,C:\Users\u1021\Downloads\20260803\NASH_datasource_fromDrTsui_205\11\fast_035\1\154\2.png,475,735,349125,31.80121732903688,33.701969208736124,0.0,0.0,68.19878267096313,66.29803079126387,349125,49.57349373433584,50.09510781245199,0.0,239.0,0.0,0.0,0.0,0.0,40.0,86.0,119.0,140.0,186.0,86.0,239.0,5.923896963012296,0.9895875245928408,1.0105220358466458,0.979283468829786,50.09510781245199,1.0,0.7484295318077028,-0.2820402708085097,231463,74.65841624795324,43.79078245710005,6.0,239.0,6.0,10.0,17.0,41.0,72.0,103.0,132.0,154.0,193.0,62.0,233.0,7.3320374045013565,1.7048888386749628,0.5865485052838979,2.906645952238464,43.79078245710005,0.8780487804878049,0.5117359832985252,-0.0496404549278919,0.0410321652889251,0.0463360473513603,821.5709228515625,59.18880462646485,184.54368591308597,7970.85302734375,312.0860595703125,16.217041015625,1.4825797080993652,33.794410705566406,0.037298459559679,0.0179955903440713,5.763620553693316,1.4100055237400977,0.5896399463669771,0.0988523874158016,0.3139624866885918,0.9151752806966206
205_11,1,,154,205_11/1/154,1/154,3.png,C:\Users\u1021\Downloads\20260803\NASH_datasource_fromDrTsui_205\11\fast_035\1\154\3.png,475,735,349125,31.801503759398496,33.91679197994987,0.0,0.0,68.1984962406015,66.08320802005012,349125,48.70334693877551,49.1395602128636,0.0,238.0,0.0,0.0,0.0,0.0,40.0,85.0,117.0,138.0,181.0,85.0,238.0,5.904233672461213,0.9911229715488196,1.0089565358749666,0.982324744731762,49.1395602128636,1.0,0.7382182711471478,-0.3103506807950498,230713,73.57202238278727,42.7793821546039,6.0,238.0,6.0,10.0,17.0,41.0,71.0,101.0,130.0,151.0,189.0,60.0,232.0,7.303107671885924,1.719800957313954,0.5814626371425188,2.9577153327779926,42.7793821546039,0.8757763975155279,0.4993781697351677,-0.063925416859802,0.0401694923639297,0.0448447987437248,775.468505859375,57.94440460205078,178.72012329101562,7542.15966796875,297.7813720703125,16.351318359375,1.4825797080993652,33.20212173461914,0.0366310775279998,0.0175280589610338,5.436718610957928,1.3750468361240038,0.5943062830246827,0.1021388803201248,0.3191428975427069,0.9167373054406246
205_11,1,,154,205_11/1/154,1/154,4.png,C:\Users\u1021\Downloads\20260803\NASH_datasource_fromDrTsui_205\11\fast_035\1\154\4.png,475,735,349125,31.801503759398496,35.015825277479415,0.0,0.0,68.1984962406015,64.98417472252058,349125,45.9543544575725,47.61220074864512,0.0,239.0,0.0,0.0,0.0,0.0,34.0,81.0,113.0,132.0,177.0,81.0,239.0,5.863624345963406,0.965180221350726,1.0360759347104578,0.9315728596866362,47.61220074864512,1.0,0.7918593393097693,-0.219925401831178,226876,70.521051146882,42.0011698308265,6.0,239.0,6.0,9.0,15.0,37.0,69.0,98.0,125.0,145.0,185.0,61.0,233.0,7.251969208286015,1.6790258802535427,0.5955834342761853,2.819127906561184,42.0011698308265,0.8831168831168831,0.5107745212560265,-0.0513036617928248,0.037457387894392,0.0424348451197147,719.769287109375,54.032203674316406,167.71160888671875,6666.408203125,259.96844482421875,15.484619140625,1.4825797080993652,31.33296203613281,0.035701286047697,0.0171973314136266,4.836248803018447,1.2839856886636345,0.6104814623230966,0.1126555485800276,0.3352358726378612,0.92136354312459
205_11,1,,154,205_11/1/154,1/154,5.png,C:\Users\u1021\Downloads\20260803\NASH_datasource_fromDrTsui_205\11\fast_035\1\154\5.png,475,735,349125,31.80236305048335,34.91786609380594,0.0,0.0,68.19763694951665,65.08213390619406,349125,48.92184461152882,49.58463546638826,0.0,242.0,0.0,0.0,0.0,0.0,40.0,87.0,118.0,138.0,180.0,87.0,242.0,5.89325867374547,0.9866331405157,1.0135479530692768,0.9734449539638732,49.58463546638826,1.0,0.7043490128544515,-0.4243537170769329,227218,74.98081137938016,42.80482481233226,6.0,242.0,6.0,9.0,17.0,42.0,74.0,103.0,130.0,150.0,188.0,61.0,236.0,7.296057141964718,1.751690649549811,0.5708770554075873,3.068420131720239,42.80482481233226,0.8867924528301887,0.4154018959339668,-0.1390256201177182,0.0393456518650054,0.0451191738247871,789.177978515625,56.75601959228516,180.6623077392578,7457.21240234375,281.7160339355469,16.2109375,1.4825797080993652,33.354034423828125,0.0366732217371463,0.0176351424306631,5.384398505014481,1.351392960923163,0.602134361242125,0.1141041330647651,0.3373950331398038,0.91921537294836
205_11,1,,155,205_11/1/155,1/155,1.png,C:\Users\u1021\Downloads\20260803\NASH_datasource_fromDrTsui_205\11\fast_035\1\155\1.png,475,735,349125,31.80207662012173,37.656426781238814,0.0,0.0,68.19792337987826,62.34357321876119,349125,48.32266953097028,49.36702949143007,0.0,240.0,0.0,0.0,0.0,0.0,41.0,87.0,116.0,134.0,175.0,87.0,240.0,5.804903954007729,0.9788449908528306,1.021612215769463,0.958137516117678,49.36702949143007,1.0,0.6468408793497485,-0.5726083152207662,217657,77.14998368993416,41.24372229629436,6.0,240.0,6.0,8.0,17.0,49.0,77.0,104.0,129.0,147.0,185.0,55.0,234.0,7.21498916151898,1.8705873135234907,0.5345914583994328,3.4990968975150305,41.24372229629436,0.896774193548387,0.279431625826931,-0.0477036159837513,0.0416513495147228,0.0486048720777034,867.9669189453125,60.08197784423828,198.23187255859372,8525.595703125,319.72296142578125,17.41943359375,1.4825797080993652,32.94564437866211,0.0433960817754268,0.0195764023810625,5.958105275598932,1.4042734556824217,0.6057625072590612,0.1405136492236554,0.3745145136406533,0.9099735623522696
205_11,1,,155,205_11/1/155,1/155,2.png,C:\Users\u1021\Downloads\20260803\NASH_datasource_fromDrTsui_205\11\fast_035\1\155\2.png,475,735,349125,31.80179018976012,37.2061582527748,0.0,0.0,68.19820981023989,62.79384174722521,349125,48.13078983172216,49.22961101236529,0.0,240.0,0.0,0.0,0.0,0.0,41.0,86.0,116.0,135.0,176.0,86.0,240.0,5.817923421129307,0.9776796696531456,1.0228299012853288,0.9558575364530844,49.22961101236529,1.0,0.6699928288949014,-0.5114382273658551,219229,76.31678290737084,41.51005092292528,6.0,240.0,6.0,8.0,16.0,48.0,76.0,103.0,129.0,148.0,186.0,55.0,234.0,7.223970646004301,1.8385133530448745,0.5439177247985927,3.380131349324308,41.51005092292528,0.8974358974358975,0.3237599449905428,-0.045317290721254,0.0409621074795722,0.0475074760615825,871.003173828125,59.08775329589844,194.1190185546875,8187.6455078125,313.7774658203125,17.3095703125,1.4825797080993652,32.81452178955078,0.0423256047070026,0.0195622704923152,5.818510630001076,1.395866792779792,0.604677402799857,0.1365094733243116,0.3691276251632427,0.9114381634343764
205_11,1,,155,205_11/1/155,1/155,3.png,C:\Users\u1021\Downloads\20260803\NASH_datasource_fromDrTsui_205\11\fast_035\1\155\3.png,475,735,349125,31.80264948084497,37.57708557107053,0.0,0.0,68.19735051915504,62.42291442892947,349125,47.657595417114216,48.30832310993432,0.0,239.0,0.0,0.0,0.0,0.0,41.0,85.0,114.0,132.0,172.0,85.0,239.0,5.7943542620183495,0.986529698177698,1.0136542284000007,0.9732408453865798,48.30832310993432,1.0,0.6387910595290879,-0.5639057356598518,217934,75.99477823561261,40.00444387715213,6.0,239.0,6.0,8.0,20.0,48.0,76.0,102.0,126.0,144.0,182.0,54.0,233.0,7.194278262488857,1.899658409675225,0.5264104298472086,3.608702073449805,40.00444387715213,0.8947368421052632,0.3050044290244201,0.0118051278133926,0.0408722013235092,0.0471201390027999,864.7818603515625,58.95805740356445,189.0520782470703,8096.06787109375,300.2757263183594,17.120361328125,1.4825797080993652,32.48900604248047,0.0440697818994522,0.0204450041055679,5.690752422685442,1.3793353395514416,0.6055410845768676,0.1369392737486796,0.3697101161154801,0.9093472454144133
205_11,1,,155,205_11/1/155,1/155,4.png,C:\Users\u1021\Downloads\20260803\NASH_datasource_fromDrTsui_205\11\fast_035\1\155\4.png,475,735,349125,31.80236305048335,35.41453634085213,0.0,0.0,68.19763694951665,64.58546365914786,349125,48.685997851772285,47.0008669070281,0.0,240.0,0.0,0.0,0.0,0.0,46.0,85.0,112.0,129.0,170.0,85.0,240.0,5.821532497268627,1.035853188582192,0.9653877702193826,1.072991828295894,47.0008669070281,1.0,0.5759910048648297,-0.5591550368039906,225484,75.17297901403204,37.92938200423593,6.0,240.0,6.0,13.0,25.0,49.0,74.0,99.0,123.0,141.0,179.0,50.0,234.0,7.187738232576816,1.9819194260965485,0.5045613796568567,3.928004611538873,37.92938200423593,0.8311688311688312,0.3960301595038572,0.1936737460976374,0.0416760928928852,0.0455269031226635,872.1768798828125,60.11766815185547,188.47036743164065,7927.005859375,299.4803466796875,17.88330078125,1.4825797080993652,33.19191360473633,0.046076588332653,0.0215716753154993,5.600678411014701,1.4122685702308884,0.5881378034333119,0.1097017660516068,0.3307969307815514,0.9038583849373064
205_11,1,,155,205_11/1/155,1/155,5.png,C:\Users\u1021\Downloads\20260803\NASH_datasource_fromDrTsui_205\11\fast_035\1\155\5.png,475,735,349125,31.80179018976012,35.19341210168278,0.0,0.0,68.19820981023989,64.80658789831722,349125,50.59865664160401,48.58695565382038,0.0,241.0,0.0,0.0,0.0,0.0,48.0,89.0,116.0,133.0,173.0,89.0,241.0,5.846667904780887,1.041404137400929,0.96024200796411,1.0845225773957732,48.58695565382038,1.0,0.5405072259524858,-0.6599575682904488,226256,77.87648504349056,39.08534683334517,6.0,241.0,6.0,12.0,26.0,50.0,77.0,103.0,127.0,144.0,183.0,53.0,235.0,7.224646611259537,1.992472661827609,0.5018889439028705,3.969947308130398,39.08534683334517,0.8461538461538461,0.3230024401683865,0.0750510964189667,0.0423410348594188,0.0466937310993671,884.85107421875,61.076847076416016,193.8243865966797,8267.158203125,310.30145263671875,17.7978515625,1.4825797080993652,34.49558639526367,0.0435838028788566,0.0205155368894338,5.8471893592919,1.4343577773354987,0.5870800427476313,0.1103538571028613,0.3317848972830413,0.906677189672231
205_11,1,,156,205_11/1/156,1/156,1.png,C:\Users\u1021\Downloads\20260803\NASH_datasource_fromDrTsui_205\11\fast_035\1\156\1.png,475,735,349125,31.80179018976012,37.377730039384176,0.0,0.0,68.19820981023989,62.62226996061583,349125,33.84361761546724,40.153662705769776,0.0,239.0,0.0,0.0,0.0,0.0,20.0,55.0,88.0,118.0,167.0,55.0,239.0,5.649679063024748,0.8428525652431744,1.1864471216404098,0.7104004467369995,40.153662705769776,1.0,1.4319031511857907,1.897671942144496,218630,53.70048941133422,38.96856657648094,6.0,239.0,6.0,7.0,11.0,25.0,46.0,71.0,108.0,137.0,176.0,46.0,233.0,6.960424443858353,1.378046310888545,0.7256650172774048,1.8990116349535289,38.96856657648094,0.9027777777777778,1.2139842207989902,1.3965533239604009,0.0289299190044403,0.0364483594894409,495.4979248046875,41.73134613037109,136.94375610351562,4505.8125,177.3540496826172,11.431884765625,0.0,,0.0336804427206516,0.0160534903407096,3.309374537004313,0.9910797728685528,0.6717665594663428,0.1378178824072824,0.3708953032147601,0.9252066473803336
205_11,1,,156,205_11/1/156,1/156,2.png,C:\Users\u1021\Downloads\20260803\NASH_datasource_fromDrTsui_205\11\fast_035\1\156\2.png,475,735,349125,31.80179018976012,36.09108485499464,0.0,0.0,68.19820981023989,63.90891514500537,349125,42.47698961689939,45.33175321258182,0.0,240.0,0.0,0.0,0.0,0.0,33.0,72.0,104.0,129.0,177.0,72.0,240.0,5.78959627873186,0.9370250785956786,1.06720729556001,0.8780159979172377,45.33175321258182,1.0,0.9827150345507234,0.4560219933944149,223122,66.20296519392978,40.67880989558065,6.0,240.0,6.0,8.0,14.0,37.0,62.0,88.0,120.0,146.0,186.0,51.0,234.0,7.155505199677068,1.6274558022682488,0.6144560107907452,2.648612388336589,40.67880989558065,0.8961038961038961,0.8037309555983309,0.6616937533142098,0.0352478101849556,0.0416174791753292,672.5863037109375,50.84489059448242,160.02655029296875,6189.1787109375,260.3955383300781,15.75927734375,1.4825797080993652,28.958255767822266,0.0359440222382545,0.0175519939512014,4.519698211005431,1.2145492142405203,0.6258489287472372,0.1273813752974968,0.3565419105330957,0.9189898337852436
205_11,1,,156,205_11/1/156,1/156,3.png,C:\Users\u1021\Downloads\20260803\NASH_datasource_fromDrTsui_205\11\fast_035\1\156\3.png,475,735,349125,31.80264948084497,37.90619405657,0.0,0.0,68.19735051915504,62.093805943430006,349125,38.60410168277838,43.18980266215748,0.0,239.0,0.0,0.0,0.0,0.0,26.0,66.0,97.0,123.0,172.0,66.0,239.0,5.718130549698273,0.893824451682502,1.1187879209587934,0.7989221504255254,43.18980266215748,1.0,1.111864508918344,0.794371947966868,216785,61.79361118158544,39.80116875028109,6.0,239.0,6.0,7.0,12.0,32.0,57.0,83.0,114.0,141.0,181.0,51.0,233.0,7.083069484378892,1.5525577042545773,0.6440984430141523,2.410435425040244,39.80116875028109,0.9054054054054054,0.8753750181393491,0.7699763611591193,0.0327299460768699,0.0399146862328052,609.6741943359375,47.21287536621094,152.01315307617188,5544.14892578125,226.9462432861328,14.593505859375,0.0,,0.0370166338980197,0.0178892388939857,4.029695490353289,1.1205379347521518,0.6476070105534264,0.1452663759805902,0.3808158441964342,0.9210341137914568
205_11,1,,156,205_11/1/156,1/156,4.png,C:\Users\u1021\Downloads\20260803\NASH_datasource_fromDrTsui_205\11\fast_035\1\156\4.png,475,735,349125,31.801503759398496,34.974006444683134,0.0,0.0,68.1984962406015,65.02599355531686,349125,47.569036877909056,56.46469989118933,0.0,239.0,0.0,0.0,0.0,0.0,25.0,81.0,142.0,166.0,197.0,81.0,239.0,5.961182469098246,0.8424562066136414,1.1870053210476372,0.7097324600618464,56.46469989118933,1.0,1.1139136096562008,0.0682578377812643,227022,72.96757142479584,55.29813078187068,6.0,239.0,6.0,9.0,14.0,26.0,54.0,117.0,158.0,177.0,202.0,91.0,233.0,7.397419592079122,1.3195305228783254,0.7578452962335988,1.741160800807547,55.29813078187068,0.9032258064516128,0.6844656283195445,-0.7253052346091082,0.0305127743631601,0.0400002412497997,584.9842529296875,44.01460647583008,127.38360595703124,5266.60546875,236.1610870361328,12.518310546875,1.4825797080993652,32.428653717041016,0.0177729092538356,0.0092431148514151,4.026124955407847,1.0745887884397327,0.6487909686453656,0.1066544735878211,0.3261382067357913,0.9559364725585776
205_11,1,,156,205_11/1/156,1/156,5.png,C:\Users\u1021\Downloads\20260803\NASH_datasource_fromDrTsui_205\11\fast_035\1\156\5.png,475,735,349125,31.80121732903688,33.971213748657355,0.0,0.0,68.19878267096313,66.02878625134264,349125,51.693241675617614,57.91092801484835,0.0,241.0,0.0,0.0,0.0,0.0,30.0,90.0,147.0,169.0,198.0,90.0,241.0,6.024593492930048,0.8926336262883489,1.120280449391191,0.7967947907806876,57.91092801484835,1.0,0.963032208045738,-0.2710430002240267,230523,78.16332860495481,54.91900845109438,6.0,241.0,7.0,11.0,16.0,31.0,63.0,123.0,161.0,178.0,203.0,92.0,235.0,7.482062053814003,1.4232472655539583,0.7026185991727716,2.0256327789068203,54.91900845109438,0.8835978835978836,0.5756175188307291,-0.8447396023179548,0.0332473926246166,0.0422104708850383,643.580810546875,47.95929718017578,137.29530334472656,6007.5048828125,274.8531799316406,14.251708984375,1.4825797080993652,35.240318298339844,0.0196490287780761,0.0099703352898359,4.512383305501444,1.15731783558118,0.6306046458136764,0.0956718155353072,0.3088212950543699,0.9525864253341642
205_11,1,,157,205_11/1/157,1/157,1.png,C:\Users\u1021\Downloads\20260803\NASH_datasource_fromDrTsui_205\11\fast_035\1\157\1.png,475,735,349125,31.80207662012173,34.088650196920874,0.0,0.0,68.19792337987826,65.91134980307912,349125,44.95062226996062,46.169454403851645,0.0,239.0,0.0,0.0,0.0,0.0,39.0,72.0,105.0,136.0,186.0,72.0,239.0,5.830341769605319,0.9736008980476636,1.0271149112590938,0.947898708679217,46.169454403851645,1.0,1.024396658858442,0.7465202123434818,230113,68.06477687049406,40.81997208913341,6.0,239.0,6.0,13.0,22.0,39.0,61.0,88.0,123.0,154.0,194.0,49.0,233.0,7.189184699487059,1.6674381041189743,0.5997224110026985,2.78034983106788,40.81997208913341,0.844311377245509,1.0482737990942184,1.1562170485075036,0.0380564332008361,0.0422421768307685,691.8232421875,54.89632415771485,171.80685424804688,6726.58837890625,264.3961486816406,16.3330078125,1.4825797080993652,30.646728515625,0.0361822880804538,0.0172523614019155,4.896956685488841,1.2978021132431126,0.6036405170164261,0.101826531279285,0.3186398163038866,0.91476219706231
205_11,1,,157,205_11/1/157,1/157,2.png,C:\Users\u1021\Downloads\20260803\NASH_datasource_fromDrTsui_205\11\fast_035\1\157\2.png,475,735,349125,31.80121732903688,31.99169351951307,0.0,0.0,68.19878267096313,68.00830648048694,349125,45.10499677765844,44.28107839372312,0.0,241.0,0.0,0.0,0.0,0.0,40.0,71.0,103.0,131.0,180.0,71.0,241.0,5.762287401836604,1.0186065564304798,0.9817333235163112,1.0375593168031605,44.28107839372312,1.0,0.9761227830429926,0.731356826086158,237434,66.31102537968447,38.43803178206225,6.0,241.0,9.0,17.0,24.0,39.0,59.0,85.0,118.0,147.0,187.0,46.0,235.0,7.113652210408449,1.7251410206344024,0.5796627568639348,2.976111541075508,38.43803178206225,0.7926829268292683,1.130336044996112,1.3600097080514448,0.0389952436089515,0.0404010452330112,714.5948486328125,56.25054931640625,168.3404083251953,6560.498046875,252.3198089599609,17.120361328125,1.4825797080993652,30.74899101257324,0.0415852405130863,0.0198897346854209,4.7288766995600025,1.3278534691407653,0.5847318667223359,0.0811548349032446,0.2843461013663358,0.9087318158623598
205_11,1,,157,205_11/1/157,1/157,3.png,C:\Users\u1021\Downloads\20260803\NASH_datasource_fromDrTsui_205\11\fast_035\1\157\3.png,475,735,349125,31.80121732903688,32.02921589688507,0.0,0.0,68.19878267096313,67.97078410311494,349125,46.10750877192982,45.35482063056903,0.0,239.0,0.0,0.0,0.0,0.0,41.0,72.0,107.0,136.0,182.0,72.0,239.0,5.790162616854352,1.0165955488500704,0.9836753673879032,1.033466509941776,45.35482063056903,1.0,0.960103776862248,0.6099988049513803,237303,67.82052902828873,39.42556421025938,6.0,239.0,9.0,18.0,25.0,40.0,60.0,86.0,123.0,151.0,189.0,46.0,233.0,7.152813924930489,1.720217082160117,0.5813219798656322,2.9591468097554667,39.42556421025938,0.7869822485207101,1.0836254767318056,1.1232761671872122,0.0397354289889335,0.0418890677392482,744.2100830078125,57.318267822265625,175.5548095703125,6936.55078125,268.906982421875,16.064453125,1.4825797080993652,31.434646606445312,0.0410381965339183,0.0193197838962078,5.03292543252186,1.3678517021304757,0.5806468836621762,0.0809518276134203,0.2839970499343138,0.907628222719106
205_11,1,,157,205_11/1/157,1/157,4.png,C:\Users\u1021\Downloads\20260803\NASH_datasource_fromDrTsui_205\11\fast_035\1\157\4.png,475,735,349125,31.80121732903688,32.00572860723236,0.0,0.0,68.19878267096313,67.99427139276763,349125,47.75959040458289,46.51934528471328,0.0,240.0,0.0,0.0,0.0,0.0,43.0,76.0,110.0,139.0,185.0,76.0,240.0,5.8183693654677215,1.026660846413012,0.9740314958867275,1.054032493557482,46.51934528471328,1.0,0.9039297001343478,0.4423987651373187,237385,70.22804726499147,40.06648063781996,6.0,240.0,10.0,18.0,25.0,41.0,63.0,90.0,125.0,154.0,192.0,49.0,234.0,7.195512216686933,1.7527880199864898,0.570519645614481,3.072265843008159,40.06648063781996,0.7906976744186046,1.0180878093586638,0.9823198075477216,0.040045641362667,0.0426746048033237,782.643310546875,57.7657470703125,177.3414764404297,7126.27197265625,278.1081237792969,16.265869140625,1.4825797080993652,32.55845642089844,0.0408868454396724,0.0195527635514736,5.184157461073597,1.3806176131976338,0.5799812980483489,0.0805697305306126,0.2833285084493518,0.909628778051923
205_11,1,,157,205_11/1/157,1/157,5.png,C:\Users\u1021\Downloads\20260803\NASH_datasource_fromDrTsui_205\11\fast_035\1\157\5.png,475,735,349125,31.801503759398496,32.19104905119943,0.0,0.0,68.1984962406015,67.80895094880057,349125,47.83727031865378,47.14823348514122,0.0,240.0,0.0,0.0,0.0,0.0,42.0,76.0,111.0,140.0,186.0,76.0,240.0,5.848659791361547,1.0146142661682056,0.9855962342975938,1.0294421091120465,47.14823348514122,1.0,0.9129505280118676,0.4247492051021448,236738,70.5236886346932,40.97991894455232,6.0,240.0,8.0,16.0,24.0,41.0,64.0,91.0,127.0,155.0,193.0,50.0,234.0,7.233163036626978,1.720932848357141,0.5810801978442289,2.9616098685546226,40.97991894455232,0.8128654970760234,0.9729787963841386,0.8838581432704409,0.0414360091090202,0.043987713754177,786.8795166015625,59.7713508605957,185.93299865722656,7598.79345703125,303.4644775390625,15.771484375,1.4825797080993652,32.61214065551758,0.0410713888704776,0.0190140269696712,5.485354712882618,1.4174685004807073,0.5770183050748084,0.0817669844452883,0.2854268517245135,0.9072791648044524
205_11,1,,158,205_11/1/158,1/158,1.png,C:\Users\u1021\Downloads\20260803\NASH_datasource_fromDrTsui_205\11\fast_035\1\158\1.png,475,735,349125,31.80121732903688,32.47719298245614,0.0,0.0,68.19878267096313,67.52280701754387,349125,49.24073899033298,45.270047158068856,0.0,239.0,0.0,0.0,0.0,0.0,48.0,82.0,108.0,127.0,172.0,82.0,239.0,5.7919494161360365,1.087711236933324,0.9193616522886944,1.1831157349510215,45.270047158068856,1.0,0.5778659809578488,-0.3355664767088142,235739,72.88455452852519,36.243920848583365,6.0,239.0,8.0,18.0,28.0,47.0,70.0,94.0,119.0,139.0,180.0,47.0,233.0,7.1418328401486,2.0109456378358126,0.4972784849003694,4.043902358330883,36.243920848583365,0.7707006369426752,0.6334967590595264,0.5876669660241784,0.0428081862628459,0.0458448529243469,846.1207275390625,61.75071716308594,183.39341735839844,8186.4736328125,306.8061218261719,18.05419921875,1.4825797080993652,33.57267761230469,0.0486401095986366,0.0225626472383737,5.817915257957181,1.4606815624775908,0.5694570125492605,0.084797575192297,0.2906961289672892,0.8895786353050738
205_11,1,,158,205_11/1/158,1/158,2.png,C:\Users\u1021\Downloads\20260803\NASH_datasource_fromDrTsui_205\11\fast_035\1\158\2.png,475,735,349125,31.80121732903688,32.809452201933404,0.0,0.0,68.19878267096313,67.19054779806659,349125,45.62979735051916,43.07002644195212,0.0,241.0,0.0,0.0,0.0,0.0,43.0,76.0,102.0,121.0,166.0,76.0,241.0,5.762464141963035,1.0594327684478433,0.9439013307706942,1.1223977908610616,43.07002644195212,1.0,0.6740838568815865,-0.1293644551808235,234579,67.85271912660554,35.43130701991762,6.0,241.0,7.0,16.0,24.0,42.0,65.0,89.0,113.0,132.0,173.0,47.0,235.0,7.091367005569617,1.915049848103608,0.5221796189745438,3.667415920721652,35.43130701991762,0.7837837837837838,0.7091953955608681,0.7033967449614957,0.0402445010840892,0.0439926981925964,793.5792236328125,58.0526123046875,174.02725219726562,7397.197265625,278.8585205078125,17.620849609375,1.4825797080993652,31.109294891357425,0.0496498979628086,0.0235878527164459,5.270174172486562,1.3728185145167258,0.5836904293114938,0.0876563498110711,0.2955572577258604,0.889504912728075
205_11,1,,158,205_11/1/158,1/158,3.png,C:\Users\u1021\Downloads\20260803\NASH_datasource_fromDrTsui_205\11\fast_035\1\158\3.png,475,735,349125,31.801503759398496,32.64303616183316,0.0,0.0,68.1984962406015,67.35696383816685,349125,46.78742857142857,43.60827804438534,0.0,240.0,0.0,0.0,0.0,0.0,45.0,78.0,104.0,122.0,166.0,78.0,240.0,5.766930125023436,1.0729024549836028,0.9320511807527584,1.1511196779098418,43.60827804438534,1.0,0.6228340370545473,-0.2425863335379463,235160,69.41342490219425,35.423259352966774,6.0,240.0,8.0,16.0,25.0,44.0,67.0,90.0,114.0,133.0,174.0,46.0,234.0,7.100534888568983,1.9595437057482608,0.5103228864283715,3.839811534737626,35.423259352966774,0.785234899328859,0.6585149107149109,0.6417717636717231,0.0408292785286903,0.0441648550331592,797.1844482421875,58.89614868164063,175.14566040039062,7527.427734375,281.1370849609375,17.822265625,1.4825797080993652,31.89931297302246,0.0482559278607368,0.0226638671010732,5.372614232800497,1.3975587866895742,0.5783599627939904,0.0859117560910432,0.2926025343024144,0.8899952891991267
205_11,1,,158,205_11/1/158,1/158,4.png,C:\Users\u1021\Downloads\20260803\NASH_datasource_fromDrTsui_205\11\fast_035\1\158\4.png,475,735,349125,31.80121732903688,32.57944862155389,0.0,0.0,68.19878267096313,67.42055137844612,349125,47.05706838524883,43.59077724695777,0.0,241.0,0.0,0.0,0.0,0.0,46.0,78.0,103.0,121.0,167.0,78.0,241.0,5.757723356717855,1.0795189110451793,0.9263385659745508,1.1653610793041698,43.59077724695777,1.0,0.6142458744627858,-0.2206401012194163,235382,69.75060539888352,35.17717243404628,6.0,241.0,8.0,17.0,26.0,45.0,67.0,90.0,113.0,133.0,175.0,45.0,235.0,7.088726922238637,1.9828371802668057,0.5043278439359516,3.931643283448417,35.17717243404628,0.7733333333333333,0.6801435943229199,0.758534251674885,0.0413522869348526,0.0449193939566612,811.6412353515625,59.65058135986328,179.48703002929688,7756.7294921875,291.9480285644531,17.98095703125,1.4825797080993652,32.081153869628906,0.0503675900399684,0.0234395023435354,5.491418155152068,1.4103197848786484,0.5771776408153795,0.0858719751844597,0.2925427044695948,0.8871102384353403
205_11,1,,158,205_11/1/158,1/158,5.png,C:\Users\u1021\Downloads\20260803\NASH_datasource_fromDrTsui_205\11\fast_035\1\158\5.png,475,735,349125,31.80121732903688,32.553097028285,0.0,0.0,68.19878267096313,67.446902971715,349125,45.25578517722879,42.45928487187091,0.0,242.0,0.0,0.0,0.0,0.0,43.0,75.0,101.0,119.0,163.0,75.0,242.0,5.743820020050076,1.0658631042373148,0.938206788493309,1.136064156974405,42.45928487187091,1.0,0.6652724578037291,-0.1325428984737038,235474,67.05437118323042,34.82843698699167,6.0,242.0,8.0,16.0,24.0,42.0,64.0,87.0,111.0,130.0,170.0,45.0,236.0,7.06855210535786,1.9252764977157903,0.5194059145200349,3.70668959265678,34.82843698699167,0.7808219178082192,0.7173478465178181,0.7244992210464898,0.0400194898247718,0.0438164621591568,775.5611572265625,57.72802734375,170.28062438964844,7327.41552734375,278.9436340332031,17.6513671875,1.4825797080993652,30.85133552551269,0.0508096478879451,0.0238707978278398,5.242387438676762,1.3686905608696245,0.584006727688355,0.0858135959910527,0.2924283112158155,0.8864358670281848
205_11,1,,159,205_11/1/159,1/159,1.png,C:\Users\u1021\Downloads\20260803\NASH_datasource_fromDrTsui_205\11\fast_035\1\159\1.png,475,735,349125,31.80121732903688,34.38310060866452,0.0,0.0,68.19878267096313,65.61689939133548,349125,42.56197923379878,44.74583409412165,0.0,241.0,0.0,0.0,0.0,0.0,35.0,72.0,101.0,127.0,178.0,72.0,241.0,5.7788496918104295,0.9511942306019108,1.0513099930885883,0.9047704643303608,44.74583409412165,1.0,0.9869657389377056,0.5793869737428565,229085,64.7031538511906,40.30996412889417,6.0,241.0,6.0,8.0,12.0,36.0,61.0,86.0,116.0,144.0,186.0,50.0,235.0,7.119673257158697,1.6051404472675133,0.6229984433463969,2.5764758554541523,40.30996412889417,0.8947368421052632,0.848559336369248,0.8816404119974663,0.0354752726852893,0.0418531410396099,675.1080322265625,51.17300415039063,154.67282104492188,6263.5830078125,251.04916381835935,15.032958984375,1.4825797080993652,29.01692008972168,0.0386446118354797,0.0178899429738521,4.561734991476015,1.2300991950156943,0.6171394446633259,0.1091154047637304,0.3299336690647232,0.9153235234408252
205_11,1,,159,205_11/1/159,1/159,2.png,C:\Users\u1021\Downloads\20260803\NASH_datasource_fromDrTsui_205\11\fast_035\1\159\2.png,475,735,349125,31.801503759398496,34.915288220551375,0.0,0.0,68.1984962406015,65.08471177944863,349125,42.33980952380952,44.61183202981525,0.0,241.0,0.0,0.0,0.0,0.0,34.0,72.0,101.0,128.0,175.7600000000093,72.0,241.0,5.776140600435719,0.9490713023287796,1.0536616137757555,0.9007363369040456,44.61183202981525,1.0,0.9638207658405468,0.4490301525588269,227227,64.8606195566548,40.05631439455294,6.0,241.0,6.0,8.0,12.0,36.0,61.0,86.0,117.0,144.0,183.0,50.0,235.0,7.119005528091476,1.6192358317787436,0.6175752662918111,2.6219246789162,40.05631439455294,0.8947368421052632,0.8003254022052222,0.7067961645212204,0.0359689071774482,0.043694045394659,678.4881591796875,51.88506317138672,160.03125,6664.65966796875,252.0540008544922,15.130615234375,1.4825797080993652,28.86558532714844,0.0374360866844654,0.0184051226824522,4.869173647913191,1.2427010000133405,0.620618823697407,0.1187304930150376,0.3441851888754891,0.909145805256464
205_11,1,,159,205_11/1/159,1/159,3.png,C:\Users\u1021\Downloads\20260803\NASH_datasource_fromDrTsui_205\11\fast_035\1\159\3.png,475,735,349125,31.80207662012173,35.66229860365199,0.0,0.0,68.19792337987826,64.33770139634801,349125,39.42511994271393,41.8519270599816,0.0,240.0,0.0,0.0,0.0,0.0,32.0,66.0,94.0,120.0,168.0,66.0,240.0,5.7160665204281855,0.9420144474162538,1.0615548442412834,0.8873912191409501,41.8519270599816,1.0,1.029151729667531,0.71330775848178,224619,61.0421157604655,37.56673478125003,6.0,240.0,6.0,8.0,14.0,35.0,57.0,80.0,110.0,136.0,176.0,45.0,234.0,7.034167824542602,1.6248980944421152,0.6154232092587537,2.640293817321617,37.56673478125003,0.8888888888888888,0.9170419401380662,1.0361027078334368,0.0343375392258167,0.0403930321335792,632.8214111328125,49.53182220458984,150.197509765625,5848.427734375,231.1632537841797,15.12451171875,1.4825797080993652,26.87555503845215,0.0401677899062633,0.0201007314026355,4.307610790287204,1.1796250326477724,0.6300097441555417,0.1265504461149635,0.3553614306895712,0.9080932342886172
205_11,1,,159,205_11/1/159,1/159,4.png,C:\Users\u1021\Downloads\20260803\NASH_datasource_fromDrTsui_205\11\fast_035\1\159\4.png,475,735,349125,31.80179018976012,36.23372717508056,0.0,0.0,68.19820981023989,63.76627282491945,349125,38.83943573218761,41.40523813569551,0.0,238.0,0.0,0.0,0.0,0.0,31.0,65.0,94.0,119.0,165.0,65.0,238.0,5.702727843845263,0.9380319370438324,1.0660617837293018,0.879903914914204,41.40523813569551,1.0,1.0381036280924445,0.7167744590961997,222624,60.63982319965503,37.09345954738392,6.0,238.0,6.0,8.0,15.0,35.0,56.0,79.0,110.0,135.0,174.0,44.0,232.0,7.020599352649079,1.6347847825353825,0.611701314254408,2.672521285209257,37.09345954738392,0.8881118881118881,0.9289833783227026,1.018818909016109,0.0344122797250747,0.041450161486864,611.44873046875,49.63964080810547,155.1798858642578,6039.14892578125,232.36544799804688,14.813232421875,1.4825797080993652,26.47997093200684,0.0389278158545494,0.0193027276545763,4.430883467534336,1.1797944815420187,0.6329572287000814,0.1299296030831218,0.3600838024562452,0.9035852583603918
205_11,1,,159,205_11/1/159,1/159,5.png,C:\Users\u1021\Downloads\20260803\NASH_datasource_fromDrTsui_205\11\fast_035\1\159\5.png,475,735,349125,31.80207662012173,35.95331185105621,0.0,0.0,68.19792337987826,64.04668814894379,349125,39.50239312567132,41.86002115726786,0.0,241.0,0.0,0.0,0.0,0.0,32.0,66.0,95.0,120.0,167.0,66.0,241.0,5.717891183951631,0.9436782885813902,1.0596831696777478,0.8905287123399016,41.86002115726786,1.0,1.0098368987673187,0.62733821175159,223603,61.4243950215337,37.39394936895896,6.0,241.0,6.0,8.0,15.0,35.0,57.0,80.0,110.0,136.0,175.0,45.0,235.0,7.040662639349518,1.6426292504028104,0.608780100412054,2.6982308542788997,37.39394936895896,0.8888888888888888,0.8930163034026629,0.9475369237689976,0.0347859375178813,0.0412870906293392,641.5968017578125,50.17863464355469,154.0185089111328,6064.87646484375,236.0866241455078,14.19677734375,0.0,,0.0404908880591392,0.0200883373618125,4.471714440523254,1.1995227274901974,0.6273987706348462,0.1262221202289194,0.3549019920395735,0.9045052790314186
205_11,1,,160,205_11/1/160,1/160,1.png,C:\Users\u1021\Downloads\20260803\NASH_datasource_fromDrTsui_205\11\fast_035\1\160\1.png,475,735,349125,31.80121732903688,32.68113139992839,0.0,0.0,68.19878267096313,67.31886860007161,349125,41.89006516290727,41.78817267891136,0.0,241.0,0.0,0.0,0.0,0.0,37.0,68.0,96.0,120.0,169.0,68.0,241.0,5.737947559665188,1.002438309154574,0.9975676217356154,1.0048825636606815,41.78817267891136,1.0,0.9585815248061484,0.7011961201808528,235027,62.1738353465772,36.53566352739365,6.0,241.0,7.0,13.0,19.0,36.0,57.0,81.0,109.0,135.0,177.0,45.0,235.0,7.057911727174898,1.7017300178484671,0.58763728059773,2.8958850536465457,36.53566352739365,0.8243243243243243,1.0205521823038477,1.3669549610213316,0.0363543480634689,0.0437744967639446,697.2490234375,52.44106674194336,160.70469665527344,6737.3076171875,245.3913726806641,15.61279296875,1.4825797080993652,28.55974769592285,0.045480091124773,0.0222082696855068,4.854201510350534,1.249932390689945,0.6082274921073713,0.0875790882825744,0.2954401866538044,0.893066665861347
205_11,1,,160,205_11/1/160,1/160,2.png,C:\Users\u1021\Downloads\20260803\NASH_datasource_fromDrTsui_205\11\fast_035\1\160\2.png,475,735,349125,31.801503759398496,32.88077336197637,0.0,0.0,68.1984962406015,67.11922663802363,349125,47.176541353383456,44.19997572708366,0.0,242.0,0.0,0.0,0.0,0.0,46.0,79.0,104.0,123.0,169.0,79.0,242.0,5.77832158455342,1.0673431506994222,0.9369058107926278,1.1392214013449693,44.19997572708366,1.0,0.6434240752391321,-0.1453315513546753,234330,70.2252507148039,35.98306118370208,6.0,242.0,7.0,16.0,25.0,45.0,68.0,91.0,114.0,136.0,177.0,46.0,236.0,7.113913362123828,1.9516196900615908,0.512394912334811,3.8088194146360994,35.98306118370208,0.7894736842105263,0.6881341858650805,0.8558714523994393,0.0393677651882171,0.045838214457035,799.43212890625,56.78791046142578,173.1114959716797,7596.921875,272.69439697265625,17.041015625,1.4825797080993652,32.15875625610352,0.0484236031770706,0.0227275881916284,5.420158883275945,1.3516754575642562,0.5893751694018908,0.0887922670209,0.2974959067072945,0.8921775028453154
205_11,1,,160,205_11/1/160,1/160,3.png,C:\Users\u1021\Downloads\20260803\NASH_datasource_fromDrTsui_205\11\fast_035\1\160\3.png,475,735,349125,31.801503759398496,33.37830290010741,0.0,0.0,68.1984962406015,66.62169709989259,349125,51.09723451485858,49.35085231500536,0.0,240.0,0.0,0.0,0.0,0.0,48.0,88.0,115.0,136.0,186.0,88.0,240.0,5.873066282041021,1.0353870727238124,0.96582237343304,1.0720263903635854,49.35085231500536,1.0,0.6320568271584284,-0.3628042487177185,232593,76.60094671808696,41.31148007289932,6.0,240.0,6.0,10.0,19.0,48.0,76.0,101.0,127.0,151.0,193.0,53.0,234.0,7.255898522221171,1.85422905649749,0.5393076958296245,3.4381653939595727,41.31148007289932,0.8757763975155279,0.4682220236295622,0.3163757274389542,0.0384100601077079,0.0441218391060829,818.19384765625,55.40642547607422,165.33934020996094,7120.640625,274.4270935058594,16.680908203125,1.4825797080993652,34.83333206176758,0.036410704255104,0.0186387617141008,5.1933322023308985,1.339946308177878,0.5940568077115892,0.0952719940704497,0.3082321079650805,0.9198771152501608
205_11,1,,160,205_11/1/160,1/160,4.png,C:\Users\u1021\Downloads\20260803\NASH_datasource_fromDrTsui_205\11\fast_035\1\160\4.png,475,735,349125,31.80236305048335,36.332545649838885,0.0,0.0,68.19763694951665,63.66745435016112,349125,43.76574006444683,44.19679600529894,0.0,241.0,0.0,0.0,0.0,0.0,39.0,75.0,101.0,122.0,172.0,75.0,241.0,5.765864887499248,0.9902468961596124,1.009849163757253,0.980588915353746,44.19679600529894,1.0,0.8233662797518603,0.2161134773012687,222279,68.48200684725053,37.22569071743486,6.0,241.0,6.0,12.0,22.0,43.0,66.0,89.0,114.0,138.0,181.0,46.0,235.0,7.113269249036872,1.8396436849773912,0.5435835255305376,3.384288887677195,37.22569071743486,0.84,0.7807808766399895,1.0732224956909642,0.0365574955940246,0.0449918434023857,732.80078125,52.73410415649414,162.9072723388672,6992.97802734375,246.8197479248047,15.673828125,1.4825797080993652,29.839338302612305,0.0426697172224521,0.020872363820672,4.990324937186341,1.2540516547249525,0.617299715761378,0.1167919891175708,0.3413539773699902,0.9028620713120828
205_11,1,,160,205_11/1/160,1/160,5.png,C:\Users\u1021\Downloads\20260803\NASH_datasource_fromDrTsui_205\11\fast_035\1\160\5.png,475,735,349125,31.80179018976012,36.54135338345865,0.0,0.0,68.19820981023989,63.45864661654136,349125,43.48076476906552,44.18911985027879,0.0,241.0,0.0,0.0,0.0,0.0,38.0,74.0,101.0,122.0,173.0,74.0,241.0,5.763078652825605,0.9839699210209818,1.0162912286611212,0.9681968054740372,44.18911985027879,1.0,0.8625857822131422,0.3731656203195821,221550,68.24719025050778,37.38396413784975,6.0,241.0,6.0,12.0,22.0,43.0,65.0,88.0,114.0,138.0,184.0,45.0,235.0,7.113104139447412,1.825573927870594,0.5477729412834192,3.3327201661208687,37.38396413784975,0.84,0.8458676036391665,1.2954366679715736,0.0369833782315254,0.0462963692843914,726.7415771484375,53.34844207763672,169.40707397460938,7305.94677734375,254.34690856933597,15.423583984375,1.4825797080993652,29.645065307617188,0.0436031967401504,0.0213687904179096,5.188565643677003,1.2656891036368478,0.6179885229824296,0.118046928999482,0.3431904219143918,0.89936642817446
205_11,1,,162,205_11/1/162,1/162,1.png,C:\Users\u1021\Downloads\20260803\NASH_datasource_fromDrTsui_205\11\fast_035\1\162\1.png,475,735,349125,31.80121732903688,32.185606874328684,0.0,0.0,68.19878267096313,67.81439312567133,349125,46.44116290726817,46.00343792778312,0.0,240.0,0.0,0.0,0.0,0.0,41.0,74.0,106.0,135.0,189.0,74.0,240.0,5.812385370612958,1.009515049292016,0.9905746335344986,1.0191206347470616,46.00343792778312,1.0,0.9894932717601396,0.7732899366250217,236757,68.4595260119025,40.17909393981159,6.0,240.0,8.0,17.0,24.0,40.0,62.0,87.0,122.0,152.0,197.0,47.0,234.0,7.179903373600856,1.7038593780749534,0.5869028940227541,2.9031367802539667,40.17909393981159,0.7988165680473372,1.1122953176003183,1.3879710552177134,0.0394797548651695,0.0438821278512477,768.196533203125,56.94945907592773,177.73013305664062,7250.1142578125,253.7704620361328,16.19873046875,1.4825797080993652,31.66366577148437,0.0424799285829067,0.0198286212980747,5.188419945769621,1.3548814152442492,0.5875737297795243,0.0826339827348844,0.286947004384062,0.9072472680585658
205_11,1,,162,205_11/1/162,1/162,2.png,C:\Users\u1021\Downloads\20260803\NASH_datasource_fromDrTsui_205\11\fast_035\1\162\2.png,475,735,349125,31.801503759398496,32.51041890440386,0.0,0.0,68.1984962406015,67.48958109559612,349125,44.04737844611529,44.76991583982932,0.0,239.0,0.0,0.0,0.0,0.0,38.0,69.0,102.0,133.0,186.0,69.0,239.0,5.788654207061488,0.9838610955557968,1.016403641242757,0.9679826553482528,44.76991583982932,1.0,1.093421465185599,1.046780350980372,235623,65.22392126405317,39.87851031920541,6.0,239.0,8.0,15.0,22.0,37.0,57.0,83.0,119.0,150.0,193.0,46.0,233.0,7.135802106639774,1.635565640290266,0.6114092735663784,2.6750749636981075,39.87851031920541,0.8181818181818182,1.195256355745575,1.5025086902840048,0.0381467789411544,0.0424621663987636,709.698486328125,55.026641845703125,176.99008178710938,6779.6875,237.0300750732422,14.94140625,1.4825797080993652,30.02731132507324,0.0406154505908489,0.019163392484188,4.847984352381558,1.3032196632961328,0.5975780212813492,0.0860104028193338,0.2927559828146556,0.9089031862270164
205_11,1,,162,205_11/1/162,1/162,3.png,C:\Users\u1021\Downloads\20260803\NASH_datasource_fromDrTsui_205\11\fast_035\1\162\3.png,475,735,349125,31.80121732903688,32.56913712853562,0.0,0.0,68.19878267096313,67.43086287146437,349125,43.42903544575725,44.513822778797625,0.0,238.0,0.0,0.0,0.0,0.0,37.0,68.0,101.0,132.0,187.0,68.0,238.0,5.780458660642508,0.9756303263723044,1.024978388810759,0.9518545337373294,44.513822778797625,1.0,1.137973755432909,1.2129699554166065,235418,64.35989601474823,39.91499036658429,6.0,238.0,8.0,15.0,22.0,36.0,57.0,81.0,119.0,149.0,194.0,45.0,232.0,7.122758141453868,1.6124241901014849,0.6201841960316042,2.5999117688244286,39.91499036658429,0.8170731707317073,1.2418394861592632,1.662025014550574,0.0377874262630939,0.0418412946164608,714.1407470703125,54.508277893066406,175.68521118164062,6613.99560546875,241.203369140625,14.84375,1.4825797080993652,29.60727310180664,0.0415284447371959,0.0197304673492908,4.729449487826042,1.2909752368404968,0.5992901683125754,0.0869080019971135,0.2942812742266257,0.9101854317676988
205_11,1,,162,205_11/1/162,1/162,4.png,C:\Users\u1021\Downloads\20260803\NASH_datasource_fromDrTsui_205\11\fast_035\1\162\4.png,475,735,349125,31.80121732903688,32.53304690297171,0.0,0.0,68.19878267096313,67.46695309702828,349125,43.05260007160759,44.41638131253161,0.0,238.0,0.0,0.0,0.0,0.0,36.0,67.0,101.0,133.0,186.0,67.0,238.0,5.775383455637312,0.9692955346513282,1.0316770935705557,0.9395338334950042,44.41638131253161,1.0,1.167908579321748,1.2872418608654792,235544,63.76996230003736,40.05796434218405,6.0,238.0,8.0,15.0,21.0,36.0,55.0,81.0,118.0,150.0,194.0,45.0,232.0,7.115540567115319,1.5919421604977264,0.6281635255437588,2.5342798423701693,40.05796434218405,0.8181818181818182,1.2652173029638607,1.672511962188862,0.0376503765583038,0.042154986411333,707.03515625,54.310585021972656,177.06805419921875,6647.310546875,233.7336883544922,15.88134765625,1.4825797080993652,29.350177764892575,0.0414219535887241,0.0196781735867261,4.739408149333564,1.2892626318227467,0.5999918603182341,0.086502869778116,0.293597157531461,0.9096417192746852
205_11,1,,162,205_11/1/162,1/162,5.png,C:\Users\u1021\Downloads\20260803\NASH_datasource_fromDrTsui_205\11\fast_035\1\162\5.png,475,735,349125,31.80121732903688,32.08793412101683,0.0,0.0,68.19878267096313,67.91206587898317,349125,45.670324382384536,45.59552100777751,0.0,241.0,0.0,0.0,0.0,0.0,40.0,73.0,105.0,134.0,188.0,73.0,241.0,5.803002869887124,1.001640586025857,0.9983621010882094,1.0032838635742225,45.59552100777751,1.0,1.0231350896738585,0.8564548450351417,237098,67.23180710086125,40.153976696103896,6.0,241.0,9.0,16.0,23.0,38.0,60.0,86.0,120.0,151.0,196.0,48.0,235.0,7.169422125485593,1.6743499058558922,0.5972467263279841,2.8034476072396357,40.153976696103896,0.8083832335329342,1.133739042029157,1.4041554423969007,0.0392897948622703,0.0429216027259826,741.8507080078125,56.67544555664063,176.2838592529297,7045.48828125,245.5443878173828,16.24755859375,1.4825797080993652,31.13547706604004,0.0419631376862525,0.0193050671368837,4.991469167023873,1.339939664783798,0.587626450481245,0.0823851637021811,0.2864956550162168,0.9092491428939028
205_11,1,,163,205_11/1/163,1/163,1.png,C:\Users\u1021\Downloads\20260803\NASH_datasource_fromDrTsui_205\11\fast_035\1\163\1.png,475,735,349125,31.80121732903688,32.852703186537774,0.0,0.0,68.19878267096313,67.14729681346223,349125,42.25853777300394,45.24089015601066,0.0,241.0,0.0,0.0,0.0,0.0,33.0,67.0,103.0,135.0,186.0,67.0,241.0,5.811176150602308,0.9340783885391678,1.070573960675751,0.8725024359359286,45.24089015601066,1.0,1.2060576131791587,1.2208577731007857,234428,62.87068950807924,41.8884094822233,6.0,241.0,7.0,12.0,17.0,32.0,54.0,82.0,121.0,153.0,193.0,50.0,235.0,7.165149608587207,1.500908969455153,0.6662629249014425,2.2527277345909296,41.8884094822233,0.8545454545454545,1.1656365402289572,1.2458426786903605,0.0354621745645999,0.0395759008824825,646.445068359375,51.154109954833984,156.30767822265625,5875.7998046875,219.46893310546875,15.045166015625,1.4825797080993652,28.808732986450195,0.0341861955821514,0.0173097681254148,4.2749505958958665,1.215606587530387,0.6120096994070078,0.0898011747527459,0.2991523779476583,0.9229378662403116
205_11,1,,163,205_11/1/163,1/163,2.png,C:\Users\u1021\Downloads\20260803\NASH_datasource_fromDrTsui_205\11\fast_035\1\163\2.png,475,735,349125,31.80121732903688,32.24146079484425,0.0,0.0,68.19878267096313,67.75853920515574,349125,44.574891514500536,46.845493175545215,0.0,241.0,0.0,0.0,0.0,0.0,36.0,69.0,107.0,142.0,192.0,69.0,241.0,5.83175263896959,0.9515299870462244,1.0509390283161102,0.9054093162481882,46.845493175545215,1.0,1.1736884935879293,1.1148655544986124,236562,65.75777597416322,42.97507887707199,6.0,241.0,8.0,14.0,20.0,35.0,56.0,85.0,126.0,160.0,198.0,50.0,235.0,7.207237220686725,1.5301374120163915,0.6535360760065434,2.341320499652221,42.97507887707199,0.8390804597701149,1.174218451056868,1.1940001069592343,0.0361780226230621,0.0394754782319068,669.6103515625,52.18672180175781,158.0306396484375,5965.99169921875,227.4637908935547,15.12451171875,1.4825797080993652,30.386587142944336,0.0324142388999462,0.0163263529539108,4.3581418828766285,1.2451114113087114,0.6025366743381397,0.0836806638054206,0.2887425310282973,0.9268559941761512
205_11,1,,163,205_11/1/163,1/163,3.png,C:\Users\u1021\Downloads\20260803\NASH_datasource_fromDrTsui_205\11\fast_035\1\163\3.png,475,735,349125,31.801503759398496,32.38811313999284,0.0,0.0,68.1984962406015,67.61188686000716,349125,43.156774794128175,45.76203261794583,0.0,242.0,0.0,0.0,0.0,0.0,34.0,67.0,104.0,139.0,189.0,67.0,242.0,5.806528316441335,0.943069446989643,1.0603672965889035,0.8893799818453509,45.76203261794583,1.0,1.2199528959935764,1.2867611714434934,236050,63.79420885405634,42.21583060498431,6.0,242.0,7.0,13.0,19.0,33.0,54.0,83.0,123.0,157.0,196.0,50.0,236.0,7.16625443409114,1.5111442304897902,0.6617502021470718,2.2835568853425805,42.21583060498431,0.8470588235294118,1.2242933281824548,1.3493303665465648,0.0351637192070484,0.0387614630162715,650.83056640625,50.72358703613281,154.25172424316406,5699.181640625,215.6363525390625,14.385986328125,1.4825797080993652,29.42242813110352,0.0330247245728969,0.0166406687349081,4.1690493693164905,1.2097292539209348,0.6086772680987009,0.0850340709092673,0.2910879308132183,0.9265840904340767
205_11,1,,163,205_11/1/163,1/163,4.png,C:\Users\u1021\Downloads\20260803\NASH_datasource_fromDrTsui_205\11\fast_035\1\163\4.png,475,735,349125,31.80179018976012,34.2218403150734,0.0,0.0,68.19820981023989,65.7781596849266,349125,38.60777944862156,43.39257562691416,0.0,234.0,0.0,0.0,0.0,0.0,29.0,59.0,97.0,132.0,183.0,59.0,234.0,5.748859715787667,0.8897323768141377,1.1239334726479182,0.7916237023513347,43.39257562691416,1.0,1.4004037963000733,1.8540625421249384,229648,58.55269368773079,41.22578146774119,6.0,234.0,6.0,11.0,16.0,30.0,48.0,75.0,118.0,151.0,190.0,45.0,228.0,7.065859602481542,1.420293117634356,0.7040800153038851,2.017232539999519,41.22578146774119,0.8641975308641975,1.3372153116875578,1.6200311421506184,0.0319321379065513,0.037443995475769,554.723388671875,46.0620346069336,146.01370239257812,5039.1025390625,192.3160400390625,12.31689453125,1.4825797080993652,26.31752014160156,0.0319696031510829,0.0156150115653872,3.6822405600836503,1.099848522221312,0.6369000524795445,0.1032210508015711,0.3208229092686391,0.9285582873028666
205_11,1,,163,205_11/1/163,1/163,5.png,C:\Users\u1021\Downloads\20260803\NASH_datasource_fromDrTsui_205\11\fast_035\1\163\5.png,475,735,349125,31.80121732903688,33.17579663444325,0.0,0.0,68.19878267096313,66.82420336555674,349125,47.59778875760831,48.68908711689077,0.0,240.0,0.0,0.0,0.0,0.0,40.0,76.0,114.0,147.0,194.0,76.0,240.0,5.888015543636489,0.977586386931788,1.02292750120893,0.9556751439143474,48.68908711689077,1.0,1.0198716897872238,0.6320872298424329,233300,71.14924989284184,43.30504757895312,6.0,240.0,7.0,15.0,24.0,40.0,63.0,92.0,132.0,163.0,201.0,52.0,234.0,7.274995848252573,1.6429782177960566,0.6086507959560364,2.6993774241523063,43.30504757895312,0.8314606741573034,1.0299078128281989,0.866857521479413,0.0377444103360176,0.0411461144685745,725.4322509765625,54.44622802734375,165.24435424804688,6487.19140625,243.7421875,16.046142578125,1.4825797080993652,32.44993591308594,0.032487828284502,0.0163956470787525,4.727272732187055,1.2988923823368332,0.5951302284026448,0.0905734297475507,0.300448987301734,0.9265126031909364
205_11,1,,167,205_11/1/167,1/167,1.png,C:\Users\u1021\Downloads\20260803\NASH_datasource_fromDrTsui_205\11\fast_035\1\167\1.png,475,735,349125,31.803222341568205,40.59147869674186,0.0,0.0,68.1967776584318,59.40852130325814,349125,33.83653992123165,38.17136642725364,0.0,239.0,0.0,0.0,0.0,0.0,19.0,60.0,88.0,106.0,145.0,60.0,239.0,5.5759971937214585,0.8864377434776083,1.1281108090872491,0.785771873061674,38.17136642725364,1.0,1.0440004180619058,0.5459910183296626,207410,56.410013981968085,34.576025968446594,6.0,239.0,6.0,7.0,12.0,30.0,53.0,78.0,101.0,118.0,156.0,48.0,233.0,6.925083017759157,1.6314776612398072,0.6129412763396779,2.6617193591245107,34.576025968446594,0.888,0.72779787197503,0.6493744047039902,0.0334710925817489,0.0451279133558273,641.7109375,48.2819709777832,158.88827514648438,6568.75732421875,235.5244903564453,14.66064453125,0.0,,0.0556191392242908,0.0241169743239879,4.589339297372397,1.1319644524475896,0.6566212205333584,0.1632510045135226,0.4037492885252493,0.8808883729379134
205_11,1,,167,205_11/1/167,1/167,2.png,C:\Users\u1021\Downloads\20260803\NASH_datasource_fromDrTsui_205\11\fast_035\1\167\2.png,475,735,349125,31.804081632653062,42.07547440028642,0.0,0.0,68.19591836734695,57.924525599713576,349125,34.512309344790545,39.22030069597479,0.0,240.0,0.0,0.0,0.0,0.0,18.0,63.0,91.0,107.0,147.0,63.0,240.0,5.551116690996432,0.879960345340559,1.1364148456178258,0.7743302093718758,39.22030069597479,1.0,1.006566947062172,0.3797229709466307,202229,58.9288430442716,35.16605676993453,6.0,240.0,6.0,7.0,11.0,33.0,57.0,81.0,104.0,120.0,158.0,48.0,234.0,6.939794211625967,1.6757307601986593,0.5967545764221988,2.808073580675977,35.16605676993453,0.889763779527559,0.6319698717959844,0.5325098437601676,0.0334034413099288,0.0460886619985103,643.946533203125,48.18439102172852,163.24551391601562,6741.6962890625,251.99156188964844,13.775634765625,0.0,,0.0515472516417503,0.0223935786634683,4.717062238988532,1.1252935713536247,0.6647071032479503,0.1795051749142858,0.4234107966166118,0.8847072301876899
205_11,1,,167,205_11/1/167,1/167,3.png,C:\Users\u1021\Downloads\20260803\NASH_datasource_fromDrTsui_205\11\fast_035\1\167\3.png,475,735,349125,31.802935911206585,41.49029717150018,0.0,0.0,68.19706408879341,58.50970282849982,349125,34.68119727891156,38.67642253629899,0.0,241.0,0.0,0.0,0.0,0.0,20.0,63.0,91.0,106.0,141.0,63.0,241.0,5.550609921925193,0.89670127185011,1.115198596670617,0.8040731709376048,38.67642253629899,1.0,0.9252118463140826,0.0770940640540582,204272,58.66220529490092,34.1847817934667,6.0,241.0,6.0,7.0,12.0,33.0,57.0,81.0,103.0,118.0,151.0,48.0,235.0,6.916590335209158,1.7160327554324852,0.5827394592756324,2.944768417717208,34.1847817934667,0.888,0.5316527010473874,0.2420752977008891,0.0331911221146583,0.0434243604540824,662.38623046875,47.87812423706055,163.02391052246094,6216.02734375,245.67385864257807,14.00146484375,0.0,,0.0516940765082836,0.0245510749518871,4.447844210098588,1.127270042354061,0.6605753267314719,0.1748730933043877,0.4179011896390353,0.8874736729978477
205_11,1,,167,205_11/1/167,1/167,4.png,C:\Users\u1021\Downloads\20260803\NASH_datasource_fromDrTsui_205\11\fast_035\1\167\4.png,475,735,349125,31.80379520229144,41.51808091657716,0.0,0.0,68.19620479770856,58.48191908342284,349125,34.554171142141065,38.78825999531875,0.0,240.0,0.0,0.0,0.0,0.0,19.0,63.0,90.0,107.0,145.0,63.0,240.0,5.554132454456961,0.8908409695694346,1.12253481166602,0.7935976330634102,38.78825999531875,1.0,0.967922826461149,0.228712830665247,204175,58.47211950532631,34.53735942049335,6.0,240.0,6.0,7.0,12.0,33.0,56.0,80.0,103.0,120.0,155.0,47.0,234.0,6.923378366761639,1.6930107132229353,0.5906637165315565,2.866285275087632,34.53735942049335,0.889763779527559,0.5984108092358342,0.3663738132130447,0.0334930308163166,0.0442646779119968,658.6026611328125,48.313621520996094,162.60903930664062,6411.24560546875,242.97836303710935,14.715576171875,0.0,,0.0517975874245166,0.0241077560931444,4.550062756022623,1.1301992881542624,0.6610528949197652,0.1745934736483821,0.4175690441706673,0.8858533041151008
205_11,1,,167,205_11/1/167,1/167,5.png,C:\Users\u1021\Downloads\20260803\NASH_datasource_fromDrTsui_205\11\fast_035\1\167\5.png,475,735,349125,31.80236305048335,37.773863229502325,0.0,0.0,68.19763694951665,62.22613677049768,349125,37.33674471894021,40.68424718815737,0.0,241.0,0.0,0.0,0.0,0.0,25.0,66.0,95.0,114.0,152.0,66.0,241.0,5.668728732812089,0.9177199358332584,1.0896570521724953,0.8422098806258,40.68424718815737,1.0,0.9444688828340644,0.2217409295431616,217247,59.63287870488431,36.64220935875019,6.0,241.0,6.0,7.0,11.0,32.0,57.0,82.0,108.0,126.0,161.0,50.0,235.0,7.00010518939296,1.627436766190626,0.6144631980637381,2.648550427949002,36.64220935875019,0.8947368421052632,0.6409981136907227,0.3315023791957574,0.0357184447348117,0.0461276806890964,672.781005859375,51.523773193359375,169.44229125976562,7082.1474609375,260.034423828125,14.29443359375,0.0,,0.0491877719759941,0.0224106609821319,5.044919831238342,1.2065003461935526,0.6401398508012506,0.1422311999879324,0.3767824288098116,0.8853182948966555
205_11,1,,170,205_11/1/170,1/170,1.png,C:\Users\u1021\Downloads\20260803\NASH_datasource_fromDrTsui_205\11\fast_035\1\170\1.png,475,735,349125,31.80121732903688,31.857357679914077,0.0,0.0,68.19878267096313,68.14264232008594,349125,46.17328177586824,43.544991757003736,0.0,241.0,0.0,0.0,0.0,0.0,43.0,72.0,105.0,129.0,171.0,72.0,241.0,5.719460042039661,1.0603580322975208,0.9430776865369328,1.12435915665787,43.544991757003736,1.0,0.8381789805460996,0.4123415084353965,237903,67.75635868400147,36.33722268078246,6.0,241.0,13.0,22.0,28.0,42.0,60.0,86.0,119.0,140.0,180.0,44.0,235.0,7.058243165007388,1.8646543044643733,0.5362924364080732,3.476935675157516,36.33722268078246,0.7283950617283951,1.0841248876767309,1.2919751596961628,0.0434935465455055,0.0483681708574295,829.6285400390625,62.73934173583984,193.81817626953125,8804.21484375,330.4760131835937,17.95654296875,1.4825797080993652,31.48022079467773,0.0543098486959934,0.0240244846791028,6.1864557114780085,1.4757964691830383,0.5685948875981438,0.080071555839855,0.2824365388068583,0.8722063187234145
205_11,1,,170,205_11/1/170,1/170,2.png,C:\Users\u1021\Downloads\20260803\NASH_datasource_fromDrTsui_205\11\fast_035\1\170\2.png,475,735,349125,31.80121732903688,31.881417830290008,0.0,0.0,68.19878267096313,68.11858216970998,349125,48.737893304690296,45.85273543230772,0.0,240.0,0.0,0.0,0.0,0.0,46.0,77.0,111.0,135.0,179.0,77.0,240.0,5.780444181567835,1.062922262874413,0.9408025731775952,1.1298037369140626,45.85273543230772,1.0,0.805779825715171,0.3067117173444074,237819,71.54358566809212,38.14592294772021,6.0,240.0,12.0,22.0,29.0,44.0,65.0,91.0,125.0,147.0,189.0,47.0,234.0,7.146329992656787,1.875523781824446,0.5331843881111622,3.517589456189072,38.14592294772021,0.7396449704142012,1.0228143686975333,1.1698466289409524,0.044824331998825,0.0506988279521465,883.2916259765625,64.65900421142578,204.34747314453125,9529.21484375,378.6264343261719,17.7001953125,1.4825797080993652,33.22752380371094,0.0537246242165565,0.0233671814203262,6.732035827922812,1.5246054266281124,0.5640198696800858,0.0800425128786897,0.2823920331887217,0.8756539236270773
205_11,1,,170,205_11/1/170,1/170,3.png,C:\Users\u1021\Downloads\20260803\NASH_datasource_fromDrTsui_205\11\fast_035\1\170\3.png,475,735,349125,31.80121732903688,31.885427855352667,0.0,0.0,68.19878267096313,68.11457214464734,349125,47.24699462943072,45.24851077013207,0.0,240.0,0.0,0.0,0.0,0.0,43.0,74.0,109.0,134.0,179.0,74.0,240.0,5.772063281764054,1.04416684273768,0.9577013548698023,1.090284395472775,45.24851077013207,1.0,0.8833900595421899,0.5008158550486592,237805,69.35889909800046,38.3721282901388,6.0,240.0,11.0,20.0,27.0,42.0,62.0,88.0,123.0,145.0,189.0,46.0,234.0,7.133573519493492,1.807533284929231,0.5532401579200531,3.267176576127056,38.3721282901388,0.7575757575757576,1.0797387675752868,1.271122140343766,0.0430570617318153,0.0489758364856243,842.04248046875,62.109710693359375,192.99603271484372,8848.6904296875,350.0963439941406,16.0888671875,1.4825797080993652,32.212890625,0.0503597296774387,0.0228454805910587,6.344670887333156,1.4776664787519838,0.5705921705310061,0.0804003944951771,0.2830271772528341,0.8801152656089458
205_11,1,,170,205_11/1/170,1/170,4.png,C:\Users\u1021\Downloads\20260803\NASH_datasource_fromDrTsui_205\11\fast_035\1\170\4.png,475,735,349125,31.80121732903688,31.885141424991048,0.0,0.0,68.19878267096313,68.11485857500895,349125,48.297377730039386,45.80840385406565,0.0,240.0,0.0,0.0,0.0,0.0,45.0,76.0,111.0,135.0,180.0,76.0,240.0,5.783023258739362,1.054334437932022,0.9484656519058658,1.1116211070094328,45.80840385406565,1.0,0.8415830762081828,0.4032583063635711,237806,70.90056600758602,38.44923267592954,6.0,240.0,11.0,21.0,28.0,44.0,64.0,90.0,125.0,147.0,190.0,46.0,234.0,7.149813046464264,1.8440047062882496,0.5422979651786651,3.4003533568132145,38.44923267592954,0.75,1.049863512001722,1.2403753955083312,0.0438110120594501,0.0494777709245681,860.017578125,63.1972885131836,199.9619903564453,9087.798828125,364.3225402832031,16.949462890625,1.4825797080993652,32.93045425415039,0.0523092076182365,0.0230680741369724,6.474289998567172,1.4955056003616245,0.5682621784659102,0.0800985656693624,0.282493409143327,0.8804846453438847
205_11,1,,170,205_11/1/170,1/170,5.png,C:\Users\u1021\Downloads\20260803\NASH_datasource_fromDrTsui_205\11\fast_035\1\170\5.png,475,735,349125,31.80121732903688,31.88342284282134,0.0,0.0,68.19878267096313,68.11657715717865,349125,48.18316362334407,45.86928098432216,0.0,240.0,0.0,0.0,0.0,0.0,45.0,75.0,109.0,134.0,187.0,75.0,240.0,5.775609931983884,1.050445147370258,0.9519773616960912,1.1034350076337234,45.86928098432216,1.0,0.8959571973212718,0.6552357193494287,237812,70.7311994348477,38.654671721208025,6.0,240.0,11.0,21.0,29.0,44.0,63.0,89.0,123.0,147.0,199.0,45.0,234.0,7.13908242260781,1.829822794641424,0.54650100705296,3.348251459789352,38.654671721208025,0.75,1.1553752705599956,1.6577303381181236,0.0440950989723205,0.0490818433463573,842.3319091796875,63.60708618164063,200.9225616455078,9058.564453125,367.43408203125,17.3095703125,1.4825797080993652,32.84720993041992,0.0490411035716533,0.0220022797584533,6.523363307617847,1.5120443860808168,0.5653858366567125,0.0802438346067094,0.2827495335967074,0.8805501394474008
205_11,1,,171,205_11/1/171,1/171,1.png,C:\Users\u1021\Downloads\20260803\NASH_datasource_fromDrTsui_205\11\fast_035\1\171\1.png,475,735,349125,31.80121732903688,31.81267454350161,0.0,0.0,68.19878267096313,68.1873254564984,349125,54.44274973147154,50.26472724954904,0.0,239.0,0.0,0.0,0.0,0.0,51.0,85.0,124.0,151.0,191.0,85.0,239.0,5.845247246381554,1.0831203651256256,0.9232584227922028,1.1731497253498686,50.26472724954904,1.0,0.7071691873110746,-0.089901812136067,238059,79.84219458201538,40.95589701023907,6.0,239.0,17.0,27.0,34.0,50.0,71.0,102.0,140.0,164.0,197.0,52.0,233.0,7.246589002997824,1.94946760809694,0.5129605620768404,3.800423955019205,40.95589701023907,0.7172774869109948,0.9139547443099614,0.5031949680779539,0.0438466109335422,0.0470956452190876,916.009765625,63.248634338378906,186.1158142089844,8615.603515625,361.37054443359375,18.756103515625,1.4825797080993652,37.11660003662109,0.040064450353384,0.019680293276906,6.256591620670097,1.5135992482797027,0.5574003848872321,0.0773423207633308,0.2775789277127893,0.9057721201131224
205_11,1,,171,205_11/1/171,1/171,2.png,C:\Users\u1021\Downloads\20260803\NASH_datasource_fromDrTsui_205\11\fast_035\1\171\2.png,475,735,349125,31.80121732903688,31.813820264948085,0.0,0.0,68.19878267096313,68.18617973505191,349125,57.45602577873255,52.41167298192364,0.0,238.0,0.0,0.0,0.0,0.0,54.0,91.0,130.0,157.0,196.0,91.0,238.0,5.889299810258022,1.0962448345914977,0.91220498235929,1.2017527373685402,52.41167298192364,1.0,0.6304316590273975,-0.3015093630813914,238055,84.26260738064732,42.07021818423252,6.0,238.0,17.0,29.0,37.0,53.0,77.0,108.0,145.0,168.0,202.0,55.0,232.0,7.311139307089042,2.002903978573329,0.4992750579647365,4.01162434738487,42.07021818423252,0.7055837563451777,0.8058678143404887,0.2553529229334419,0.0453889332711696,0.0488008856773376,943.2139892578124,65.47343444824219,194.60752868652344,9242.25,378.1159362792969,18.646240234375,1.4825797080993652,39.17023849487305,0.0380457378923893,0.0186813902109861,6.705563406966991,1.5698492250442422,0.5519711775617028,0.0766337724376344,0.2762994738430159,0.9078795014669736
205_11,1,,171,205_11/1/171,1/171,3.png,C:\Users\u1021\Downloads\20260803\NASH_datasource_fromDrTsui_205\11\fast_035\1\171\3.png,475,735,349125,31.80121732903688,31.812101682778376,0.0,0.0,68.19878267096313,68.18789831722162,349125,55.00409308986752,50.3440540810254,0.0,239.0,0.0,0.0,0.0,0.0,53.0,86.0,123.0,152.0,192.0,86.0,239.0,5.842251609458836,1.0925638408329632,0.9152783229926472,1.1936957462956763,50.3440540810254,1.0,0.6778472563826031,-0.1261259735836031,238061,80.66478339585233,40.58436997275322,6.0,239.0,17.0,28.0,36.0,51.0,73.0,102.0,140.0,164.0,198.0,51.0,233.0,7.242278141350507,1.9875824966608464,0.5031237705504087,3.950484181032562,40.58436997275322,0.7083333333333334,0.9092779665400588,0.5476023838650623,0.043064497411251,0.0449513420462608,881.055419921875,62.12044143676758,177.7852325439453,8063.46142578125,345.3314208984375,19.598388671875,1.4825797080993652,37.497859954833984,0.0393466390669345,0.0189894679933786,5.825653839281768,1.4809172015916474,0.5583801142779755,0.0777353624654031,0.2782901478561918,0.9128522623933216
205_11,1,,171,205_11/1/171,1/171,4.png,C:\Users\u1021\Downloads\20260803\NASH_datasource_fromDrTsui_205\11\fast_035\1\171\4.png,475,735,349125,31.80121732903688,31.80895094880057,0.0,0.0,68.19878267096313,68.19104905119943,349125,54.29700250626566,49.94262603001998,0.0,240.0,0.0,0.0,0.0,0.0,51.0,85.0,123.0,150.0,190.7600000000093,85.0,240.0,5.834849270299051,1.0871875754716684,0.919804477682848,1.1819768242599649,49.94262603001998,1.0,0.6982397059118618,-0.0921306947353595,238072,79.62434473604624,40.510644152557504,6.0,240.0,17.0,27.0,35.0,50.0,72.0,101.0,139.0,163.0,197.0,51.0,234.0,7.231724182033842,1.9655166290664727,0.5087720883211009,3.8632556191368304,40.510644152557504,0.7157894736842105,0.9217133906509044,0.5420859464426275,0.0432836413383483,0.0462285950779914,876.084716796875,62.43655776977539,188.733642578125,8345.166015625,350.5949401855469,18.8232421875,1.4825797080993652,37.013763427734375,0.039344199001789,0.0194057263433933,6.044665987621953,1.4880426208151036,0.561691088752366,0.0776741377925045,0.2781760932076536,0.907913642626523
205_11,1,,171,205_11/1/171,1/171,5.png,C:\Users\u1021\Downloads\20260803\NASH_datasource_fromDrTsui_205\11\fast_035\1\171\5.png,475,735,349125,31.80121732903688,31.8141066953097,0.0,0.0,68.19878267096313,68.1858933046903,349125,55.39439455782313,51.46609518381803,0.0,238.0,0.0,0.0,0.0,0.0,52.0,86.0,127.0,156.0,197.0,86.0,238.0,5.86627335548491,1.0763279079163603,0.9290848937810022,1.1584817653596091,51.46609518381803,1.0,0.7403407465346102,-0.0151066183916444,238054,81.23943306980769,42.24949602993586,6.0,238.0,17.0,28.0,35.0,50.0,72.0,103.0,143.0,168.0,203.0,53.0,232.0,7.277298297445336,1.922849754521226,0.5200614336344713,3.6973511784623394,42.24949602993586,0.7142857142857143,0.950059203547709,0.5504058843867603,0.0432644933462142,0.0462216846644878,887.0728759765625,62.408935546875,183.2723693847656,8340.3876953125,352.7243957519531,18.84765625,1.4825797080993652,37.76121520996094,0.0375808551907539,0.0183105152100324,6.031326402341659,1.4848817599933388,0.5610832973786509,0.0774070293769268,0.2777031231373514,0.9141444422446257
205_11,1,,172,205_11/1/172,1/172,1.png,C:\Users\u1021\Downloads\20260803\NASH_datasource_fromDrTsui_205\11\fast_035\1\172\1.png,475,735,349125,31.80121732903688,31.80608664518439,0.0,0.0,68.19878267096313,68.1939133548156,349125,51.35838739706409,46.61793498311362,0.0,235.0,0.0,0.0,0.0,0.0,51.0,79.0,110.0,141.0,186.0,79.0,235.0,5.719131733121806,1.1016873101665186,0.9076985736078336,1.213714929381939,46.61793498311362,1.0,0.7426734837635559,0.26030061911462,238082,75.31196394519536,37.18689361865472,6.0,235.0,18.0,29.0,36.0,50.0,68.0,91.0,127.0,157.0,192.0,41.0,229.0,7.06237355737909,2.02522869260086,0.4937713966099156,4.101551257333789,37.18689361865472,0.6881720430107527,1.1744865649616736,1.4230846188882191,0.0409227609634399,0.0429123789072036,841.291259765625,59.03099060058594,175.32655334472656,7316.3935546875,308.9400329589844,17.46826171875,1.4825797080993652,35.01381301879883,0.0441032126545906,0.0217417757958173,5.310322937147481,1.4130892073982864,0.5680070666661952,0.0798082697605001,0.2819946364014122,0.9053880788817124
205_11,1,,172,205_11/1/172,1/172,2.png,C:\Users\u1021\Downloads\20260803\NASH_datasource_fromDrTsui_205\11\fast_035\1\172\2.png,475,735,349125,31.80121732903688,31.80751879699248,0.0,0.0,68.19878267096313,68.19248120300752,349125,52.32634156820623,47.065583896724526,0.0,235.0,0.0,0.0,0.0,0.0,53.0,80.0,112.0,142.0,187.0,80.0,235.0,5.726260502954074,1.1117750431615876,0.8994625361946158,1.23604374659695,47.065583896724526,1.0,0.6983369587325932,0.1645425364895354,238077,76.73290154025798,37.08961750518105,6.0,235.0,19.0,30.0,37.0,51.0,70.0,93.0,128.0,157.0,193.0,42.0,229.0,7.072664810596339,2.0688512500712406,0.4833600288882853,4.280145494921334,37.08961750518105,0.679144385026738,1.1432202680654842,1.3906156435699335,0.0418666265904903,0.0431100837886333,857.6495361328125,60.392520904541016,175.32826232910156,7514.38037109375,312.44189453125,19.183349609375,1.4825797080993652,35.671226501464844,0.0437336899340152,0.0215123426169157,5.471002308743219,1.447242116568085,0.5624642951911613,0.0796614276646097,0.2817307342738668,0.9042128414074558
205_11,1,,172,205_11/1/172,1/172,3.png,C:\Users\u1021\Downloads\20260803\NASH_datasource_fromDrTsui_205\11\fast_035\1\172\3.png,475,735,349125,31.80121732903688,31.806659505907625,0.0,0.0,68.19878267096313,68.19334049409237,349125,52.49477694235589,47.13730881683961,0.0,241.0,0.0,0.0,0.0,0.0,53.0,81.0,112.0,142.0,187.0,81.0,241.0,5.72446800633946,1.1136566397189471,0.8979428347433636,1.2402311111900968,47.13730881683961,1.0,0.6952164594619014,0.1658909595392526,238080,76.97901125672043,37.06099348916738,6.0,241.0,19.0,30.0,37.0,52.0,70.0,93.0,128.0,157.0,194.0,41.0,235.0,7.070108725976925,2.077089791972812,0.4814428359643536,4.3143020039176605,37.06099348916738,0.679144385026738,1.1527404342572771,1.41630364008578,0.0413488447666168,0.043185856193304,847.570556640625,59.6456184387207,176.97561645507812,7438.3291015625,310.3368530273437,18.231201171875,2.9651594161987305,17.892425537109375,0.0432175025343894,0.0210562236607074,5.418959034633837,1.435094679303737,0.5643724830778808,0.0796744627558045,0.2817559635766148,0.9054622736827994
205_11,1,,172,205_11/1/172,1/172,4.png,C:\Users\u1021\Downloads\20260803\NASH_datasource_fromDrTsui_205\11\fast_035\1\172\4.png,475,735,349125,31.80121732903688,31.80723236663086,0.0,0.0,68.19878267096313,68.19276763336913,349125,51.20416756176154,46.42641126838877,0.0,238.0,0.0,0.0,0.0,0.0,51.0,79.0,110.0,141.0,185.0,79.0,238.0,5.715496667940197,1.1029103082241871,0.9066920424473276,1.216411147987172,46.42641126838877,1.0,0.7384160529456189,0.2580449362613364,238078,75.08701349977738,36.9795723364398,6.0,238.0,18.0,29.0,36.0,50.0,68.0,91.0,126.0,156.0,191.0,41.0,232.0,7.056903844108608,2.030499780166099,0.492489587917216,4.122929357254577,36.9795723364398,0.6864864864864865,1.174075764908966,1.4452971395732348,0.0408082753419876,0.0431498698890209,842.6771240234375,58.865840911865234,177.12762451171875,7339.45166015625,306.3647155761719,17.3828125,1.4825797080993652,34.90751647949219,0.0439692661166191,0.0219618771225214,5.354602506068543,1.415578044076608,0.5684095780130657,0.079995876499908,0.2823287787992163,0.9036232698125852
205_11,1,,172,205_11/1/172,1/172,5.png,C:\Users\u1021\Downloads\20260803\NASH_datasource_fromDrTsui_205\11\fast_035\1\172\5.png,475,735,349125,31.80121732903688,31.805227354099536,0.0,0.0,68.19878267096313,68.19477264590047,349125,53.14061725742929,47.83906149060754,0.0,239.0,0.0,0.0,0.0,0.0,54.0,81.0,113.0,145.0,190.0,81.0,239.0,5.737349928343497,1.1108206474297708,0.9002353371030788,1.2339225107562952,47.83906149060754,1.0,0.7065734268411803,0.1821711678863042,238085,77.92451435411722,37.74492484261152,6.0,239.0,19.0,30.0,38.0,52.0,71.0,94.0,130.0,160.0,196.0,42.0,233.0,7.089197333705088,2.06450310019284,0.4843780568343988,4.262173050705847,37.74492484261152,0.6842105263157895,1.1580369562573023,1.39455398953592,0.041858971118927,0.0440896898508071,862.982666015625,60.3814697265625,178.12718200683594,7690.7900390625,328.1902770996094,18.49365234375,1.4825797080993652,36.22600936889648,0.0430563427507877,0.0212433878332376,5.574163461591742,1.4449551921570716,0.5640141291407504,0.0797342242238423,0.2818636583481411,0.9057733113205524
205_11,1,,176,205_11/1/176,1/176,1.png,C:\Users\u1021\Downloads\20260803\NASH_datasource_fromDrTsui_205\11\fast_035\1\176\1.png,475,735,349125,31.80121732903688,33.35080558539205,0.0,0.0,68.19878267096313,66.64919441460795,349125,55.75183100608665,51.0669389096432,0.0,235.0,0.0,0.0,0.0,0.0,56.0,97.0,124.0,140.0,174.0,97.0,235.0,5.877146908837294,1.0917402177704991,0.9159688208996762,1.191896703097577,51.0669389096432,1.0,0.3749519223711102,-0.9863089755615926,232689,83.55565583246307,39.93050637004335,6.0,235.0,6.0,11.0,28.0,56.0,84.0,110.0,134.0,149.0,181.0,54.0,229.0,7.261237687767646,2.092526827937954,0.4778911250497244,4.378668525640076,39.93050637004335,0.8625,0.0994889378544527,-0.2176609511809375,0.0431145615875721,0.0485196076333522,917.7550048828124,62.192657470703125,179.1912078857422,8766.4462890625,328.4507141113281,19.012451171875,1.4825797080993652,38.01057052612305,0.0405736453831195,0.0190506540238857,6.208478109636803,1.4700119434587815,0.5746953079176684,0.0947146876719709,0.3073207331602748,0.90974584790607
205_11,1,,176,205_11/1/176,1/176,2.png,C:\Users\u1021\Downloads\20260803\NASH_datasource_fromDrTsui_205\11\fast_035\1\176\2.png,475,735,349125,31.802935911206585,38.07719298245614,0.0,0.0,68.19706408879341,61.92280701754386,349125,44.81462513426423,46.77317048469457,0.0,239.0,0.0,0.0,0.0,0.0,35.0,80.0,110.0,130.0,168.0,80.0,239.0,5.781476121340505,0.9581267352600948,1.0437032630433156,0.918006840820168,46.77317048469457,1.0,0.7406314558912199,-0.369648027279057,216188,71.99034173959701,39.90170355105366,6.0,239.0,6.0,8.0,17.0,43.0,71.0,97.0,124.0,142.0,177.0,54.0,233.0,7.186628323249674,1.8041921856164964,0.5542646775505781,3.2551094426396303,39.90170355105366,0.8933333333333333,0.4055452950036141,-0.0140690488745751,0.0368096157908439,0.0450389124453067,712.5731201171875,53.09778594970703,164.20018005371094,7040.28515625,272.0016174316406,15.6982421875,0.0,,0.0364638268947601,0.0174237936735153,5.088477005715718,1.254312567781755,0.626121773552042,0.1409397964548537,0.3750821872760921,0.9141252465234476
205_11,1,,176,205_11/1/176,1/176,3.png,C:\Users\u1021\Downloads\20260803\NASH_datasource_fromDrTsui_205\11\fast_035\1\176\3.png,475,735,349125,31.80207662012173,36.9781596849266,0.0,0.0,68.19792337987826,63.0218403150734,349125,48.487621911922666,49.23528115239775,0.0,242.0,0.0,0.0,0.0,0.0,41.0,88.0,117.0,135.0,172.0,88.0,242.0,5.815429660432016,0.9848145633989404,1.0154195898044494,0.9698597242826456,49.23528115239775,1.0,0.6255597441816311,-0.6386148521467483,220025,76.61872059993182,41.29452848071388,6.0,242.0,6.0,8.0,16.0,48.0,77.0,104.0,129.0,146.0,181.0,56.0,236.0,7.2156419398743505,1.8554206433357312,0.5389613420502695,3.442585763716379,41.29452848071388,0.8961038961038961,0.2431459897740231,-0.1617313068821131,0.038986824452877,0.0479525178670883,798.684814453125,56.2384033203125,173.07627868652344,7947.4404296875,303.4688720703125,16.058349609375,1.4825797080993652,33.057456970214844,0.0376698449254035,0.0177104081958532,5.694617666365527,1.3318021804525246,0.613310729395764,0.1362811233504963,0.3688230017951499,0.913346822555403
205_11,1,,176,205_11/1/176,1/176,4.png,C:\Users\u1021\Downloads\20260803\NASH_datasource_fromDrTsui_205\11\fast_035\1\176\4.png,475,735,349125,31.80121732903688,33.51808091657716,0.0,0.0,68.19878267096313,66.48191908342285,349125,55.86681274615109,51.28554134404092,0.0,238.0,0.0,0.0,0.0,0.0,57.0,97.0,124.0,141.0,176.0,97.0,238.0,5.884833359571654,1.089328712967607,0.9179965497060544,1.1866370448956634,51.28554134404092,1.0,0.3842561938811974,-0.9700560446779588,232105,83.93018246052434,40.07770761330856,6.0,238.0,6.0,12.0,28.0,57.0,85.0,110.0,135.0,150.0,182.0,53.0,232.0,7.271806737402119,2.094186206215391,0.4775124566440526,4.385615866302812,40.07770761330856,0.8518518518518519,0.1188868774335785,-0.2066182073532356,0.0424796715378761,0.0488136932253837,905.2974853515624,61.276832580566406,176.0403289794922,8712.9306640625,318.6233825683594,18.0419921875,1.4825797080993652,38.08726501464844,0.0388639979064464,0.0183946043252944,6.200810771203514,1.456253811305541,0.5780920963863261,0.0984623540047917,0.3133453350342934,0.9110815870902164
205_11,1,,176,205_11/1/176,1/176,5.png,C:\Users\u1021\Downloads\20260803\NASH_datasource_fromDrTsui_205\11\fast_035\1\176\5.png,475,735,349125,31.801503759398496,34.10440386680988,0.0,0.0,68.1984962406015,65.89559613319011,349125,54.18512567132116,50.59967145191961,0.0,241.0,0.0,0.0,0.0,0.0,53.0,93.0,122.0,141.0,177.0,93.0,241.0,5.888666772768545,1.0708592391317897,0.9338295487003136,1.1467395100339148,50.59967145191961,1.0,0.4691357773531244,-0.7854375755398406,230058,82.09232889097532,40.01604446592665,6.0,241.0,6.0,14.0,29.0,54.0,81.0,108.0,133.30000000001746,151.0,184.0,54.0,235.0,7.27873221966043,2.0514853476054165,0.4874516901459929,4.2085921314397154,40.01604446592665,0.8303030303030303,0.2756275966811627,-0.0416179026949272,0.0422200448811054,0.0474851317703723,868.5477294921875,60.902320861816406,177.3314971923828,8400.958984375,310.23736572265625,18.682861328125,1.4825797080993652,36.93813705444336,0.0392303131520748,0.018548347055912,5.998597643142865,1.4471432292379591,0.5785210388334169,0.1021718068429048,0.3192008487560225,0.9119318190693284
205_11,1,,177,205_11/1/177,1/177,1.png,C:\Users\u1021\Downloads\20260803\NASH_datasource_fromDrTsui_205\11\fast_035\1\177\1.png,475,735,349125,31.80121732903688,31.81611170784103,0.0,0.0,68.19878267096313,68.18388829215897,349125,51.84189903329753,48.174783173001146,0.0,240.0,0.0,0.0,0.0,0.0,49.0,81.0,116.0,142.0,190.0,81.0,240.0,5.805976915472966,1.076121066225194,0.9292634735864704,1.1580365491736484,48.174783173001146,1.0,0.7699042050615202,0.1848991716955188,238047,76.03155259255526,39.55525052898645,6.0,240.0,15.0,25.0,33.0,48.0,68.0,96.0,130.0,157.0,197.0,48.0,234.0,7.188646489547275,1.9221608149552396,0.5202478336981844,3.6947021985493897,39.55525052898645,0.7252747252747253,1.0269248889402836,1.004834281473781,0.042808961123228,0.0454921536147594,832.967041015625,61.7518310546875,182.9603729248047,8119.5791015625,328.9305419921875,18.255615234375,1.4825797080993652,35.343528747558594,0.0406712554395198,0.0195443537086248,5.869834706160798,1.4712367029946034,0.562992683882873,0.0780908228952098,0.2789217354817739,0.9037467563752328
205_11,1,,177,205_11/1/177,1/177,2.png,C:\Users\u1021\Downloads\20260803\NASH_datasource_fromDrTsui_205\11\fast_035\1\177\2.png,475,735,349125,31.80121732903688,31.825850340136054,0.0,0.0,68.19878267096313,68.17414965986394,349125,48.209503759398494,46.30435211459021,0.0,238.0,0.0,0.0,0.0,0.0,44.0,75.0,110.0,139.0,187.0,75.0,238.0,5.773399477746127,1.041144116218138,0.9604818241997176,1.083981070735648,46.30435211459021,1.0,0.9159478483160558,0.5368247878444588,238013,70.71365429619391,39.41752701464882,6.0,238.0,13.0,22.0,29.0,42.0,62.0,90.0,126.0,153.0,194.0,48.0,232.0,7.140009056426809,1.793964757604262,0.5574245512690246,3.2183095515261173,39.41752701464882,0.7485714285714286,1.1330100337382374,1.1855894723024205,0.0410604141652584,0.0443837344646453,774.4593505859375,59.22956085205078,174.5144500732422,7607.140625,311.2209777832031,17.15087890625,1.4825797080993652,32.8669319152832,0.0401566326618194,0.0197703931480646,5.4859713367076255,1.4083426674663386,0.5734993007510226,0.0788175385959234,0.2802168591018575,0.9030489945770456
205_11,1,,177,205_11/1/177,1/177,3.png,C:\Users\u1021\Downloads\20260803\NASH_datasource_fromDrTsui_205\11\fast_035\1\177\3.png,475,735,349125,31.80121732903688,31.82355889724311,0.0,0.0,68.19878267096313,68.1764411027569,349125,49.75285642678124,47.173275504722014,0.0,242.0,0.0,0.0,0.0,0.0,46.0,78.0,113.0,141.0,188.0,78.0,242.0,5.7932895267840685,1.0546830995825385,0.9481521040735528,1.11235644054503,47.173275504722014,1.0,0.8504687415814691,0.35557846698274,238021,72.97518286201638,39.61651285325807,6.0,242.0,14.0,23.0,30.0,44.0,65.0,93.0,128.0,155.0,195.0,49.0,236.0,7.169382051533017,1.842039533674274,0.5428765136247228,3.393109643618937,39.61651285325807,0.7415730337078652,1.0705861403109591,1.0441252473338238,0.0414144992828369,0.0450265407562255,820.0711669921875,59.740325927734375,177.0536651611328,7787.498046875,325.7177429199219,17.6513671875,1.4825797080993652,33.91964340209961,0.040169883519411,0.0202036965638399,5.681506215332427,1.43354221476056,0.5700486219539581,0.0785932481787805,0.2798128209883368,0.9027360313920404
205_11,1,,177,205_11/1/177,1/177,4.png,C:\Users\u1021\Downloads\20260803\NASH_datasource_fromDrTsui_205\11\fast_035\1\177\4.png,475,735,349125,31.80121732903688,31.81611170784103,0.0,0.0,68.19878267096313,68.18388829215897,349125,50.2103372717508,47.44818286126208,0.0,241.0,0.0,0.0,0.0,0.0,46.0,79.0,113.0,141.0,189.0,79.0,241.0,5.79355015755335,1.0582141242071426,0.9449883318739872,1.11981713267149,47.44818286126208,1.0,0.8422102001912302,0.3415851817215274,238047,73.63863438732687,39.70725857522562,6.0,241.0,15.0,24.0,31.0,45.0,66.0,93.0,129.0,157.0,196.0,48.0,235.0,7.170455597794146,1.85453836476316,0.5392177476618062,3.4393125463784138,39.70725857522562,0.7348066298342542,1.0754930181734492,1.051262000907089,0.041744515299797,0.0444894582033157,786.45849609375,60.21636962890625,174.4089813232422,7744.5634765625,318.6316223144531,18.85986328125,1.4825797080993652,34.22869110107422,0.0380867980420589,0.0187441352754831,5.638631608001936,1.4389981604559956,0.5668287233826529,0.0783843788858002,0.2794430029282312,0.9049062057696724
205_11,1,,177,205_11/1/177,1/177,5.png,C:\Users\u1021\Downloads\20260803\NASH_datasource_fromDrTsui_205\11\fast_035\1\177\5.png,475,735,349125,31.80121732903688,31.82327246688149,0.0,0.0,68.19878267096313,68.17672753311851,349125,51.26651772287863,47.882783930619865,0.0,240.0,0.0,0.0,0.0,0.0,48.0,81.0,115.0,141.0,189.7600000000093,81.0,240.0,5.8084052090549765,1.0706670229776458,0.9339971985117158,1.1463278740918146,47.882783930619865,1.0,0.7799138590038289,0.1984574055264079,238022,75.19507440488694,39.5439568397639,6.0,240.0,14.0,24.0,31.0,47.0,68.0,95.0,129.0,157.0,196.0,48.0,234.0,7.191616167750927,1.901556657812089,0.5258849353195657,3.615917722869482,39.5439568397639,0.7348066298342542,1.0110298096084671,0.9890448731874212,0.0427481606602668,0.0463739447295665,852.818359375,61.66411590576172,185.87252807617188,8277.3125,333.97662353515625,18.585205078125,1.4825797080993652,34.950618743896484,0.0417914651334285,0.0207315534353256,5.991471739949561,1.4740693781096927,0.5643879907359389,0.0777887680767696,0.2783781200609861,0.900334177743877
205_11,1,,178,205_11/1/178,1/178,1.png,C:\Users\u1021\Downloads\20260803\NASH_datasource_fromDrTsui_205\11\fast_035\1\178\1.png,475,735,349125,31.80121732903688,31.815252416756174,0.0,0.0,68.19878267096313,68.18474758324382,349125,48.14963408521303,45.48223768422202,0.0,237.0,0.0,0.0,0.0,0.0,45.0,74.0,107.0,134.0,188.0,74.0,237.0,5.733872491043851,1.0586469913707948,0.9446019382770308,1.1207334523384358,45.48223768422202,1.0,0.9064523320980888,0.6877904092293665,238050,70.61553035076665,38.0455535215504,6.0,237.0,15.0,24.0,31.0,44.0,63.0,88.0,121.0,149.0,196.0,44.0,231.0,7.083007963751495,1.8560784063968845,0.5387703431889237,3.4450270506927985,38.0455535215504,0.7225433526011561,1.2396128067874357,1.7080972356433728,0.0423358678817749,0.044135995209217,824.8232421875,61.06939315795898,184.0369415283203,7782.83984375,292.8144836425781,17.169189453125,1.4825797080993652,32.8269157409668,0.0472841002047061,0.0217574890702962,5.528710510421045,1.4449359709296086,0.5665327613597443,0.0796772217818478,0.2817480503196196,0.8974642816938574
205_11,1,,178,205_11/1/178,1/178,2.png,C:\Users\u1021\Downloads\20260803\NASH_datasource_fromDrTsui_205\11\fast_035\1\178\2.png,475,735,349125,31.80121732903688,31.81267454350161,0.0,0.0,68.19878267096313,68.1873254564984,349125,47.4329022556391,44.925708606666056,0.0,238.0,0.0,0.0,0.0,0.0,44.0,73.0,106.0,132.0,187.0,73.0,238.0,5.7156546477458665,1.0558075482108484,0.947142309878899,1.114729578859003,44.925708606666056,1.0,0.9302052702701912,0.7688637636277722,238059,69.56189011967622,37.691648202890605,6.0,238.0,15.0,24.0,31.0,43.0,61.0,87.0,121.0,147.0,194.0,44.0,232.0,7.056565597131834,1.845551824776436,0.5418433590295612,3.406061537935632,37.691648202890605,0.7192982456140351,1.2761134593567809,1.802111027688116,0.0423193797469139,0.0437778942286968,803.441650390625,61.04560852050781,181.3368682861328,7714.42724609375,299.0367126464844,17.559814453125,1.4825797080993652,32.336849212646484,0.0473916828632354,0.0217867270112037,5.472662857544164,1.438892975179411,0.5678110446699289,0.0801479190314379,0.2825783846128724,0.8956691081602431
205_11,1,,178,205_11/1/178,1/178,3.png,C:\Users\u1021\Downloads\20260803\NASH_datasource_fromDrTsui_205\11\fast_035\1\178\3.png,475,735,349125,31.80121732903688,31.812101682778376,0.0,0.0,68.19878267096313,68.18789831722162,349125,48.26682420336556,45.26609285288907,0.0,238.0,0.0,0.0,0.0,0.0,46.0,74.0,106.0,132.0,189.0,74.0,238.0,5.719071746460442,1.0662909290675608,0.9378303544929054,1.136976345411762,45.26609285288907,1.0,0.8966749738646042,0.7238957157588883,238061,70.78432838642196,37.56466952677854,6.0,238.0,15.0,25.0,31.0,45.0,63.0,88.0,120.0,148.0,197.0,43.0,232.0,7.061624614034498,1.8843325198418768,0.5306918972474746,3.550709045333637,37.56466952677854,0.7109826589595376,1.2768561378127197,1.8969145975289583,0.0427551418542861,0.0440873578190803,816.76904296875,61.674198150634766,183.1952362060547,7848.146484375,300.3197631835937,18.26171875,1.4825797080993652,32.904354095458984,0.0478386469185352,0.0221459604799747,5.555097407683335,1.4503363401033589,0.5657506084035663,0.0798077122662039,0.281981594219899,0.8955051585185335
205_11,1,,178,205_11/1/178,1/178,4.png,C:\Users\u1021\Downloads\20260803\NASH_datasource_fromDrTsui_205\11\fast_035\1\178\4.png,475,735,349125,31.80121732903688,31.813820264948085,0.0,0.0,68.19878267096313,68.18617973505191,349125,48.31906050841389,45.41349997347256,0.0,239.0,0.0,0.0,0.0,0.0,46.0,74.0,107.0,133.0,189.0,74.0,239.0,5.721996510101569,1.0639801058416232,0.9398671972433036,1.1320536656267517,45.41349997347256,1.0,0.9034475326257216,0.7222004744046724,238055,70.86261158135724,37.77803437200361,6.0,239.0,16.0,25.0,31.0,45.0,63.0,88.0,121.0,149.0,197.0,43.0,233.0,7.065738559445657,1.875762271895009,0.5331165974405376,3.518484100664727,37.77803437200361,0.7126436781609196,1.2751087727562918,1.8440277252612611,0.0424145758152008,0.0438383072614669,811.20458984375,61.18292617797852,182.16476440429688,7742.2265625,296.50079345703125,19.07958984375,1.4825797080993652,32.94037628173828,0.0458718538284301,0.0217511467635631,5.492559624673003,1.44352202786164,0.5661010134396869,0.0795802804260878,0.2815705656528776,0.8973533298836288
205_11,1,,178,205_11/1/178,1/178,5.png,C:\Users\u1021\Downloads\20260803\NASH_datasource_fromDrTsui_205\11\fast_035\1\178\5.png,475,735,349125,31.80121732903688,31.815825277479416,0.0,0.0,68.19878267096313,68.18417472252058,349125,47.32623845327605,44.651249844649264,0.0,239.0,0.0,0.0,0.0,0.0,45.0,73.0,105.0,131.0,186.0,73.0,239.0,5.71047441572569,1.0599084822470504,0.9434776839222552,1.123405990739246,44.651249844649264,1.0,0.9178819077341188,0.765428596767892,238048,69.4085100483936,37.30125479601914,6.0,239.0,15.0,24.0,30.0,43.0,62.0,86.0,119.0,147.0,194.0,43.0,233.0,7.048612935225729,1.8607553667551415,0.5374161579035718,3.462410534908062,37.30125479601914,0.7192982456140351,1.2784818395073032,1.8769260385364197,0.0420576781034469,0.0432157963514328,805.200439453125,60.66810607910156,180.75868225097656,7566.73095703125,288.3186950683594,18.408203125,1.4825797080993652,32.26628494262695,0.0477096736431121,0.0218057557940483,5.358517492470871,1.43129382656998,0.5672487112183483,0.0800812597936672,0.2824587736528713,0.8962450359252111
205_11,1,,179,205_11/1/179,1/179,1.png,C:\Users\u1021\Downloads\20260803\NASH_datasource_fromDrTsui_205\11\fast_035\1\179\1.png,475,735,349125,31.80179018976012,34.05599713569639,0.0,0.0,68.19820981023989,65.94400286430361,349125,41.61580236305048,43.2320918652047,0.0,240.0,0.0,0.0,0.0,0.0,34.0,68.0,102.0,128.0,167.0,68.0,240.0,5.788316982484373,0.9626136642382764,1.0388383597185975,0.9266250665782412,43.2320918652047,1.0,0.9840080093500608,0.4475871507963629,230227,62.977752392204216,38.64962651789564,6.0,240.0,6.0,11.0,18.0,34.0,57.0,83.0,118.0,141.0,174.0,49.0,234.0,7.124081543309812,1.6294530650391694,0.6137028561641704,2.655117291165544,38.64962651789564,0.8552631578947368,0.8955049488070097,0.5985939330711401,0.0365225113928318,0.042663287371397,677.4593505859375,52.68363952636719,170.8370361328125,6562.9462890625,250.05636596679688,14.056396484375,1.4825797080993652,28.37214469909668,0.044110856950283,0.020819254219532,4.71840686057885,1.2530428982649255,0.6127782253865797,0.0985047442035341,0.3133897552451961,0.9049284196589296
205_11,1,,179,205_11/1/179,1/179,2.png,C:\Users\u1021\Downloads\20260803\NASH_datasource_fromDrTsui_205\11\fast_035\1\179\2.png,475,735,349125,31.80207662012173,35.67576083064805,0.0,0.0,68.19792337987826,64.32423916935196,349125,39.66114428929467,41.599059222364254,0.0,235.0,0.0,0.0,0.0,0.0,34.0,65.0,92.0,120.0,171.0,65.0,235.0,5.704882380692836,0.9534144528915756,1.0488618008329291,0.9089991189825426,41.599059222364254,1.0,1.0752037627811557,0.9796678841742584,224572,61.42832142920756,36.89577107360919,6.0,235.0,6.0,10.0,19.0,36.0,56.0,78.0,110.0,138.0,179.0,42.0,229.0,7.0126041924765445,1.6649149656380542,0.6006312758542385,2.771941842805563,36.89577107360919,0.8648648648648649,1.0899636476414256,1.5019768149649655,0.0344182252883911,0.0393856018781662,597.9541015625,49.64821243286133,151.85023498535156,5692.7353515625,226.26097106933597,15.66162109375,1.4825797080993652,27.03919982910156,0.0407955050468444,0.0181257501244545,4.068998188998429,1.1653600988756698,0.627684660593902,0.1189517071372003,0.3444962065475483,0.9116131455485172
205_11,1,,179,205_11/1/179,1/179,3.png,C:\Users\u1021\Downloads\20260803\NASH_datasource_fromDrTsui_205\11\fast_035\1\179\3.png,475,735,349125,31.80179018976012,34.444969566774084,0.0,0.0,68.19820981023989,65.55503043322592,349125,44.48531901181525,46.19321057465015,0.0,238.0,0.0,0.0,0.0,0.0,37.0,74.0,108.0,135.0,179.0,74.0,238.0,5.825646942804446,0.9630272167362154,1.0383922516635498,0.9274214201747016,46.19321057465015,1.0,0.9370235175085287,0.3312185831761978,228869,67.69701881862551,41.111620082553706,6.0,238.0,6.0,9.0,16.0,39.0,63.0,89.0,124.0,150.0,186.0,50.0,232.0,7.189272658289445,1.6466638551992674,0.6072884862581667,2.7115018520197136,41.111620082553706,0.8867924528301887,0.8069261838174875,0.5597357950081587,0.0384440459311008,0.047237042337656,729.4722900390625,55.455448150634766,177.19129943847656,7718.27490234375,290.5552978515625,14.959716796875,1.4825797080993652,30.328044891357425,0.0380312576889991,0.0184169355779886,5.655202517141174,1.3243377419829752,0.6104831533972276,0.1109653772027061,0.3327113266066422,0.9015180718416628
205_11,1,,179,205_11/1/179,1/179,4.png,C:\Users\u1021\Downloads\20260803\NASH_datasource_fromDrTsui_205\11\fast_035\1\179\4.png,475,735,349125,31.801503759398496,34.47561761546724,0.0,0.0,68.1984962406015,65.52438238453277,349125,42.03501897601146,43.66734183437384,0.0,241.0,0.0,0.0,0.0,0.0,35.0,69.0,101.0,128.0,172.0,69.0,241.0,5.7760146454544605,0.962619138473012,1.0388324520394272,0.9266356057545238,43.66734183437384,1.0,0.9865865216011516,0.5281303265376791,228762,63.9899371399096,38.87596691092972,6.0,241.0,6.0,9.0,18.0,37.0,58.0,83.0,118.0,143.0,179.0,46.0,235.0,7.111903993842232,1.6460024592190723,0.6075325066491328,2.709324095755234,38.87596691092972,0.881578947368421,0.9114174585775746,0.7959702673199325,0.037416685372591,0.0452862828969955,700.2305908203125,53.973480224609375,173.349365234375,7180.53955078125,275.9712829589844,14.556884765625,1.4825797080993652,28.65772819519043,0.0406120158731937,0.0206219293177127,5.221659985695816,1.286369029767727,0.6131978705049513,0.110882480390437,0.332581284482035,0.896902704361228
205_11,1,,179,205_11/1/179,1/179,5.png,C:\Users\u1021\Downloads\20260803\NASH_datasource_fromDrTsui_205\11\fast_035\1\179\5.png,475,735,349125,31.801503759398496,34.49824561403509,0.0,0.0,68.1984962406015,65.50175438596492,349125,39.93996992481203,41.59862930794532,0.0,242.0,0.0,0.0,0.0,0.0,33.0,64.0,96.0,123.0,167.0,64.0,242.0,5.730651599959456,0.9601270664267662,1.0415288090165251,0.9218439836852678,41.59862930794532,1.0,1.055358112064087,0.7940306516362758,228683,60.81554816055413,37.12130038411957,6.0,242.0,6.0,11.0,19.0,35.0,54.0,78.0,112.0,138.0,174.0,43.0,236.0,7.040610502518865,1.6382925040678509,0.6103916104828765,2.684002328884909,37.12130038411957,0.8523489932885906,1.044932543534882,1.0987160237127718,0.0368738919496536,0.044234924018383,646.1026611328125,53.19050598144531,170.0996551513672,6900.7900390625,259.9743957519531,14.215087890625,1.4825797080993652,27.230342864990234,0.0433377102017402,0.0208132863044738,4.968481314054342,1.254471314556938,0.6172477819010523,0.1083508974761247,0.328732770480993,0.8914067083258694
205_11,1,,183,205_11/1/183,1/183,1.png,C:\Users\u1021\Downloads\20260803\NASH_datasource_fromDrTsui_205\11\fast_035\1\183\1.png,475,735,349125,31.80207662012173,32.77622627998568,0.0,0.0,68.19792337987826,67.22377372001432,349125,29.567372717508057,30.57860242078168,0.0,195.0,0.0,0.0,0.0,0.0,24.0,47.0,69.0,88.0,130.0,47.0,195.0,5.4068417371778965,0.966930153008354,1.0342008643424323,0.9349539207967588,30.57860242078168,1.0,1.203513668412617,1.5273593645816206,234695,43.92806834402096,27.59572310754133,6.0,195.0,7.0,11.0,15.0,24.0,38.0,57.0,79.0,101.0,137.0,33.0,189.0,6.56194702916384,1.591843350972613,0.6282025171566047,2.5339652540357176,27.59572310754133,0.8035714285714286,1.3274867231395808,2.057673288391544,0.027520103380084,0.028183052316308,407.3790283203125,39.69768524169922,117.72000885009766,3228.6533203125,131.06045532226562,11.87744140625,1.4825797080993652,20.198936462402344,0.0484493672847747,0.0247698593884706,2.4400799924442214,0.9465549714219846,0.65257502974304,0.090601208598515,0.3004553924703364,0.8966343045707553
205_11,1,,183,205_11/1/183,1/183,2.png,C:\Users\u1021\Downloads\20260803\NASH_datasource_fromDrTsui_205\11\fast_035\1\183\2.png,475,735,349125,31.80121732903688,31.94128177586824,0.0,0.0,68.19878267096313,68.05871822413175,349125,49.782914428929466,46.14457993430517,0.0,238.0,0.0,0.0,0.0,0.0,47.0,81.0,110.0,132.0,178.0,81.0,238.0,5.803271758481826,1.0788464105601157,0.9269160004720411,1.1639095775784454,46.14457993430517,1.0,0.6687424052626595,-0.1273813467505746,237610,73.13847902024325,37.694181812031765,6.0,238.0,10.0,20.0,28.0,46.0,69.0,94.0,122.0,145.0,185.0,48.0,232.0,7.176214963796844,1.9403121517522333,0.5153809911961497,3.7648112462373824,37.694181812031765,0.7575757575757576,0.7860331466225237,0.6543305834559812,0.0411964431405067,0.0446820817887783,815.4193115234375,59.42578125,173.3571319580078,7685.71630859375,294.85614013671875,17.54150390625,1.4825797080993652,33.93825149536133,0.0439334511756897,0.0210944563150405,5.512565428199615,1.4109915200396494,0.5732591613273434,0.0795474234019551,0.2815156348407288,0.9003078967606813
205_11,1,,183,205_11/1/183,1/183,3.png,C:\Users\u1021\Downloads\20260803\NASH_datasource_fromDrTsui_205\11\fast_035\1\183\3.png,475,735,349125,31.80121732903688,31.945578231292515,0.0,0.0,68.19878267096313,68.05442176870748,349125,49.50759470103831,45.853648134315726,0.0,237.0,0.0,0.0,0.0,0.0,47.0,81.0,110.0,132.0,178.0,81.0,237.0,5.794472503618595,1.0796871506498096,0.9261942215373684,1.1657243432783049,45.853648134315726,1.0,0.6728409125452304,-0.1079981085920147,237595,72.7381973526379,37.41886041945285,6.0,237.0,11.0,21.0,28.0,45.0,68.0,94.0,121.0,145.0,184.0,49.0,231.0,7.16320714372635,1.9438913034033412,0.5144320560770101,3.778713399447141,37.41886041945285,0.7469879518072289,0.8035785616804668,0.6893189064715082,0.0407720431685447,0.0435076020658016,819.718017578125,58.81357955932617,171.8385772705078,7397.8076171875,292.17938232421875,18.115234375,1.4825797080993652,33.75143051147461,0.0433795936405658,0.0216625872999429,5.351613075688596,1.4080508907542857,0.5710937018921362,0.0795136173612192,0.2814528220390125,0.901913213779032
205_11,1,,183,205_11/1/183,1/183,4.png,C:\Users\u1021\Downloads\20260803\NASH_datasource_fromDrTsui_205\11\fast_035\1\183\4.png,475,735,349125,31.80121732903688,31.91808091657716,0.0,0.0,68.19878267096313,68.08191908342285,349125,50.2297515216613,46.05356793687408,0.0,241.0,0.0,0.0,0.0,0.0,48.0,81.0,110.0,131.0,179.0,81.0,241.0,5.786362158936628,1.0906809997981384,0.9168583666398136,1.1895850433206665,46.05356793687408,1.0,0.651399727969461,-0.1104560500349327,237691,73.77111039122222,37.13388156700761,6.0,241.0,11.0,22.0,30.0,47.0,69.0,94.0,121.0,145.0,186.0,47.0,235.0,7.152844594641882,1.9866253480154827,0.5033661736969877,3.9466802733776394,37.13388156700761,0.7365269461077845,0.8277953732945237,0.8008971339414779,0.0405314490199089,0.0421378947794437,803.54833984375,58.466529846191406,170.2938690185547,7113.0078125,285.0819702148437,18.402099609375,1.4825797080993652,34.244503021240234,0.0426749177277088,0.0210408754646778,5.152183811145013,1.3940019276868305,0.572865759393174,0.0796996389432687,0.2817848567983923,0.906489201283581
205_11,1,,183,205_11/1/183,1/183,5.png,C:\Users\u1021\Downloads\20260803\NASH_datasource_fromDrTsui_205\11\fast_035\1\183\5.png,475,735,349125,31.80121732903688,31.881990691013247,0.0,0.0,68.19878267096313,68.11800930898674,349125,51.85317006802721,47.24098317241493,0.0,234.0,0.0,0.0,0.0,0.0,50.0,84.0,114.0,137.0,181.0,84.0,234.0,5.808973039094162,1.0976310522323218,0.9110529425768672,1.2047939268246344,47.24098317241493,1.0,0.6150957987392888,-0.2335987203404128,237817,76.11756098176329,37.80915620062736,6.0,234.0,12.0,23.0,32.0,49.0,72.0,97.0,126.0,150.0,187.0,48.0,228.0,7.188094535370734,2.0132044359270918,0.4967205427100574,4.052992100836518,37.80915620062736,0.7341040462427746,0.7783851223279179,0.6043935851417168,0.0420434474945068,0.0451910570263862,868.19677734375,60.6475830078125,176.0454559326172,7927.60546875,304.3152770996094,18.084716796875,1.4825797080993652,35.34892272949219,0.0437373556196689,0.0211624503135681,5.705437465958418,1.4438704334621295,0.5673511878932989,0.0789536897326915,0.2804577706101098,0.9015655766282102
205_11,1,,184,205_11/1/184,1/184,1.png,C:\Users\u1021\Downloads\20260803\NASH_datasource_fromDrTsui_205\11\fast_035\1\184\1.png,475,735,349125,31.80121732903688,32.14665234514859,0.0,0.0,68.19878267096313,67.85334765485142,349125,33.21164339419978,34.19640639447416,0.0,196.0,0.0,0.0,0.0,0.0,27.0,52.0,79.0,101.0,142.0,52.0,196.0,5.504043762876719,0.9712027343190802,1.0296511373612534,0.943234751148858,34.19640639447416,1.0,1.1613255905365405,1.2159085504086082,236893,48.924641082682896,30.90763631453641,6.0,196.0,8.0,13.0,17.0,26.0,42.0,64.0,91.0,114.0,148.0,38.0,190.0,6.727284254353166,1.5829305283909,0.6317396639109186,2.5056690577118936,30.90763631453641,0.7952755905511811,1.2472194892798818,1.5280088718349931,0.0299181975424289,0.0304591264575719,470.1690673828125,43.15692901611328,125.31997680664062,3793.000244140625,147.20498657226562,12.921142578125,1.4825797080993652,22.688995361328125,0.0431700311601161,0.022493565455079,2.8299557982474632,1.0283026542974902,0.6334664980772368,0.0858535572158696,0.2924546844621101,0.9058303884772184
205_11,1,,184,205_11/1/184,1/184,2.png,C:\Users\u1021\Downloads\20260803\NASH_datasource_fromDrTsui_205\11\fast_035\1\184\2.png,475,735,349125,31.80121732903688,31.839312567132115,0.0,0.0,68.19878267096313,68.16068743286789,349125,50.25789044038668,47.76364773895892,0.0,237.0,0.0,0.0,0.0,0.0,45.0,80.0,115.0,141.0,187.0,80.0,237.0,5.825392761913699,1.052220523756047,0.9503711222343024,1.10716803061345,47.76364773895892,1.0,0.8079427524766296,0.1619901100794654,237966,73.73201213618752,40.20394353428628,6.0,237.0,13.0,22.0,29.0,44.0,66.0,95.0,129.0,155.0,194.0,51.0,231.0,7.2152059493762035,1.8339497485690228,0.5452712108280342,3.3633716802763827,40.20394353428628,0.751412429378531,0.94918874309571,0.7226702282913449,0.0409164130687713,0.0427842289209365,783.493896484375,59.02183532714844,174.1984405517578,7292.4609375,285.83673095703125,17.987060546875,1.4825797080993652,34.26557922363281,0.0391172096133232,0.0186264757066965,5.228585457725516,1.4030311569135905,0.5715290171396109,0.0782737969777165,0.2792464030595935,0.9133270742943764
205_11,1,,184,205_11/1/184,1/184,3.png,C:\Users\u1021\Downloads\20260803\NASH_datasource_fromDrTsui_205\11\fast_035\1\184\3.png,475,735,349125,31.80121732903688,31.81439312567132,0.0,0.0,68.19878267096313,68.18560687432867,349125,54.204379520229146,49.456093651789374,0.0,240.0,0.0,0.0,0.0,0.0,52.0,87.0,120.0,145.0,189.0,87.0,240.0,5.838614033442248,1.0960101277280716,0.9124003279722498,1.201238200082504,49.456093651789374,1.0,0.6460796108172847,-0.1771867057736273,238053,79.49446971892814,39.70829995302146,6.0,240.0,16.0,26.0,34.0,50.0,73.0,101.0,134.0,159.0,196.0,51.0,234.0,7.23674283662566,2.0019610462542428,0.4995102186783524,4.007848030719384,39.70829995302146,0.7189189189189189,0.8483450266586374,0.5824200654796661,0.0416223965585231,0.043442852795124,868.543701171875,60.04021453857422,177.28224182128906,7531.8818359375,300.953125,18.255615234375,1.4825797080993652,36.95382308959961,0.0390672236680984,0.0195913687348365,5.460187854043864,1.440612770985792,0.5650378768919438,0.077905064356635,0.2785901577483215,0.915082101930274
205_11,1,,184,205_11/1/184,1/184,4.png,C:\Users\u1021\Downloads\20260803\NASH_datasource_fromDrTsui_205\11\fast_035\1\184\4.png,475,735,349125,31.80121732903688,31.8155388471178,0.0,0.0,68.19878267096313,68.1844611528822,349125,53.67089151450054,48.55482285607765,0.0,240.0,0.0,0.0,0.0,0.0,52.0,85.0,117.0,142.0,187.0,85.0,240.0,5.807333760790029,1.1053668483888313,0.9046770322970944,1.2218358695170577,48.55482285607765,1.0,0.6348329514171762,-0.1403010186619941,238049,78.71330272338888,38.55531584279996,6.0,240.0,16.0,27.0,35.0,51.0,73.0,99.0,131.0,156.0,194.0,48.0,234.0,7.190777934192765,2.041568095157707,0.4898195668181972,4.168000287165867,38.55531584279996,0.7049180327868853,0.8955743303506943,0.761472436698944,0.0434630028903484,0.0449304431676864,880.691650390625,62.69528579711914,183.3534698486328,8131.302734375,318.3162841796875,18.98193359375,1.4825797080993652,36.588661193847656,0.0423384420573711,0.0204712096601724,5.789879145301302,1.4898489899657532,0.556822037774266,0.0776255507118883,0.2780856742038105,0.905503109392849
205_11,1,,184,205_11/1/184,1/184,5.png,C:\Users\u1021\Downloads\20260803\NASH_datasource_fromDrTsui_205\11\fast_035\1\184\5.png,475,735,349125,31.80121732903688,31.81668456856427,0.0,0.0,68.19878267096313,68.18331543143573,349125,54.1882133906194,49.18595995440334,0.0,240.0,0.0,0.0,0.0,0.0,53.0,87.0,119.0,143.0,188.0,87.0,240.0,5.831685860853167,1.1017008398505037,0.9076874264121428,1.2137447405273054,49.18595995440334,1.0,0.6268010235219115,-0.1945782278143584,238045,79.4732844630217,39.22666037655086,6.0,240.0,15.0,26.0,34.0,51.0,74.0,101.0,132.0,157.0,195.0,50.0,234.0,7.226370833573867,2.026001798270079,0.4935829774948174,4.104683286593594,39.22666037655086,0.7158469945355191,0.840694574605316,0.6386210086403357,0.0430850833654403,0.0444852374494075,869.00244140625,62.15013885498047,181.01239013671875,7980.41015625,315.24298095703125,19.49462890625,1.4825797080993652,36.9417610168457,0.0411485657095909,0.0193694774061441,5.701045576855772,1.4759123568093269,0.5597074050353844,0.0779621863083122,0.2786970163852425,0.9101203267123146
205_11,1,,186,205_11/1/186,1/186,1.png,C:\Users\u1021\Downloads\20260803\NASH_datasource_fromDrTsui_205\11\fast_035\1\186\1.png,475,735,349125,31.80264948084497,35.352953813104186,0.0,0.0,68.19735051915504,64.6470461868958,349125,48.56278410311493,46.75814730690499,0.0,241.0,0.0,0.0,0.0,0.0,45.0,86.0,112.0,128.0,163.0,86.0,241.0,5.813161215531711,1.0385951304777947,0.9628390993321532,1.0786798450521873,46.75814730690499,1.0,0.5265722400007851,-0.7233528810493928,225699,74.91303461690127,37.64525059515432,6.0,241.0,6.0,12.0,23.0,48.0,75.0,100.0,122.0,138.0,172.0,52.0,235.0,7.17401643732149,1.9899730625393692,0.5025193651234241,3.9599927896323175,37.64525059515432,0.84,0.2667494972806794,-0.0176674537604588,0.0384508073329925,0.0425332710146904,812.9368896484375,55.46520233154297,161.14089965820312,6840.72021484375,268.4918212890625,17.87109375,1.4825797080993652,33.10574722290039,0.0426272936165332,0.0206881258636713,4.890316032558268,1.3157232644735717,0.5976716889429908,0.1116705013529761,0.3337701921643247,0.9157065501214052
205_11,1,,186,205_11/1/186,1/186,2.png,C:\Users\u1021\Downloads\20260803\NASH_datasource_fromDrTsui_205\11\fast_035\1\186\2.png,475,735,349125,31.80179018976012,33.36627282491944,0.0,0.0,68.19820981023989,66.63372717508057,349125,56.00715216612961,51.52847164730694,0.0,240.0,0.0,0.0,0.0,0.0,56.0,98.0,125.0,141.0,176.0,98.0,240.0,5.895967178743844,1.0869166186312988,0.9200337752303864,1.1813877358568965,51.52847164730694,1.0,0.389029986056749,-0.965552062205199,232635,83.95745266189525,40.53408782948557,6.0,240.0,6.0,13.0,26.0,56.0,85.0,111.0,134.0,150.0,184.0,55.0,234.0,7.28960171677507,2.0712801781818406,0.4827932070869307,4.290201576528997,40.53408782948557,0.8404907975460123,0.1114306742182063,-0.2157796161767415,0.0429031178355217,0.0457427352666854,956.369140625,61.887657165527344,175.9940185546875,8183.9423828125,321.5577392578125,18.73779296875,1.4825797080993652,38.18314743041992,0.0414926558732986,0.0198846720159053,5.837732370634975,1.473318815308929,0.5684886491348035,0.0951060107006698,0.3079536249767088,0.9173776367000972
205_11,1,,186,205_11/1/186,1/186,3.png,C:\Users\u1021\Downloads\20260803\NASH_datasource_fromDrTsui_205\11\fast_035\1\186\3.png,475,735,349125,31.801503759398496,33.77901897601146,0.0,0.0,68.1984962406015,66.22098102398854,349125,53.72506695309703,49.64548606375445,0.0,235.0,0.0,0.0,0.0,0.0,53.0,94.0,120.0,135.0,169.0,94.0,235.0,5.857686617872074,1.0821742561670884,0.9240655969232364,1.171101120710791,49.64548606375445,1.0,0.396437582418048,-0.9557573433392405,231194,81.01204183499571,38.95072354027664,6.0,235.0,6.0,12.0,26.0,54.0,82.0,107.0,129.0,144.0,177.0,53.0,229.0,7.230989378865376,2.079859742559749,0.4808016519273884,4.325816548720705,38.95072354027664,0.8461538461538461,0.1166944260357164,-0.1835904555394911,0.0409796349704265,0.0438268966972827,888.320556640625,59.11303329467773,165.7060546875,7491.14453125,301.399169921875,18.81103515625,1.4825797080993652,36.62340545654297,0.0414715893566608,0.019844451919198,5.369596111950448,1.4057040890756358,0.5791143992698666,0.0994435368494472,0.3149060497653559,0.9178569370447373
205_11,1,,186,205_11/1/186,1/186,4.png,C:\Users\u1021\Downloads\20260803\NASH_datasource_fromDrTsui_205\11\fast_035\1\186\4.png,475,735,349125,31.80121732903688,33.14772645900466,0.0,0.0,68.19878267096313,66.85227354099534,349125,57.75381883279628,52.86196407521316,0.0,237.0,0.0,0.0,0.0,0.0,58.0,101.0,129.0,145.0,178.0,101.0,237.0,5.917263748877594,1.0925401627268878,0.9152981593867312,1.1936440071712944,52.86196407521316,1.0,0.3618326074240126,-1.0330539520787525,233398,86.30869159118758,41.47009271852665,6.0,237.0,7.0,12.0,27.0,58.0,88.0,115.0,138.0,153.0,185.0,57.0,231.0,7.321802932633811,2.081227360088091,0.480485707221182,4.331507324379245,41.47009271852665,0.8545454545454545,0.0575418207863377,-0.3061809087987472,0.0428950563073158,0.0457362197339534,971.9923095703124,61.87602233886719,175.97349548339844,8181.2626953125,325.96466064453125,18.8232421875,1.4825797080993652,39.375091552734375,0.0385255515575408,0.018961539492011,5.91439997848348,1.4808708148993768,0.5680138232371031,0.0923357173863033,0.3034214739734039,0.920653086071297
205_11,1,,186,205_11/1/186,1/186,5.png,C:\Users\u1021\Downloads\20260803\NASH_datasource_fromDrTsui_205\11\fast_035\1\186\5.png,475,735,349125,31.801503759398496,33.96920873612603,0.0,0.0,68.1984962406015,66.03079126387397,349125,55.82700751879699,50.84242534211365,0.0,241.0,0.0,0.0,0.0,0.0,57.0,98.0,124.0,139.0,168.0,98.0,241.0,5.86620483665428,1.0980398189728868,0.9107137853483364,1.2056914440500102,50.84242534211365,1.0,0.3290900286941943,-1.099891810191996,230530,84.42047455862577,38.82564371854715,6.0,241.0,6.0,15.0,30.0,58.0,86.0,111.0,133.0,147.0,175.0,53.0,235.0,7.24308111333572,2.174348355190253,0.4599079064828603,4.727790769718559,38.82564371854715,0.8148148148148148,0.0209815519283675,-0.3128333693932901,0.042420919984579,0.0447271838784217,945.8309326171876,61.192081451416016,174.36996459960938,7907.154296875,314.8501281738281,19.586181640625,1.4825797080993652,38.056678771972656,0.0418565906584262,0.020477944985032,5.652551189786661,1.4571825795801894,0.5712234013560439,0.099957251919071,0.3157240973583085,0.9172642397080502
205_11,1,,188,205_11/1/188,1/188,1.png,C:\Users\u1021\Downloads\20260803\NASH_datasource_fromDrTsui_205\11\fast_035\1\188\1.png,475,735,349125,31.80121732903688,31.815825277479416,0.0,0.0,68.19878267096313,68.18417472252058,349125,49.00796276405299,45.5871703191969,0.0,239.0,0.0,0.0,0.0,0.0,47.0,76.0,106.0,135.0,187.0,76.0,239.0,5.723212797195411,1.0750384904547494,0.9301992522862996,1.155707755959226,45.5871703191969,1.0,0.8488647939920855,0.550928197037249,238048,71.87491178249765,37.475178988602586,6.0,239.0,16.0,26.0,32.0,46.0,64.0,88.0,122.0,152.0,194.0,42.0,233.0,7.067335529317091,1.9179337823671805,0.5213944345699805,3.678469993545279,37.475178988602586,0.7078651685393258,1.2267571998630944,1.67253509493331,0.0410293415188789,0.0437071099877357,780.7781982421875,59.18473434448242,181.13116455078125,7477.80859375,287.1258544921875,17.364501953125,1.4825797080993652,33.41154479980469,0.043970238417387,0.0204128604382276,5.344844525162141,1.4051084463188257,0.57374813120443,0.0799782493363432,0.2822811032527864,0.9011667993961366
205_11,1,,188,205_11/1/188,1/188,2.png,C:\Users\u1021\Downloads\20260803\NASH_datasource_fromDrTsui_205\11\fast_035\1\188\2.png,475,735,349125,31.80121732903688,31.83587540279269,0.0,0.0,68.19878267096313,68.1641245972073,349125,49.72471750805585,46.88863741215034,0.0,241.0,0.0,0.0,0.0,0.0,47.0,78.0,109.0,139.0,192.0,78.0,241.0,5.774937010571831,1.060485444927231,0.9429643799294376,1.1246293789025068,46.88863741215034,1.0,0.8744728557976333,0.5673723134873381,237978,72.94634377967711,39.13482199414313,6.0,241.0,14.0,24.0,31.0,46.0,66.0,91.0,124.0,157.0,199.0,45.0,235.0,7.141404932511786,1.8639753565403765,0.5364877794608003,3.474404129789824,39.13482199414313,0.7348066298342542,1.1752491482487304,1.54184868795648,0.041848748922348,0.0449466183781623,799.978271484375,60.366729736328125,180.48764038085935,7847.7705078125,298.2567443847656,17.462158203125,1.4825797080993652,33.89749526977539,0.0427106283605098,0.0201332401484251,5.64146581199578,1.4370779179260842,0.5702674724930207,0.0792779051474868,0.2810360811579275,0.9021788061346449
205_11,1,,188,205_11/1/188,1/188,3.png,C:\Users\u1021\Downloads\20260803\NASH_datasource_fromDrTsui_205\11\fast_035\1\188\3.png,475,735,349125,31.80121732903688,31.883995703544574,0.0,0.0,68.19878267096313,68.11600429645543,349125,46.20681704260652,44.48833060125074,0.0,235.0,0.0,0.0,0.0,0.0,43.0,72.0,103.0,133.0,184.0,72.0,235.0,5.732110709910684,1.038627802350207,0.9628088115272864,1.0787477118148203,44.48833060125074,1.0,0.9679396204512072,0.8282291579293326,237810,67.83054118834363,37.93555471684383,6.0,235.0,11.0,21.0,28.0,42.0,60.0,84.0,118.0,149.0,191.0,42.0,229.0,7.074941218822665,1.7880466410637743,0.5592695274464784,3.197110790619446,37.93555471684383,0.7529411764705882,1.2420105881392294,1.7139713682944215,0.0398020930588245,0.0431656651198864,743.181884765625,57.4144287109375,175.73753356933594,7173.517578125,273.6456604003906,17.138671875,1.4825797080993652,31.499568939208984,0.043845172971487,0.0203093364834785,5.138000548699578,1.3631607193622977,0.5822656245443891,0.0809310571536007,0.2839547626330402,0.9005914816478985
205_11,1,,188,205_11/1/188,1/188,4.png,C:\Users\u1021\Downloads\20260803\NASH_datasource_fromDrTsui_205\11\fast_035\1\188\4.png,475,735,349125,31.80121732903688,31.922950232724663,0.0,0.0,68.19878267096313,68.07704976727533,349125,46.11988829215897,44.67773614770935,0.0,240.0,0.0,0.0,0.0,0.0,42.0,71.0,103.0,132.0,185.0,71.0,240.0,5.743823147418196,1.03227898879392,0.9687303634537466,1.0655999107053975,44.67773614770935,1.0,0.9874605269171338,0.8833996895968923,237674,67.7390711647046,38.31409302375543,6.0,240.0,11.0,20.0,27.0,41.0,60.0,84.0,119.0,149.0,193.0,43.0,234.0,7.090005918462186,1.7679935976222942,0.5656129079567149,3.125801361233423,38.31409302375543,0.7633136094674556,1.2446059097907305,1.743128971636109,0.0394266918301582,0.0422699749469757,731.929443359375,56.8729133605957,169.53790283203125,6952.3984375,264.7170715332031,17.388916015625,1.4825797080993652,31.440658569335938,0.0423292852938175,0.0201193690299987,5.000657403001037,1.353456277381522,0.5816971893539366,0.0811699134670114,0.2843723878241704,0.9045766881435264
205_11,1,,188,205_11/1/188,1/188,5.png,C:\Users\u1021\Downloads\20260803\NASH_datasource_fromDrTsui_205\11\fast_035\1\188\5.png,475,735,349125,31.80121732903688,31.81668456856427,0.0,0.0,68.19878267096313,68.18331543143573,349125,48.20791979949875,45.29406815895573,0.0,239.0,0.0,0.0,0.0,0.0,46.0,75.0,105.0,134.0,187.0,75.0,239.0,5.723547519315444,1.0643318597551694,0.9395565779925372,1.1328023076898976,45.29406815895573,1.0,0.8947502484212309,0.6931203009737388,238045,70.70236719947908,37.6631372328403,6.0,239.0,14.0,24.0,31.0,45.0,64.0,87.0,120.0,151.0,194.0,42.0,233.0,7.067777332033579,1.8772298962347271,0.532699805178769,3.5239920833174443,37.6631372328403,0.7257142857142858,1.2560505515901863,1.8090422677618532,0.0413649827241897,0.0443351827561855,796.064697265625,59.66889572143555,180.526123046875,7650.4150390625,299.3581237792969,17.962646484375,1.4825797080993652,32.865447998046875,0.0461494475603103,0.0215728282928466,5.443765942771296,1.4179262613929573,0.5711700083781388,0.0795638489092583,0.2815487042370332,0.8979128714206231
205_11,1,,190,205_11/1/190,1/190,1.png,C:\Users\u1021\Downloads\20260803\NASH_datasource_fromDrTsui_205\11\fast_035\1\190\1.png,475,735,349125,31.80121732903688,31.82327246688149,0.0,0.0,68.19878267096313,68.17672753311851,349125,49.383338345864665,44.87355278849149,0.0,235.0,0.0,0.0,0.0,0.0,48.0,79.0,109.0,129.0,174.0,79.0,235.0,5.739127854738485,1.1004998551959937,0.9086779932578046,1.211099931286403,44.87355278849149,1.0,0.6463580781460755,-0.1052812817553179,238022,72.43287175135072,35.83396757841128,6.0,235.0,14.0,24.0,31.0,46.0,67.0,92.0,120.0,142.0,180.0,46.0,229.0,7.089996197148705,2.021346689920795,0.4947196861312219,4.085842440853754,35.83396757841128,0.7108433734939759,0.8874233744558699,0.8210264058784222,0.041921529918909,0.045073002576828,825.0406494140625,60.471710205078125,175.9070587158203,7884.13037109375,319.1563720703125,18.182373046875,1.4825797080993652,33.66777420043945,0.0495307147502899,0.0224567484110593,5.614499582640306,1.4362746569071196,0.5684264235852089,0.0784593196524163,0.2795742370415249,0.8913788337378178
205_11,1,,190,205_11/1/190,1/190,2.png,C:\Users\u1021\Downloads\20260803\NASH_datasource_fromDrTsui_205\11\fast_035\1\190\2.png,475,735,349125,31.80121732903688,31.8141066953097,0.0,0.0,68.19878267096313,68.1858933046903,349125,51.36067883995703,45.998682980542775,0.0,239.0,0.0,0.0,0.0,0.0,50.0,82.0,112.0,133.0,175.0,82.0,239.0,5.750890549540126,1.1165684648337075,0.8956011489621748,1.246725136661102,45.998682980542775,1.0,0.5840107978037332,-0.2527668105164626,238054,75.32367025968898,36.03000938513424,6.0,239.0,16.0,27.0,34.0,49.0,70.0,95.0,124.0,145.0,182.0,46.0,233.0,7.108074194528564,2.0905814776381124,0.4783358174251957,4.3705309146435525,36.03000938513424,0.686046511627907,0.8442051960948214,0.6815635134451359,0.0436613000929355,0.0464279912412166,865.273681640625,62.981327056884766,184.03665161132807,8451.9326171875,348.1412353515625,18.865966796875,1.4825797080993652,35.01698303222656,0.0495474822819232,0.0224326308816671,5.992987549695371,1.4897218897841444,0.5603517768836956,0.0781250448817689,0.2789729658230205,0.8894718015708848
205_11,1,,190,205_11/1/190,1/190,3.png,C:\Users\u1021\Downloads\20260803\NASH_datasource_fromDrTsui_205\11\fast_035\1\190\3.png,475,735,349125,31.80121732903688,31.815825277479416,0.0,0.0,68.19878267096313,68.18417472252058,349125,51.54889795918368,46.31103563352161,0.0,238.0,0.0,0.0,0.0,0.0,50.0,83.0,112.0,134.0,177.0,83.0,238.0,5.760752735280575,1.1131018180442225,0.8983904111818376,1.2389956573333536,46.31103563352161,1.0,0.5954858797057061,-0.227873439232856,238048,75.60153834520769,36.42931103382165,6.0,238.0,16.0,26.0,34.0,49.0,70.0,96.0,124.0,147.0,183.0,47.0,232.0,7.122340518874461,2.075294212262697,0.4818593884621776,4.306846067451049,36.42931103382165,0.6994219653179191,0.8476412220089689,0.7036316997771799,0.0430160090327262,0.0469719432294368,864.4022216796875,62.05049896240234,181.9227294921875,8441.265625,353.26959228515625,18.463134765625,1.4825797080993652,35.142913818359375,0.0481215864419937,0.022046323865652,6.030279269857625,1.4769725543898955,0.5648261767477576,0.0782053417714427,0.2791191536614122,0.8903887840032071
205_11,1,,190,205_11/1/190,1/190,4.png,C:\Users\u1021\Downloads\20260803\NASH_datasource_fromDrTsui_205\11\fast_035\1\190\4.png,475,735,349125,31.80121732903688,31.81181525241676,0.0,0.0,68.19878267096313,68.18818474758325,349125,54.55636806301468,48.67818249113292,0.0,240.0,0.0,0.0,0.0,0.0,53.0,88.0,119.0,140.0,183.0,88.0,240.0,5.8136970408605855,1.1207560609509717,0.892254822295131,1.2560941481583376,48.67818249113292,1.0,0.5406398955239522,-0.3807959878640923,238062,80.00784249481228,37.93092713518132,6.0,240.0,16.0,27.0,35.0,52.0,75.0,102.0,131.0,152.0,190.0,50.0,234.0,7.200439972052942,2.10930363525452,0.4740901135740633,4.449161825697933,37.93092713518132,0.6983240223463687,0.748746518593437,0.508815395479036,0.0446248948574066,0.0467695966362953,883.106689453125,64.37130737304688,186.6589813232422,8695.197265625,351.7049255371094,18.902587890625,1.4825797080993652,37.19498443603516,0.0443966872990131,0.0207759253680706,6.1441554895189485,1.5172436666318871,0.5560204400830641,0.0772375420631017,0.2773832692497211,0.8999176406241199
205_11,1,,190,205_11/1/190,1/190,5.png,C:\Users\u1021\Downloads\20260803\NASH_datasource_fromDrTsui_205\11\fast_035\1\190\5.png,475,735,349125,31.80121732903688,31.813533834586465,0.0,0.0,68.19878267096313,68.18646616541353,349125,51.23291084854995,46.21370604213896,0.0,235.0,0.0,0.0,0.0,0.0,50.0,83.0,112.0,134.0,177.0,83.0,235.0,5.763942220796198,1.108608576032278,0.9020316292148948,1.2290129748523149,46.21370604213896,1.0,0.6063285060084567,-0.2188917002930162,238056,75.13564875491481,36.55471493506176,6.0,235.0,16.0,26.0,33.0,48.0,70.0,96.0,124.0,146.0,183.0,48.0,229.0,7.127344418799355,2.0554297547769367,0.4865162614659745,4.224791476822377,36.55471493506176,0.6976744186046512,0.8398807740651849,0.6740318762995283,0.0432508364319801,0.0454842038452625,857.7042236328125,62.38923645019531,179.9518585205078,8197.2021484375,336.114013671875,19.000244140625,1.4825797080993652,34.9272346496582,0.0476533062756061,0.0222536977380514,5.846828374228823,1.4799911459990829,0.5615034912936321,0.0781228088210599,0.2789710163587327,0.8933925261774736
205_11,1,,191,205_11/1/191,1/191,1.png,C:\Users\u1021\Downloads\20260803\NASH_datasource_fromDrTsui_205\11\fast_035\1\191\1.png,475,735,349125,31.80121732903688,34.83021840315074,0.0,0.0,68.19878267096313,65.16978159684926,349125,46.32745291800931,47.075908136708655,0.0,239.0,0.0,0.0,0.0,0.0,38.0,82.0,111.0,129.0,170.0,82.0,239.0,5.7970681366342935,0.9841010986654612,1.01615576017149,0.9684549723945676,47.075908136708655,1.0,0.6808410319126283,-0.4698163908885076,227524,70.89839753168897,40.82235926307767,6.0,239.0,6.0,8.0,11.0,41.0,71.0,97.0,123.0,141.0,179.0,56.0,233.0,7.151433803364315,1.7367540439000049,0.5757867692966062,3.01631460900302,40.82235926307767,0.8926174496644296,0.3432520448584847,-0.1282456037189998,0.0393278673291206,0.0471713133156299,795.8634033203125,56.73036193847656,178.52279663085938,7848.39013671875,298.527099609375,16.876220703125,1.4825797080993652,31.58631134033203,0.0424988940358161,0.019490972161293,5.529016254160985,1.3511178076911723,0.6038484506748146,0.1120482784771372,0.3343235978196909,0.9065151680622971
205_11,1,,191,205_11/1/191,1/191,2.png,C:\Users\u1021\Downloads\20260803\NASH_datasource_fromDrTsui_205\11\fast_035\1\191\2.png,475,735,349125,31.80121732903688,35.50132474042248,0.0,0.0,68.19878267096313,64.49867525957752,349125,44.22364196204798,45.312943538869845,0.0,239.0,0.0,0.0,0.0,0.0,37.0,79.0,106.0,124.0,168.0,79.0,239.0,5.752184446108613,0.975960476372773,1.0246316569258744,0.95249885144177,45.312943538869845,1.0,0.728602037797694,-0.2964876357300703,225181,68.33334517565869,39.30880563677942,6.0,239.0,6.0,8.0,11.0,41.0,68.0,93.0,117.0,137.0,176.0,52.0,233.0,7.091720546223702,1.7383724605390292,0.5752507145044873,3.021938811560518,39.30880563677942,0.8896551724137931,0.4230715648019837,0.1119688583272102,0.0379105284810066,0.0462323166429996,774.4788818359375,54.68585205078125,173.63031005859375,7438.1015625,283.9464416503906,16.10107421875,1.4825797080993652,30.1496639251709,0.0447157062590122,0.0207981802523136,5.270970847583975,1.3000403160357723,0.615336773666214,0.1249953695455355,0.3531937510383945,0.903713710503876
205_11,1,,191,205_11/1/191,1/191,3.png,C:\Users\u1021\Downloads\20260803\NASH_datasource_fromDrTsui_205\11\fast_035\1\191\3.png,475,735,349125,31.80121732903688,34.754027926960255,0.0,0.0,68.19878267096313,65.24597207303974,349125,47.94852559971357,48.22735230952574,0.0,237.0,0.0,0.0,0.0,0.0,41.0,86.0,114.0,132.0,172.0,86.0,237.0,5.805042498377725,0.9942184943510344,1.0058151258318115,0.988470414509638,48.22735230952574,1.0,0.6259610407508388,-0.6043744746677273,227790,73.3033715264059,41.40385826167461,6.0,237.0,6.0,8.0,11.0,44.0,74.0,101.0,125.0,143.0,180.0,57.0,231.0,7.163907018768441,1.770447842399726,0.5648288393769146,3.134485562657846,41.40385826167461,0.8940397350993378,0.2602285130896814,-0.2029717531950741,0.0401566624641418,0.0479393042623996,849.138427734375,57.925899505615234,180.7473297119141,8137.45556640625,313.1810607910156,17.266845703125,1.4825797080993652,32.691307067871094,0.0439146384596824,0.0200248584151268,5.736442028001751,1.3791269653395375,0.600124360399358,0.1088388042204427,0.3295069467986604,0.907597750796351
205_11,1,,191,205_11/1/191,1/191,4.png,C:\Users\u1021\Downloads\20260803\NASH_datasource_fromDrTsui_205\11\fast_035\1\191\4.png,475,735,349125,31.801503759398496,35.49330469029717,0.0,0.0,68.1984962406015,64.50669530970283,349125,46.75800071607591,47.56986514668457,0.0,239.0,0.0,0.0,0.0,0.0,39.0,84.0,112.0,130.0,169.0,84.0,239.0,5.783959161229137,0.9829332198419056,1.017363112583416,0.966157714668776,47.56986514668457,1.0,0.6435621191038798,-0.5983881532010042,225209,72.25492320466766,40.9330290658821,6.0,239.0,6.0,8.0,11.0,43.0,73.0,99.0,124.0,141.0,177.0,56.0,233.0,7.140044683036352,1.765198541460801,0.5665085125055926,3.115925890775339,40.9330290658821,0.8926174496644296,0.2555595655294905,-0.2319061743385884,0.0396200343966484,0.0477098040282726,829.9970703125,57.15180969238281,183.10836791992188,8002.69921875,308.1026306152344,16.943359375,1.4825797080993652,31.879222869873047,0.0433955863118171,0.020120671018958,5.629583350769809,1.3595640100343864,0.6059503696022491,0.1217943182273527,0.3486185252805487,0.9071548034284994
205_11,1,,191,205_11/1/191,1/191,5.png,C:\Users\u1021\Downloads\20260803\NASH_datasource_fromDrTsui_205\11\fast_035\1\191\5.png,475,735,349125,31.80121732903688,34.62513426423201,0.0,0.0,68.19878267096313,65.374865735768,349125,46.98593340494092,47.6733145397854,0.0,240.0,0.0,0.0,0.0,0.0,39.0,84.0,112.0,130.0,174.0,84.0,240.0,5.817404179421055,0.985581427650246,1.0146295089834736,0.971370750529097,47.6733145397854,1.0,0.6857977222027498,-0.4265228231919953,228240,71.69587714686295,41.38089154301568,6.0,240.0,6.0,8.0,12.0,41.0,72.0,98.0,123.0,142.0,183.0,57.0,234.0,7.179750768411886,1.7325841583749997,0.5771725403156783,3.0018478658520054,41.38089154301568,0.8933333333333333,0.360063961380936,-0.0508305588015325,0.0399465858936309,0.046598557382822,818.338134765625,57.62285614013672,179.49037170410156,7838.6953125,296.8537292480469,16.6015625,1.4825797080993652,32.03187561035156,0.0417103022336959,0.020064752548933,5.602654204735757,1.3677022943113435,0.6011131225714533,0.1107877849350986,0.3324484662925108,0.9078782150816096
205_11,1,,192,205_11/1/192,1/192,1.png,C:\Users\u1021\Downloads\20260803\NASH_datasource_fromDrTsui_205\11\fast_035\1\192\1.png,475,735,349125,31.802935911206585,40.412746151092016,0.0,0.0,68.19706408879341,59.587253848907984,349125,42.71322878625134,46.16285274065413,0.0,241.0,0.0,0.0,0.0,0.0,29.0,78.0,107.0,125.0,169.0,78.0,241.0,5.696554073061702,0.92527273013687,1.080762425422476,0.8561296251349372,46.16285274065413,1.0,0.8011156639675021,-0.2421496084207568,208034,71.14241422075237,39.68148501392071,6.0,241.0,6.0,7.0,14.0,44.0,71.0,96.0,120.0,141.0,179.0,52.0,235.0,7.125578795894334,1.7928364877422007,0.5577753503105823,3.2142626717797897,39.68148501392071,0.9054054054054054,0.4025601467394928,0.1284655050297871,0.0361631885170936,0.0467290803790092,759.875,52.165321350097656,175.86358642578125,7264.86865234375,280.7175598144531,14.453125,0.0,,0.0409304648637771,0.0199764687567949,5.19096841300482,1.2336316975213553,0.6421443080958343,0.1654939812979956,0.4065151417243073,0.909695395374714
205_11,1,,192,205_11/1/192,1/192,2.png,C:\Users\u1021\Downloads\20260803\NASH_datasource_fromDrTsui_205\11\fast_035\1\192\2.png,475,735,349125,31.80580021482277,38.634586466165416,0.0,0.0,68.19419978517723,61.36541353383459,349125,45.22040529896169,46.62184582904684,0.0,240.0,0.0,0.0,0.0,0.0,37.0,81.0,109.0,127.0,170.0,81.0,240.0,5.758319614134928,0.9699402607261848,1.0309913305911331,0.9407841093775796,46.62184582904684,1.0,0.6967953645856729,-0.430486365652984,214242,73.28192884681809,38.76195949035724,6.0,240.0,6.0,9.0,20.0,46.0,73.0,97.0,122.0,141.0,178.0,51.0,234.0,7.161641632827559,1.8905630626090597,0.5289429481500375,3.574228693701748,38.76195949035724,0.88,0.3847860086164557,0.1220854033065399,0.0390757657587528,0.0477455928921699,835.4193115234375,56.36670684814453,183.84776306152344,7920.68359375,306.7993469238281,15.924072265625,0.0,,0.0428094491362571,0.0213793255388736,5.675019137212323,1.3364021462934332,0.6162016266944185,0.1393751526744597,0.3730038102288667,0.9019345412121584
205_11,1,,192,205_11/1/192,1/192,3.png,C:\Users\u1021\Downloads\20260803\NASH_datasource_fromDrTsui_205\11\fast_035\1\192\3.png,475,735,349125,31.80207662012173,35.85907626208378,0.0,0.0,68.19792337987826,64.14092373791622,349125,52.254986036519874,52.20980497409496,0.0,238.0,0.0,0.0,0.0,0.0,44.0,97.0,124.0,139.0,173.0,97.0,238.0,5.824035062951889,1.000865375046839,0.999135373179636,1.0017314989676498,52.20980497409496,1.0,0.4908017033725423,-1.0146788476259996,223932,81.21547166103996,43.702794216609256,6.0,238.0,6.0,8.0,11.0,51.0,85.0,112.0,134.0,149.0,181.0,61.0,232.0,7.208688111846173,1.8583587872780452,0.5381092213440166,3.453497382253528,43.702794216609256,0.8980891719745223,-0.0415619848516817,-0.5203313664154829,0.0403480157256126,0.0480646193027496,890.2703857421875,58.20191955566406,188.67962646484372,8194.54296875,322.6389465332031,15.863037109375,1.4825797080993652,35.62384033203125,0.0375063866376876,0.0179413799196481,5.861372053707947,1.3876677074635309,0.6057586968053839,0.1294266293532054,0.3594122436366327,0.9208137850462668
205_11,1,,192,205_11/1/192,1/192,4.png,C:\Users\u1021\Downloads\20260803\NASH_datasource_fromDrTsui_205\11\fast_035\1\192\4.png,475,735,349125,31.803222341568205,39.76226279985679,0.0,0.0,68.1967776584318,60.237737200143215,349125,44.524476906552096,46.91982396228593,0.0,240.0,0.0,0.0,0.0,0.0,33.0,81.0,110.0,126.0,170.0,81.0,240.0,5.748919820517292,0.9489480809293058,1.053798432281668,0.9005024602994124,46.91982396228593,1.0,0.7294097585272628,-0.4041789780324496,210305,73.43727918974822,39.37927549533652,6.0,240.0,6.0,9.0,19.0,45.0,73.0,99.0,122.0,140.0,181.0,54.0,234.0,7.182534736607617,1.8648712620029035,0.5362300446015684,3.4777448238443007,39.37927549533652,0.8791946308724832,0.3613520125409159,0.081135028721524,0.0377273447811603,0.0465942472219467,778.0009765625,54.42161560058594,178.07833862304688,7479.177734375,294.7132873535156,14.84375,0.0,,0.0405576005578041,0.0194200649857521,5.326948034166478,1.281932567356502,0.6279622055427286,0.1475619777897298,0.3838229999264808,0.9099161195561042
205_11,1,,192,205_11/1/192,1/192,5.png,C:\Users\u1021\Downloads\20260803\NASH_datasource_fromDrTsui_205\11\fast_035\1\192\5.png,475,735,349125,31.80207662012173,36.215109201575366,0.0,0.0,68.19792337987826,63.78489079842464,349125,52.78940780522736,52.13384574530211,0.0,241.0,0.0,0.0,0.0,0.0,48.0,94.0,123.0,143.0,186.0,94.0,241.0,5.895562885129451,1.0125745962254151,0.9875815606353452,1.025307312921062,52.13384574530211,1.0,0.580282966228109,-0.6649105521249052,222689,82.4993960186628,42.69441951930862,6.0,241.0,6.0,10.0,23.0,53.0,83.0,109.0,136.0,156.0,194.0,56.0,235.0,7.319407252450677,1.9323227004258088,0.5175119040829147,3.7338710185808903,42.69441951930862,0.8795180722891566,0.2790075320406788,-0.0630683611259592,0.0433624237775802,0.0514039359986782,954.31787109375,62.550201416015625,197.38153076171875,9410.7587890625,366.1255493164063,16.790771484375,1.4825797080993652,35.99015808105469,0.040216039866209,0.0191600546240806,6.727617264814623,1.4816292807788856,0.5897557579063727,0.1195713854439192,0.3454121117219305,0.9078136553109936
205_11,1,,193,205_11/1/193,1/193,1.png,C:\Users\u1021\Downloads\20260803\NASH_datasource_fromDrTsui_205\11\fast_035\1\193\1.png,475,735,349125,31.80121732903688,31.92209094163981,0.0,0.0,68.19878267096313,68.07790905836019,349125,49.68636448263516,46.13998543290064,0.0,241.0,0.0,0.0,0.0,0.0,47.0,82.0,111.0,132.0,175.0,82.0,241.0,5.811472873700427,1.0768612953918648,0.9286247024377496,1.1596302495130448,46.13998543290064,1.0,0.6447915316974999,-0.2211151227734196,237677,72.97694770634097,37.78648629581955,6.0,241.0,10.0,18.0,27.0,45.0,69.0,95.0,123.0,144.0,183.0,50.0,235.0,7.1895687726063136,1.931297531477931,0.5177866091066492,3.72991015509275,37.78648629581955,0.7777777777777778,0.7062181615890814,0.5093993736077422,0.0405420362949371,0.0433542244136333,830.277099609375,58.48179626464844,170.53970336914062,7331.1689453125,292.3480224609375,18.414306640625,1.4825797080993652,33.87028121948242,0.0459260232746601,0.021195463836193,5.2248240911124055,1.390670711491898,0.575313856996951,0.0794630474147492,0.2813663510750611,0.9053391543252234
205_11,1,,193,205_11/1/193,1/193,2.png,C:\Users\u1021\Downloads\20260803\NASH_datasource_fromDrTsui_205\11\fast_035\1\193\2.png,475,735,349125,31.80121732903688,32.00171858216971,0.0,0.0,68.19878267096313,67.99828141783028,349125,45.439335481561045,43.22301187916488,0.0,235.0,0.0,0.0,0.0,0.0,41.0,75.0,104.0,125.0,165.0,75.0,235.0,5.759943982127558,1.0512764730184043,0.9512245595383864,1.1051822227220158,43.22301187916488,1.0,0.7304056486050835,-0.0909884507587821,237399,66.81176837307655,36.33243951963158,6.0,235.0,9.0,17.0,23.0,39.0,62.0,88.0,116.0,136.0,171.0,49.0,229.0,7.10988873890694,1.8389012479323337,0.5438029916638554,3.381557799647094,36.33243951963158,0.7777777777777778,0.7594178571995436,0.4370628152330456,0.0375200510025024,0.0407208763062953,733.4422607421875,54.122589111328125,158.5411376953125,6379.61572265625,255.43508911132807,16.656494140625,1.4825797080993652,30.977516174316406,0.0452232435345649,0.0218070577830076,4.594838773978744,1.287876786989663,0.5936625441094122,0.0804172175513986,0.2830519016416389,0.9047887394713046
205_11,1,,193,205_11/1/193,1/193,3.png,C:\Users\u1021\Downloads\20260803\NASH_datasource_fromDrTsui_205\11\fast_035\1\193\3.png,475,735,349125,31.80121732903688,31.95703544575725,0.0,0.0,68.19878267096313,68.04296455424274,349125,47.75482993197279,45.258155784341454,0.0,239.0,0.0,0.0,0.0,0.0,43.0,79.0,109.0,130.0,170.0,79.0,239.0,5.806223129199909,1.055165176405512,0.947718918668795,1.113373549498875,45.258155784341454,1.0,0.6934741030546354,-0.2071059205933147,237555,70.17363978868052,37.9145845104678,6.0,239.0,9.0,17.0,24.0,41.0,66.0,93.0,121.0,142.0,177.0,52.0,233.0,7.179978487872023,1.850834993834796,0.5402966787050382,3.425590174403449,37.9145845104678,0.7861635220125787,0.6901981609119724,0.3008739091597983,0.0387628078460693,0.0423225983977317,781.1187744140625,55.91526412963867,165.84207153320312,6853.650390625,272.8075866699219,16.357421875,1.4825797080993652,32.552982330322266,0.0449985302984714,0.0214182361960411,4.866384689258566,1.3262041937210989,0.5873515411213651,0.0796991381352821,0.281782726298579,0.908497100210203
205_11,1,,193,205_11/1/193,1/193,4.png,C:\Users\u1021\Downloads\20260803\NASH_datasource_fromDrTsui_205\11\fast_035\1\193\4.png,475,735,349125,31.80121732903688,31.91120658789832,0.0,0.0,68.19878267096313,68.08879341210168,349125,50.17817973505191,46.50813297853635,0.0,236.0,0.0,0.0,0.0,0.0,47.0,83.0,113.0,134.0,173.0,83.0,236.0,5.820300619704129,1.0789119347837357,0.9268597072294384,1.1640509630187836,46.50813297853635,1.0,0.6151471964933919,-0.3624600505317508,237715,73.68825694634332,38.008483891003614,6.0,236.0,10.0,19.0,27.0,45.0,70.0,97.0,125.0,145.0,180.0,52.0,230.0,7.2031531763970245,1.9387318146563823,0.5158010986564628,3.75868104916083,38.008483891003614,0.7682926829268293,0.6403905289537793,0.2353128890094029,0.0412650220096111,0.0440330579876899,850.43212890625,59.52470016479492,171.27548217773438,7577.67431640625,303.1885681152344,18.07861328125,1.4825797080993652,34.20646286010742,0.0467409417033195,0.0218062661588192,5.36665378565765,1.4102693849482757,0.5728635711765488,0.0789378140160175,0.2804347773067328,0.9044094776342744
205_11,1,,193,205_11/1/193,1/193,5.png,C:\Users\u1021\Downloads\20260803\NASH_datasource_fromDrTsui_205\11\fast_035\1\193\5.png,475,735,349125,31.80121732903688,31.90433225921948,0.0,0.0,68.19878267096313,68.09566774078051,349125,49.950189760114576,46.29770734193797,0.0,238.0,0.0,0.0,0.0,0.0,47.0,83.0,113.0,133.0,173.0,83.0,238.0,5.814991672369416,1.0788912157399222,0.92687750665778,1.1640062554007673,46.29770734193797,1.0,0.6196599113240268,-0.3424916818128687,237739,73.34641771017797,37.84194409346161,6.0,238.0,10.0,19.0,27.0,45.0,70.0,96.0,124.0,144.0,180.0,51.0,232.0,7.195799710004371,1.9382306979003987,0.5159344556265962,3.756738238283466,37.84194409346161,0.7668711656441718,0.6520159990809556,0.2708279798526507,0.0402517765760421,0.0431852005422115,826.303466796875,58.0630989074707,168.4294891357422,7251.93505859375,296.534423828125,17.6513671875,1.4825797080993652,34.055992126464844,0.0453654266893863,0.0211454927921295,5.18269029064261,1.379179445938534,0.5777318833874673,0.0791373622876873,0.28079143166232,0.9068182941289934
205_11,1,,194,205_11/1/194,1/194,1.png,C:\Users\u1021\Downloads\20260803\NASH_datasource_fromDrTsui_205\11\fast_035\1\194\1.png,475,735,349125,31.80179018976012,36.23487289652703,0.0,0.0,68.19820981023989,63.76512710347296,349125,38.78699033297529,42.03248869123141,0.0,240.0,0.0,0.0,0.0,0.0,30.0,65.0,94.0,120.0,172.0,65.0,240.0,5.7095797324271125,0.9227859577362316,1.083674921162855,0.8515339237951741,42.03248869123141,1.0,1.1338947479101429,1.0802325975560612,222620,60.55570029646932,38.23457488139721,6.0,240.0,6.0,8.0,15.0,34.0,55.0,79.0,110.0,139.0,181.0,45.0,234.0,7.033316735692623,1.5837942617202294,0.6313951402462183,2.508404263457926,38.23457488139721,0.891156462585034,1.0434718888439498,1.3428693028328915,0.0354274362325668,0.0433636307716369,644.6552734375,51.10399627685547,167.2004852294922,6524.3642578125,236.6122283935547,15.0634765625,1.4825797080993652,26.44049072265625,0.0440845862030983,0.0193317271769046,4.645421021638797,1.2090816845819894,0.6306062253289889,0.1309892022251456,0.3615642931288695,0.9022499355507396
205_11,1,,194,205_11/1/194,1/194,2.png,C:\Users\u1021\Downloads\20260803\NASH_datasource_fromDrTsui_205\11\fast_035\1\194\2.png,475,735,349125,31.803508771929824,38.125313283208015,0.0,0.0,68.19649122807017,61.87468671679199,349125,33.89616326530612,38.15515327362594,0.0,240.0,0.0,0.0,0.0,0.0,26.0,55.0,82.0,109.0,163.0,55.0,240.0,5.597673458104162,0.8883770698606059,1.1256481441567472,0.789213818254116,38.15515327362594,1.0,1.3513872417895878,1.957315089587195,216020,54.40596241088788,35.330263897696746,6.0,240.0,6.0,9.0,16.0,30.0,48.0,69.0,100.0,130.0,172.0,39.0,234.0,6.886599273054785,1.5399251635489402,0.6493822061426552,2.3713695093312306,35.330263897696746,0.8705035971223022,1.3318677074424157,2.179461316512631,0.032611921429634,0.0407476499676704,548.229248046875,47.04262161254883,154.9605712890625,5667.908203125,200.8397216796875,14.031982421875,0.0,,0.0455163568258285,0.0206228028982877,4.016605540597407,1.1007130973450814,0.6514238975672563,0.1372922753657798,0.3701669020936319,0.8965802077035646
205_11,1,,194,205_11/1/194,1/194,3.png,C:\Users\u1021\Downloads\20260803\NASH_datasource_fromDrTsui_205\11\fast_035\1\194\3.png,475,735,349125,31.88972431077694,43.05907626208378,0.0,0.0,68.11027568922306,56.940923737916215,349125,18.22877192982456,24.09341493014141,0.0,189.0,0.0,0.0,0.0,0.0,11.0,27.0,46.0,67.0,114.0,27.0,189.0,5.041203231938553,0.7565873074729623,1.321724525540942,0.5724243538291869,24.09341493014141,1.0,2.14453051609116,5.781480108000679,198795,31.55730777937071,24.61319260249255,6.0,189.0,6.0,8.0,10.0,16.0,24.0,38.0,62.0,88.0,124.0,22.0,183.0,6.084784309376574,1.282129802867383,0.7799522308611639,1.6438568314007551,24.61319260249255,0.8333333333333334,2.0306300529608783,4.71224671980252,0.023720696568489,0.0292244479060173,293.5225830078125,34.21704864501953,109.8034439086914,2947.951904296875,91.7486343383789,6.781005859375,1.4825797080993652,14.425053596496582,0.0592442043125629,0.0267282463610172,2.1588863811249883,0.7964465417674235,0.7037078323772493,0.108771566614448,0.3292558389535853,0.8643913490050984
205_11,1,,194,205_11/1/194,1/194,4.png,C:\Users\u1021\Downloads\20260803\NASH_datasource_fromDrTsui_205\11\fast_035\1\194\4.png,475,735,349125,31.829287504475477,43.03472968134622,0.0,0.0,68.17071249552453,56.96527031865378,349125,25.706609380594344,36.18486528192579,0.0,179.0,0.0,0.0,0.0,0.0,8.0,36.0,87.0,109.0,138.7600000000093,36.0,179.0,5.357869541506803,0.7104243495258971,1.4076094107238184,0.504702756399294,36.18486528192579,1.0,1.5980264289624035,1.6088880625748612,198880,44.482818785197104,38.43677923614326,6.0,179.0,6.0,7.0,8.0,13.0,29.0,71.0,106.0,122.0,145.0,58.0,173.0,6.602450655644994,1.1572982874529865,0.8640814652900136,1.339339326141615,38.43677923614326,0.8914728682170543,0.9651253249311994,-0.1547931385573391,0.0213123317807912,0.0272791348397731,306.384033203125,30.74299049377441,102.1830596923828,2493.56103515625,110.71180725097656,7.70263671875,1.4825797080993652,18.91090583801269,0.0226773601025342,0.0118400622159242,1.9827313596370564,0.7478113522130606,0.7215686625647084,0.1418907868075604,0.3761682982463885,0.9480606050844989
205_11,1,,194,205_11/1/194,1/194,5.png,C:\Users\u1021\Downloads\20260803\NASH_datasource_fromDrTsui_205\11\fast_035\1\194\5.png,475,735,349125,31.801503759398496,34.03480128893663,0.0,0.0,68.1984962406015,65.96519871106338,349125,43.05988686000716,52.79480564142128,0.0,239.0,0.0,0.0,0.0,0.0,21.0,67.0,133.0,159.0,190.0,67.0,239.0,5.863535736063877,0.8156083981531627,1.2260785963758682,0.6652170591379678,52.79480564142128,1.0,1.2673780451180214,0.516126172409825,230301,65.14532720222665,52.83693309948036,6.0,239.0,6.0,9.0,12.0,22.0,45.0,103.0,150.0,169.0,195.0,81.0,233.0,7.239287225958534,1.2329505779522116,0.8110625177376407,1.5201671276726925,52.83693309948036,0.898876404494382,0.8644543260407418,-0.433826541437182,0.0307394787669181,0.0418033488094806,539.8699951171875,44.34162902832031,134.23858642578125,5602.419921875,239.8054962158203,12.40234375,1.4825797080993652,29.39229202270508,0.0207096524536609,0.0099088195711374,4.159485879619923,1.0640251098354896,0.6557008715315714,0.0966186973735222,0.3103345270573318,0.947690986439108
205_11,1,,195,205_11/1/195,1/195,1.png,C:\Users\u1021\Downloads\20260803\NASH_datasource_fromDrTsui_205\11\fast_035\1\195\1.png,475,735,349125,31.80121732903688,35.2547081990691,0.0,0.0,68.19878267096313,64.7452918009309,349125,38.68479197994987,43.630218222577234,0.0,242.0,0.0,0.0,0.0,0.0,23.0,66.0,104.0,127.0,164.0,66.0,242.0,5.768933305442813,0.8866513521110865,1.1278390289701068,0.786150620200418,43.630218222577234,1.0,1.0960873671742992,0.4794855408850349,226042,59.536758655471104,41.30361153093636,6.0,242.0,6.0,8.0,11.0,25.0,52.0,85.0,119.0,139.0,172.0,60.0,236.0,7.110838619728132,1.4414419574636503,0.6937497516442438,2.07775491673664,41.30361153093636,0.891156462585034,0.7874735200932839,0.1021330818778114,0.0377441458404064,0.0464458242058754,695.22021484375,54.44584655761719,189.1065673828125,7453.08203125,283.90948486328125,13.19580078125,1.4825797080993652,26.373180389404297,0.0441642850637435,0.0206922441720962,5.32337537523299,1.2784816424917869,0.6296090843498401,0.1169142779257231,0.3414976345831279,0.896443527654172
205_11,1,,195,205_11/1/195,1/195,2.png,C:\Users\u1021\Downloads\20260803\NASH_datasource_fromDrTsui_205\11\fast_035\1\195\2.png,475,735,349125,31.80179018976012,36.87561761546724,0.0,0.0,68.19820981023989,63.124382384532765,349125,34.864,40.44420341568255,0.0,242.0,0.0,0.0,0.0,0.0,20.0,58.0,95.0,118.0,158.0,58.0,242.0,5.6861151475456815,0.8620271152746011,1.1600563164204496,0.7430907474686503,40.44420341568255,1.0,1.2459249424643768,1.0911094132574934,220383,54.925089503273846,38.71470011956706,6.0,242.0,6.0,8.0,11.0,24.0,47.0,77.0,110.0,131.0,167.0,53.0,236.0,7.004135414672124,1.4187140629694244,0.7048636692209568,2.012749592467212,38.71470011956706,0.8848920863309353,0.9661964668041508,0.6684018390431352,0.0370109491050243,0.0454204306006431,648.6044921875,53.388214111328125,188.6374053955078,7143.0234375,252.2802581787109,13.922119140625,0.0,,0.0474953018128871,0.0218574348837137,5.082209103194479,1.2498821092392354,0.6347145604203285,0.1252736692404382,0.3535317701749137,0.884267139493784
205_11,1,,195,205_11/1/195,1/195,3.png,C:\Users\u1021\Downloads\20260803\NASH_datasource_fromDrTsui_205\11\fast_035\1\195\3.png,475,735,349125,31.80236305048335,37.12223415682063,0.0,0.0,68.19763694951665,62.877765843179375,349125,34.08280128893663,40.04371390030803,0.0,239.0,0.0,0.0,0.0,0.0,20.0,56.0,92.0,116.0,160.0,56.0,239.0,5.671179434747617,0.8511398661419978,1.1748950316858586,0.7244390717362178,40.04371390030803,1.0,1.326759815040988,1.4483993566116418,219522,53.88604786763969,38.63456338698917,6.0,239.0,6.0,8.0,11.0,23.0,46.0,75.0,109.0,131.0,170.0,52.0,233.0,6.983903912509994,1.39476269805049,0.7169678407644081,1.9453629838730828,38.63456338698917,0.8848920863309353,1.0653414357127018,0.9962955125283656,0.0367435365915298,0.0462011583149433,624.4483642578125,53.002471923828125,191.86370849609372,7250.8271484375,246.59939575195312,13.3056640625,0.0,,0.0483904816210269,0.0207161419093608,5.0754519195585726,1.229746391235903,0.6404986225159622,0.1265324580476302,0.3553165553414757,0.8820336873943228
205_11,1,,195,205_11/1/195,1/195,4.png,C:\Users\u1021\Downloads\20260803\NASH_datasource_fromDrTsui_205\11\fast_035\1\195\4.png,475,735,349125,31.802935911206585,36.95495882563552,0.0,0.0,68.19706408879341,63.04504117436448,349125,34.25014536340852,39.72480884384802,0.0,239.0,0.0,0.0,0.0,0.0,20.0,57.0,93.0,116.0,153.0,57.0,239.0,5.668262573197572,0.8621852781731552,1.1598435108041445,0.7433634538985209,39.72480884384802,1.0,1.222196698002176,0.9478686434801622,220106,54.01525628560784,38.010913554660455,6.0,239.0,6.0,8.0,11.0,23.0,46.0,77.0,109.0,128.0,162.0,54.0,233.0,6.977451208196361,1.421045990066322,0.7037069925888386,2.019371705883573,38.010913554660455,0.8823529411764706,0.9234697905515964,0.4874982644825194,0.0364531874656677,0.0445527210831642,629.7056884765625,52.583641052246094,185.69862365722656,6895.3125,246.16685485839844,13.140869140625,0.0,,0.0478183440864086,0.0217603594064712,4.897041330518404,1.2277042812441357,0.637517001837571,0.1253183682545967,0.3535955605208436,0.8841350631062374
205_11,1,,195,205_11/1/195,1/195,5.png,C:\Users\u1021\Downloads\20260803\NASH_datasource_fromDrTsui_205\11\fast_035\1\195\5.png,475,735,349125,31.89631220909416,46.62427497314716,0.0,0.0,68.10368779090584,53.37572502685285,349125,28.00592337987827,37.223824983991264,0.0,180.0,0.0,0.0,0.0,0.0,8.0,47.0,89.0,109.0,137.0,47.0,180.0,5.415596160375643,0.7523655452367587,1.3291411420034052,0.5660539136594053,37.223824983991264,1.0,1.3467161576432265,0.8099703553329483,186348,51.77236138837014,37.18651192122433,6.0,180.0,6.0,8.0,10.0,20.0,43.0,79.0,107.0,122.0,144.0,59.0,174.0,6.886718482116526,1.392234945241554,0.7182695732626502,1.938318142751752,37.18651192122433,0.8769230769230769,0.6969592683510593,-0.4866490727092611,0.0297440811991691,0.0361285433173179,459.7369384765625,42.9057731628418,140.91131591796875,4556.9140625,171.1744842529297,12.567138671875,1.4825797080993652,22.934646606445312,0.0357635468244552,0.0164530128240585,3.363066575461245,1.0141797586698604,0.6623589024537891,0.1122227451547981,0.3345010682308116,0.9169726219324016
205_11,1,,198,205_11/1/198,1/198,1.png,C:\Users\u1021\Downloads\20260803\NASH_datasource_fromDrTsui_205\11\fast_035\1\198\1.png,475,735,349125,31.80121732903688,32.05270318653778,0.0,0.0,68.19878267096313,67.94729681346223,349125,44.46052273540995,43.00355778933792,0.0,241.0,0.0,0.0,0.0,0.0,41.0,69.0,99.0,127.0,177.0,69.0,241.0,5.717140194808429,1.033880102507083,0.967230143587321,1.0689080663600563,43.00355778933792,1.0,0.963613607730011,0.8193172785452827,237221,65.41845789369407,36.7594607892653,6.0,241.0,9.0,19.0,26.0,40.0,59.0,82.0,114.0,143.0,184.0,42.0,235.0,7.04459144966452,1.7796359491975446,0.5619126768319722,3.1671041116762453,36.7594607892653,0.7654320987654321,1.2078343448462274,1.7107206325735902,0.0392262935638427,0.041863813996315,731.7481689453125,56.58384323120117,168.99374389648438,6848.4970703125,270.8965148925781,16.632080078125,1.4825797080993652,30.30861473083496,0.0450984388589859,0.0215563029050827,5.002543425967414,1.3483348824620494,0.5838903519352433,0.0829803415217186,0.2875365135105768,0.8961746794464154
205_11,1,,198,205_11/1/198,1/198,2.png,C:\Users\u1021\Downloads\20260803\NASH_datasource_fromDrTsui_205\11\fast_035\1\198\2.png,475,735,349125,31.80121732903688,31.815825277479416,0.0,0.0,68.19878267096313,68.18417472252058,349125,50.21752667382743,46.22174199003885,0.0,241.0,0.0,0.0,0.0,0.0,49.0,78.0,109.0,137.0,185.0,78.0,241.0,5.743543207258667,1.0864481629586722,0.920430476201228,1.1803696107962731,46.22174199003885,1.0,0.7790969145080796,0.3378829046553222,238048,73.64887333646996,37.519356146137,6.0,241.0,16.0,26.0,33.0,47.0,67.0,91.0,124.0,153.0,193.0,44.0,235.0,7.097155874487036,1.962956748234414,0.5094355751340177,3.853199195439025,37.519356146137,0.7094972067039106,1.1379705571177368,1.4437088969924972,0.043976716697216,0.0479507744312286,891.41357421875,63.436317443847656,195.29806518554688,8808.5,360.69134521484375,18.194580078125,1.4825797080993652,34.233097076416016,0.0467986352741718,0.0229388959705829,6.386218341929645,1.5176882307241495,0.5591645303705539,0.07932943800162,0.2811325708874707,0.8842388461100374
205_11,1,,198,205_11/1/198,1/198,3.png,C:\Users\u1021\Downloads\20260803\NASH_datasource_fromDrTsui_205\11\fast_035\1\198\3.png,475,735,349125,31.80121732903688,31.81754385964912,0.0,0.0,68.19878267096313,68.18245614035088,349125,47.31827282491944,43.92902577277157,0.0,241.0,0.0,0.0,0.0,0.0,46.0,73.0,102.0,130.0,179.0,73.0,241.0,5.690818582136505,1.0771527934554974,0.9283733989047256,1.1602581404489811,43.92902577277157,1.0,0.8399568020091454,0.5556856873742948,238042,69.39849690390771,36.027700604595275,6.0,241.0,14.0,24.0,31.0,45.0,63.0,85.0,117.0,146.0,187.0,40.0,235.0,7.019583268908424,1.926253847436937,0.5191423764477328,3.710453884765603,36.027700604595275,0.7176470588235294,1.2215102890456528,1.7492926448294233,0.0424744598567485,0.0467188581824302,808.693359375,61.26931381225586,183.84776306152344,8295.58984375,337.4447021484375,17.67578125,1.4825797080993652,32.25916290283203,0.049220323562622,0.0224269125610589,5.981001509088569,1.4561400634926909,0.5676489739191025,0.0806782188000399,0.283524545362587,0.8791447927858144
205_11,1,,198,205_11/1/198,1/198,4.png,C:\Users\u1021\Downloads\20260803\NASH_datasource_fromDrTsui_205\11\fast_035\1\198\4.png,475,735,349125,31.80121732903688,31.817257429287505,0.0,0.0,68.19878267096313,68.18274257071249,349125,48.43295381310419,45.29233220514385,0.0,242.0,0.0,0.0,0.0,0.0,46.0,75.0,108.0,136.0,181.0,75.0,242.0,5.733365307587762,1.0693411324843118,0.9351552742358116,1.1434904576228304,45.29233220514385,1.0,0.8292770027595764,0.3812177910987353,238043,71.03307805732578,37.46142358325084,6.0,242.0,15.0,24.0,31.0,44.0,63.0,88.0,124.0,150.0,188.0,44.0,236.0,7.081993095396625,1.8961660092673296,0.5273799841957908,3.5954455347007914,37.46142358325084,0.7241379310344828,1.1284389744475665,1.2534965790758577,0.0434198081493377,0.0472273752093315,826.4158935546875,62.63297271728516,199.20838928222656,8563.95703125,344.8033142089844,17.00439453125,1.4825797080993652,33.01793670654297,0.0465212427079677,0.0213652774691581,6.191696505139126,1.4887491888111264,0.565942631555524,0.0795402111241163,0.2815031785590953,0.8834137940701124
205_11,1,,198,205_11/1/198,1/198,5.png,C:\Users\u1021\Downloads\20260803\NASH_datasource_fromDrTsui_205\11\fast_035\1\198\5.png,475,735,349125,31.80121732903688,31.81267454350161,0.0,0.0,68.19878267096313,68.1873254564984,349125,50.26171428571429,46.19472240216521,0.0,237.0,0.0,0.0,0.0,0.0,49.0,78.0,110.0,139.79999999998836,182.0,78.0,237.0,5.738871847928929,1.0880401845072771,0.9190837013550686,1.183831443102629,46.19472240216521,1.0,0.7659525568325268,0.263327208481638,238059,73.71045413111875,37.43209854398215,6.0,237.0,16.0,26.0,33.0,48.0,66.0,90.0,126.0,153.0,189.0,42.0,231.0,7.090657946388639,1.9691777110628752,0.507826182665984,3.877660857746824,37.43209854398215,0.7094972067039106,1.115507547043597,1.2805844229468653,0.0446016937494277,0.0483611449599266,856.9114990234375,64.33784484863281,199.10494995117188,9005.93359375,348.5808410644531,17.71240234375,1.4825797080993652,34.26780319213867,0.0480530075728893,0.0215797778218984,6.44155327452327,1.5176734237733511,0.5617533888347122,0.0792074542493553,0.2809190859325949,0.8831073519564074
205_11,1,,199,205_11/1/199,1/199,1.png,C:\Users\u1021\Downloads\20260803\NASH_datasource_fromDrTsui_205\11\fast_035\1\199\1.png,475,735,349125,31.801503759398496,33.68163265306122,0.0,0.0,68.1984962406015,66.31836734693877,349125,43.84918868600072,44.87957638621781,0.0,239.0,0.0,0.0,0.0,0.0,35.0,75.0,105.0,127.0,173.0,75.0,239.0,5.818253110139605,0.977041055571694,1.023498443895863,0.9546092242726496,44.87957638621781,1.0,0.860516243254049,0.1086146343905816,231534,66.00332996449765,39.742499928345616,6.0,239.0,6.0,9.0,15.0,36.0,63.0,90.0,118.0,141.0,180.0,54.0,233.0,7.174203780976312,1.6607744878530395,0.602128710016943,2.7581718995035263,39.742499928345616,0.88,0.6955161861002447,0.3716919017666025,0.0382480062544345,0.0435650087893009,750.8905029296875,55.17266082763672,169.71063232421875,6993.193359375,261.14862060546875,17.474365234375,1.4825797080993652,29.894174575805664,0.0435318499803543,0.020947890356183,4.9282832509490175,1.3014714132488818,0.6033685190297298,0.0977338356282672,0.3121619943141454,0.9081222911012456
205_11,1,,199,205_11/1/199,1/199,2.png,C:\Users\u1021\Downloads\20260803\NASH_datasource_fromDrTsui_205\11\fast_035\1\199\2.png,475,735,349125,31.80207662012173,35.98711063372718,0.0,0.0,68.19792337987826,64.01288936627283,349125,41.27519656283566,43.48079064945807,0.0,242.0,0.0,0.0,0.0,0.0,33.0,70.0,101.0,125.0,170.0,70.0,242.0,5.770609815661674,0.9492742874800988,1.0534363072811708,0.9011216728708497,43.48079064945807,1.0,0.9590443505388012,0.3817082859656135,223485,64.22952323422153,38.5795025775597,6.0,242.0,6.0,9.0,17.0,36.0,60.0,85.0,116.0,140.0,177.0,49.0,236.0,7.120201657200472,1.664861362717038,0.6006506141556491,2.771763357068034,38.5795025775597,0.8791946308724832,0.8175855689651117,0.6193223379918398,0.0366671308875083,0.0417429581284523,680.22216796875,52.89225387573242,164.42315673828125,6423.3310546875,250.71255493164065,16.436767578125,1.4825797080993652,28.13699150085449,0.0435830391943454,0.0193750914186239,4.554329709510235,1.2420522624390598,0.616722396831683,0.1210030434062472,0.3474535301645505,0.9101153164321024
205_11,1,,199,205_11/1/199,1/199,3.png,C:\Users\u1021\Downloads\20260803\NASH_datasource_fromDrTsui_205\11\fast_035\1\199\3.png,475,735,349125,31.801503759398496,34.110418904403865,0.0,0.0,68.1984962406015,65.88958109559613,349125,46.88829215896885,47.81476118037172,0.0,240.0,0.0,0.0,0.0,0.0,39.0,80.0,113.0,136.0,181.0,80.0,240.0,5.872302050129933,0.9806237864932976,1.0197590694551593,0.9616230106364526,47.81476118037172,1.0,0.8330058677479998,0.0167540972159208,230037,71.02078361307095,41.9753325220562,6.0,240.0,6.0,9.0,17.0,40.0,67.0,96.0,127.0,150.0,189.0,56.0,234.0,7.256978859700178,1.6919647646806046,0.5910288564364825,2.8627447649206936,41.9753325220562,0.8867924528301887,0.6639811433192915,0.2998452854355822,0.0400922149419784,0.0454537533223629,803.7672119140625,57.83293151855469,174.55628967285156,7643.6708984375,294.25830078125,17.4560546875,1.4825797080993652,31.966087341308597,0.0426508821547031,0.0188080575317144,5.376162450965251,1.363450665554775,0.594162279070437,0.1048023016341816,0.323305450936571,0.9126152742665792
205_11,1,,199,205_11/1/199,1/199,4.png,C:\Users\u1021\Downloads\20260803\NASH_datasource_fromDrTsui_205\11\fast_035\1\199\4.png,475,735,349125,31.80121732903688,34.23845327604726,0.0,0.0,68.19878267096313,65.76154672395273,349125,43.46632867883996,44.373561683933154,0.0,237.0,0.0,0.0,0.0,0.0,36.0,73.0,104.0,128.0,172.0,73.0,237.0,5.807809815141529,0.979554649871126,1.0208720872608423,0.9595273120841444,44.373561683933154,1.0,0.896236576224933,0.2640151784604638,229590,65.95200139378893,38.94722015520072,6.0,237.0,6.0,11.0,18.0,38.0,61.0,87.0,118.0,142.0,180.0,49.0,231.0,7.1567439421586245,1.6933686443082947,0.5905388666320078,2.867497365526512,38.94722015520072,0.8562091503267973,0.8022179333598912,0.6097605816207254,0.0373037904500961,0.042490467429161,710.53662109375,53.81063079833984,163.95909118652344,6652.3427734375,261.8683776855469,16.143798828125,1.4825797080993652,29.632015228271484,0.0423166491091251,0.0197616145014762,4.734880064901387,1.2740966676740282,0.6062014104711297,0.1035736140851489,0.3213733509450339,0.909648938171886
205_11,1,,199,205_11/1/199,1/199,5.png,C:\Users\u1021\Downloads\20260803\NASH_datasource_fromDrTsui_205\11\fast_035\1\199\5.png,475,735,349125,31.80179018976012,34.205513784461154,0.0,0.0,68.19820981023989,65.79448621553885,349125,43.71058789831722,44.51396065500543,0.0,241.0,0.0,0.0,0.0,0.0,37.0,73.0,104.0,128.0,172.0,73.0,241.0,5.811712632701457,0.9819523415830248,1.0183793628801578,0.9642304011403856,44.51396065500543,1.0,0.8802572170839644,0.2155623390093004,229705,66.29313684943732,38.989520360472746,6.0,241.0,6.0,10.0,18.0,38.0,62.0,88.0,118.0,142.0,179.0,50.0,235.0,7.162186275084563,1.700280902061179,0.5881381122305979,2.8909551459139777,38.989520360472746,0.868421052631579,0.779149102150106,0.5695764540798356,0.0377385132014751,0.0429326146841049,721.5887451171875,54.437721252441406,164.52801513671875,6798.8154296875,260.7095642089844,15.85693359375,1.4825797080993652,29.796728134155277,0.0438217297196388,0.0195605549961328,4.815165787882858,1.2843385721300653,0.6051246626446943,0.1029106708400074,0.3203455948387052,0.9086571860482509
205_11,1,,200,205_11/1/200,1/200,1.png,C:\Users\u1021\Downloads\20260803\NASH_datasource_fromDrTsui_205\11\fast_035\1\200\1.png,475,735,349125,31.80179018976012,32.81374865735768,0.0,0.0,68.19820981023989,67.18625134264232,349125,41.09425277479413,41.80546880107436,0.0,241.0,0.0,0.0,0.0,0.0,33.0,68.0,101.0,122.0,158.0,68.0,241.0,5.75759217250905,0.9829874883196632,1.0173069463065274,0.9662644021930004,41.80546880107436,1.0,0.913274221929391,0.2507024084965215,234564,61.10345577326444,37.16036837512141,6.0,241.0,7.0,11.0,17.0,33.0,55.0,83.0,113.0,133.0,165.0,50.0,235.0,7.086027716612731,1.6443178161326504,0.6081549382904259,2.703781080451249,37.16036837512141,0.8472222222222222,0.8190301443102336,0.4395959186680809,0.0392038114368915,0.0445292964577674,719.927734375,56.551414489746094,175.41864013671875,7323.99365234375,289.1951904296875,15.80810546875,1.4825797080993652,28.013362884521484,0.0497700273990631,0.0228159725666046,5.203751250291515,1.331179694702059,0.5980107189813014,0.087973653003201,0.2960796642697013,0.8861849949399058
205_11,1,,200,205_11/1/200,1/200,2.png,C:\Users\u1021\Downloads\20260803\NASH_datasource_fromDrTsui_205\11\fast_035\1\200\2.png,475,735,349125,31.80121732903688,33.04232008592911,0.0,0.0,68.19878267096313,66.9576799140709,349125,39.98057429287505,40.85552669586371,0.0,242.0,0.0,0.0,0.0,0.0,32.0,66.0,98.0,119.0,155.0,66.0,242.0,5.735571547801021,0.9785842339152308,1.0218844380918406,0.957627102867459,40.85552669586371,1.0,0.9180077916322632,0.2429401776661461,233766,59.63465174576286,36.38007840024291,6.0,242.0,7.0,11.0,16.0,32.0,54.0,81.0,111.0,130.0,162.0,49.0,236.0,7.051006515261733,1.639211743572402,0.6100493142030929,2.6870151402656743,36.38007840024291,0.8439716312056738,0.8116390352283149,0.4027671979172984,0.0379218682646751,0.0433289706707,704.8704833984375,54.70220947265625,171.9045867919922,6898.8251953125,271.328125,15.13671875,1.4825797080993652,27.258543014526367,0.0502517595887184,0.0227766782045364,4.933910522700747,1.2968367440067128,0.6028628212040569,0.0906224298772497,0.3005339217195448,0.8867163913861678
205_11,1,,200,205_11/1/200,1/200,3.png,C:\Users\u1021\Downloads\20260803\NASH_datasource_fromDrTsui_205\11\fast_035\1\200\3.png,475,735,349125,31.80121732903688,32.602935911206586,0.0,0.0,68.19878267096313,67.39706408879341,349125,44.22014751163624,44.02430076862741,0.0,240.0,0.0,0.0,0.0,0.0,37.0,73.0,106.0,128.0,166.0,73.0,240.0,5.805625638528657,1.00444860541995,0.9955710970218432,1.0089170009300823,44.02430076862741,1.0,0.8328163326266393,0.0432807801391179,235300,65.56276243093923,38.44946524328196,6.0,240.0,7.0,12.0,19.0,37.0,60.0,88.0,119.0,140.0,173.0,51.0,234.0,7.160398886721725,1.7051670814172015,0.5864527945079013,2.907594775548858,38.44946524328196,0.8421052631578947,0.749929405173905,0.3124497300703877,0.0410073548555374,0.0461402051150798,772.542724609375,59.15302276611328,184.5379638671875,7928.9326171875,310.8020324707031,16.192626953125,1.4825797080993652,30.1451358795166,0.048347495496273,0.0215221103280782,5.572565604261112,1.386982794147464,0.5877308654939243,0.0864197147096619,0.29345718540465,0.8902886317500882
205_11,1,,200,205_11/1/200,1/200,4.png,C:\Users\u1021\Downloads\20260803\NASH_datasource_fromDrTsui_205\11\fast_035\1\200\4.png,475,735,349125,31.801503759398496,33.098746867167925,0.0,0.0,68.1984962406015,66.90125313283208,349125,40.43036448263516,40.91240647264696,0.0,239.0,0.0,0.0,0.0,0.0,33.0,67.0,99.0,119.0,156.0,67.0,239.0,5.738464381233624,0.9882177062761124,1.0119227713175538,0.9765742349976206,40.91240647264696,1.0,0.8931975179401496,0.2092933734464197,233569,60.35594192722493,36.08450946338089,6.0,239.0,7.0,12.0,18.0,33.0,55.0,81.0,111.0,130.0,162.0,48.0,233.0,7.053223389340214,1.6726274743591862,0.597861756625227,2.7976826679811904,36.08450946338089,0.8309859154929577,0.809593255248463,0.4469322682730068,0.0393484234809875,0.0444464534521102,731.1021728515625,56.760009765625,180.15185546875,7332.29248046875,289.2176208496094,15.753173828125,1.4825797080993652,27.56211853027344,0.0535895824432373,0.023862162604928,5.169357882430237,1.3299449036926243,0.5981535040136153,0.0901192816263147,0.2996946511780382,0.88122692659421
205_11,1,,200,205_11/1/200,1/200,5.png,C:\Users\u1021\Downloads\20260803\NASH_datasource_fromDrTsui_205\11\fast_035\1\200\5.png,475,735,349125,31.80121732903688,32.777658431793775,0.0,0.0,68.19878267096313,67.22234156820623,349125,42.80645041174365,42.67720844999862,0.0,241.0,0.0,0.0,0.0,0.0,36.0,71.0,104.0,124.0,160.0,71.0,241.0,5.778086645584473,1.0030283602522043,0.9969807830244768,1.006065891470226,42.67720844999862,1.0,0.8315443141155753,0.0323710459320625,234690,63.62061016660275,37.24875918124112,6.0,241.0,7.0,12.0,19.0,35.0,58.0,86.0,116.0,134.0,167.0,51.0,235.0,7.1163707996036765,1.7079927376115869,0.585482583139302,2.917239191733923,37.24875918124112,0.8356164383561644,0.7440695058282126,0.2969464457234716,0.0405917689204216,0.0452275723218917,770.8184814453125,58.55353546142578,182.08953857421875,7684.861328125,304.4277648925781,16.748046875,1.4825797080993652,29.18274688720703,0.0518177486956119,0.0226565934717655,5.422070309638549,1.373173034388147,0.5897323578959671,0.0877109542231245,0.2956533325496671,0.8858474814101015
205_11,1,,201,205_11/1/201,1/201,1.png,C:\Users\u1021\Downloads\20260803\NASH_datasource_fromDrTsui_205\11\fast_035\1\201\1.png,475,735,349125,31.80121732903688,31.81439312567132,0.0,0.0,68.19878267096313,68.18560687432867,349125,56.147938417472254,49.99193525016885,0.0,236.0,0.0,0.0,0.0,0.0,56.0,91.0,122.0,146.0,187.0,91.0,236.0,5.836170738182461,1.1231399251998877,0.8903610116273162,1.261443291578009,49.99193525016885,1.0,0.5316253938830495,-0.4174691460906761,238053,82.34491058713816,38.83472035729882,6.0,236.0,16.0,28.0,37.0,54.0,77.0,104.0,135.0,158.0,194.0,50.0,230.0,7.23310033289814,2.120394065658871,0.4716104502439596,4.496070993681355,38.83472035729882,0.6989247311827957,0.7425800719987017,0.4212039956725788,0.0449718683958053,0.0485360734164714,928.1412353515624,64.871826171875,197.8998565673828,9110.1982421875,366.49554443359375,18.32275390625,1.4825797080993652,38.27919006347656,0.0442338101565837,0.0207653567194938,6.45899000381317,1.54330774345687,0.5550483064690884,0.0771203773688655,0.2771798476138911,0.9004213426349179
205_11,1,,201,205_11/1/201,1/201,2.png,C:\Users\u1021\Downloads\20260803\NASH_datasource_fromDrTsui_205\11\fast_035\1\201\2.png,475,735,349125,31.80121732903688,31.810096670247045,0.0,0.0,68.19878267096313,68.18990332975295,349125,58.04666809881847,51.73067162096743,0.0,240.0,0.0,0.0,0.0,0.0,57.0,94.0,127.0,150.0,193.0,94.0,240.0,5.869390799626302,1.1220938425877898,0.8911910591130104,1.2590945915734315,51.73067162096743,1.0,0.5305575925099892,-0.443030414095249,238068,85.12444763680965,40.242709640071794,6.0,240.0,18.0,30.0,38.0,55.0,80.0,109.0,139.0,163.0,200.0,54.0,234.0,7.282277362409246,2.1152762425333,0.4727514921655712,4.474393582225793,40.242709640071794,0.689119170984456,0.7293598340654149,0.335166136084521,0.0455798730254173,0.0484846197068691,957.031982421875,65.74887084960938,194.24029541015625,9214.37109375,360.1539001464844,18.463134765625,1.4825797080993652,39.57475662231445,0.0413316525518894,0.0195506587624549,6.575368991115956,1.5656366019076788,0.5505472204838254,0.0768500206393254,0.2766948411542329,0.9061750420818008
205_11,1,,201,205_11/1/201,1/201,3.png,C:\Users\u1021\Downloads\20260803\NASH_datasource_fromDrTsui_205\11\fast_035\1\201\3.png,475,735,349125,31.80121732903688,31.80751879699248,0.0,0.0,68.19878267096313,68.19248120300752,349125,55.25296097386323,49.67076465531688,0.0,241.0,0.0,0.0,0.0,0.0,53.0,89.0,122.0,145.0,188.0,89.0,241.0,5.831783059529319,1.112383941686487,0.8989701869337474,1.2373980337219654,49.67076465531688,1.0,0.5788478140459902,-0.3319515906692496,238077,81.02460128445838,39.1133680876411,6.0,241.0,17.0,28.0,36.0,52.0,75.0,104.0,134.0,158.0,194.0,52.0,235.0,7.22741071383307,2.071532195921022,0.4827344715998445,4.291245638737371,39.1133680876411,0.6989247311827957,0.7904920519441696,0.4415043900459645,0.0437748059630394,0.0467274412512779,909.0330810546876,63.14506149291992,187.9145965576172,8530.62890625,331.9239196777344,16.986083984375,2.9651594161987305,18.833984375,0.041898600757122,0.0200613997876644,6.063634360365096,1.5004621120333663,0.5598973121328121,0.077433238403517,0.2777389986915852,0.9056051601106144
205_11,1,,201,205_11/1/201,1/201,4.png,C:\Users\u1021\Downloads\20260803\NASH_datasource_fromDrTsui_205\11\fast_035\1\201\4.png,475,735,349125,31.80121732903688,31.80751879699248,0.0,0.0,68.19878267096313,68.19248120300752,349125,55.57955173648407,49.8452441531055,0.0,240.0,0.0,0.0,0.0,0.0,54.0,89.0,121.0,145.0,190.0,89.0,240.0,5.828493691597616,1.1150422207937225,0.8968270271310158,1.2433191541525968,49.8452441531055,1.0,0.5872741467884123,-0.2634900169884706,238077,81.50351776946114,39.122385492866094,6.0,240.0,17.0,29.0,37.0,53.0,76.0,103.0,134.0,159.0,196.0,50.0,234.0,7.2225972958970015,2.083296218844405,0.4800085513305906,4.340123135451395,39.122385492866094,0.6914893617021277,0.8396190462955747,0.6216910162713565,0.0436300262808799,0.0465574711561203,885.5550537109375,62.93621444702149,186.70297241210935,8471.3046875,339.7152709960937,18.914794921875,1.4825797080993652,37.89113998413086,0.0411308072507381,0.0193897485733032,6.0043586128786295,1.4909960346781308,0.5605583972120413,0.077356937889871,0.2776052212513278,0.9073339885426318
205_11,1,,201,205_11/1/201,1/201,5.png,C:\Users\u1021\Downloads\20260803\NASH_datasource_fromDrTsui_205\11\fast_035\1\201\5.png,475,735,349125,31.80121732903688,31.80895094880057,0.0,0.0,68.19878267096313,68.19104905119943,349125,54.12942928750448,48.95655150735603,0.0,239.0,0.0,0.0,0.0,0.0,53.0,87.0,118.0,143.0,188.0,87.0,239.0,5.8172574287500165,1.105662625754414,0.9044350208705676,1.222489841990145,48.95655150735603,1.0,0.6264820294658316,-0.1666215617521738,238072,79.37855354682617,38.86561170610866,6.0,239.0,16.0,27.0,35.0,51.0,74.0,100.0,131.0,157.0,195.0,49.0,233.0,7.205997597208882,2.0423852877208137,0.4896235818051467,4.1713376634984325,38.86561170610866,0.7065217391304348,0.8731331944248129,0.7263646729170405,0.0434463582932949,0.0458354167640209,878.3409423828125,62.67127990722656,184.11163330078125,8299.2109375,323.4944763183594,17.919921875,1.4825797080993652,36.90219879150391,0.0418100655078887,0.0203285478055477,5.941549073471232,1.4886695880691478,0.5609014738092601,0.0777731730362935,0.2783507461221413,0.9047686165562516
205_11,1,,44,205_11/1/44,1/44,1.png,C:\Users\u1021\Downloads\20260803\NASH_datasource_fromDrTsui_205\11\fast_035\1\44\1.png,475,735,349125,31.80179018976012,35.271894020766204,0.0,0.0,68.19820981023989,64.7281059792338,349125,38.92170712495525,42.66779203031261,0.0,241.0,0.0,0.0,0.0,0.0,29.0,64.0,98.0,126.0,168.0,64.0,241.0,5.743250585281533,0.9122034507270492,1.0962466752378264,0.8321151355183362,42.66779203031261,1.0,1.121678790088403,0.8140259036161117,225982,59.917909391013445,39.52140033462727,6.0,241.0,6.0,8.0,12.0,31.0,54.0,80.0,116.0,140.0,176.0,49.0,235.0,7.071161799448375,1.5160877115610567,0.659592444668217,2.298521949146442,39.52140033462727,0.8918918918918919,0.9433286726112344,0.7321941133128402,0.0346206203103065,0.0440731048583984,646.5230712890625,49.94017028808594,163.996337890625,6535.845703125,258.2124938964844,13.95263671875,1.4825797080993652,26.53546524047852,0.0412048436701297,0.019163928925991,4.74263699196607,1.1910335114918131,0.635756164409977,0.1184035341679034,0.3437204703703406,0.9030357892664452
205_11,1,,44,205_11/1/44,1/44,2.png,C:\Users\u1021\Downloads\20260803\NASH_datasource_fromDrTsui_205\11\fast_035\1\44\2.png,475,735,349125,31.80264948084497,36.76390977443609,0.0,0.0,68.19735051915504,63.23609022556391,349125,37.798530612244896,41.35773804710485,0.0,241.0,0.0,0.0,0.0,0.0,28.0,63.0,96.0,120.0,162.0,63.0,241.0,5.706172598052366,0.913940955116884,1.094162587201391,0.8352880694399619,41.35773804710485,1.0,1.0838724505753845,0.7238936254917903,220773,59.47143445982978,37.7642243806781,6.0,241.0,6.0,8.0,13.0,32.0,54.0,79.0,112.0,134.0,171.0,47.0,235.0,7.035807205583796,1.5748088418375694,0.6349977047583424,2.4800228883297866,37.7642243806781,0.8873239436619719,0.9020613055703692,0.7593448512217176,0.0343213081359863,0.0435344688594341,641.174072265625,49.50840759277344,161.66839599609375,6394.7177734375,253.81578063964844,13.92822265625,1.4825797080993652,25.77055931091309,0.0428423509001731,0.0208133608102798,4.653749791095444,1.1768358059793795,0.6403869377061149,0.1310618823798874,0.3616606023147145,0.8984530825933305
205_11,1,,44,205_11/1/44,1/44,3.png,C:\Users\u1021\Downloads\20260803\NASH_datasource_fromDrTsui_205\11\fast_035\1\44\3.png,475,735,349125,31.80121732903688,37.23967060508414,0.0,0.0,68.19878267096313,62.76032939491586,349125,37.06498532044397,40.97558700012917,0.0,239.0,0.0,0.0,0.0,0.0,27.0,62.0,95.0,119.0,161.0,62.0,239.0,5.695668156394698,0.904562644101404,1.1055066296634477,0.8182335771037235,40.97558700012917,1.0,1.1225168430525578,0.8530814387813104,219112,58.728704954543794,37.600885576775376,6.0,239.0,6.0,8.0,14.0,31.0,53.0,78.0,111.0,133.0,169.0,47.0,233.0,7.027466873772083,1.561896855717097,0.6402471432986404,2.4395217878989537,37.600885576775376,0.8865248226950354,0.940507039265211,0.8570547696323323,0.0345120355486869,0.0441350787878036,635.88134765625,49.783538818359375,164.54629516601562,6531.6015625,251.44699096679688,13.90380859375,1.4825797080993652,25.270118713378903,0.0441965572535991,0.0211153216660022,4.744664985624392,1.1785913780599888,0.6420324272737948,0.1337083949774939,0.3652996756523659,0.8943847297196172
205_11,1,,44,205_11/1/44,1/44,4.png,C:\Users\u1021\Downloads\20260803\NASH_datasource_fromDrTsui_205\11\fast_035\1\44\4.png,475,735,349125,31.80207662012173,37.817114214106695,0.0,0.0,68.19792337987826,62.182885785893305,349125,35.59510204081633,39.5914584496233,0.0,241.0,0.0,0.0,0.0,0.0,26.0,59.0,91.0,115.0,156.0,59.0,241.0,5.657051315995451,0.8990601365723369,1.1122726493163138,0.8083091291734691,39.5914584496233,1.0,1.1554583102652554,0.9726862199004094,217096,56.8795601945683,36.35329027736221,6.0,241.0,6.0,8.0,14.0,31.0,51.0,75.0,108.0,130.0,165.0,44.0,235.0,6.978515016291848,1.5646330706408749,0.6391274853920857,2.4480766457430927,36.35329027736221,0.8840579710144928,0.9883939249954224,0.9711320044590795,0.0333779864013195,0.0433438159525394,606.4984130859375,48.14767074584961,162.46817016601562,6227.36865234375,243.2218475341797,13.629150390625,0.0,,0.046323150396347,0.0216262508183717,4.461680937637326,1.132594607446184,0.6509115306098712,0.135279071595722,0.3674542176172337,0.8932207258012231
205_11,1,,44,205_11/1/44,1/44,5.png,C:\Users\u1021\Downloads\20260803\NASH_datasource_fromDrTsui_205\11\fast_035\1\44\5.png,475,735,349125,31.80179018976012,34.12531328320802,0.0,0.0,68.19820981023989,65.87468671679197,349125,42.25692230576441,45.09154599774698,0.0,239.0,0.0,0.0,0.0,0.0,34.0,69.0,104.0,133.0,177.0,69.0,239.0,5.797010328428945,0.9371362496170746,1.0670806944119515,0.878224350346356,45.09154599774698,1.0,1.0429040172839863,0.6184456352671854,229985,64.00389590625475,41.23220701538493,6.0,239.0,6.0,8.0,12.0,35.0,58.0,85.0,122.0,147.0,185.0,50.0,233.0,7.143996069618347,1.5522791657107524,0.644214019030606,2.40957060829967,41.23220701538493,0.896774193548387,0.8893555449008558,0.6752856078721479,0.0365736410021781,0.0450439043343067,708.455322265625,52.75739288330078,164.4587860107422,7005.1884765625,282.2710266113281,16.12548828125,1.4825797080993652,28.8077449798584,0.0391491502523422,0.0192685034126043,5.105728500815397,1.263717890270595,0.6164425166552302,0.1006111239416257,0.3167753705247342,0.9064604281495562
205_11,1,,45,205_11/1/45,1/45,1.png,C:\Users\u1021\Downloads\20260803\NASH_datasource_fromDrTsui_205\11\fast_035\1\45\1.png,475,735,349125,31.80379520229144,35.54829931972789,0.0,0.0,68.19620479770856,64.45170068027211,349125,48.97622627998568,50.486092073088656,0.0,240.0,0.0,0.0,0.0,0.0,39.0,85.0,119.0,143.0,188.0,85.0,240.0,5.922661750245354,0.9700934310598424,1.0308285449448764,0.941081264985457,50.486092073088656,1.0,0.7957834822875123,-0.1877817148593936,225017,75.77012403507291,43.98080683119027,6.0,240.0,6.0,10.0,19.0,42.0,73.0,103.0,134.0,158.0,195.0,61.0,234.0,7.347018489993385,1.722799773226041,0.5804505059386228,2.968039058627698,43.98080683119027,0.8809523809523809,0.55846471719301,0.0267220629090219,0.0406717360019683,0.0441023670136928,804.4002685546875,58.66889190673828,180.93063354492188,7489.2333984375,269.07720947265625,17.2119140625,1.4825797080993652,33.3890266418457,0.0369125753641128,0.0168493557721376,5.350011502651671,1.3797617482071445,0.5933616403281953,0.1114324228279039,0.33337968517876,0.9231321174346002
205_11,1,,45,205_11/1/45,1/45,2.png,C:\Users\u1021\Downloads\20260803\NASH_datasource_fromDrTsui_205\11\fast_035\1\45\2.png,475,735,349125,31.80264948084497,37.07010383100609,0.0,0.0,68.19735051915504,62.92989616899391,349125,47.2624074471894,49.99662628264406,0.0,238.0,0.0,0.0,0.0,0.0,35.0,84.0,117.0,140.0,186.0,84.0,238.0,5.8867085026153205,0.9453119332493076,1.0578518738917362,0.8936146511435435,49.99662628264406,1.0,0.8305140402775036,-0.1354032164063983,219704,74.79546116593235,43.88741834920162,6.0,238.0,6.0,9.0,17.0,42.0,72.0,102.0,132.0,156.0,195.0,60.0,232.0,7.322516925312241,1.7042574837918891,0.5867657965479777,2.904493571060662,43.88741834920162,0.8909090909090909,0.5354637411766139,0.0452215670412994,0.0388224236667156,0.0437959320843219,786.0523681640625,56.001258850097656,177.7852325439453,7127.2890625,252.1597900390625,16.363525390625,1.4825797080993652,32.22248458862305,0.0365637280046939,0.0173876266926527,5.106901167270482,1.3239597977953907,0.6082114652407775,0.1235596667880766,0.351103359316209,0.9254016867458384
205_11,1,,45,205_11/1/45,1/45,3.png,C:\Users\u1021\Downloads\20260803\NASH_datasource_fromDrTsui_205\11\fast_035\1\45\3.png,475,735,349125,31.802935911206585,37.26229860365199,0.0,0.0,68.19706408879341,62.73770139634801,349125,45.8133992123165,49.238316928723926,0.0,240.0,0.0,0.0,0.0,0.0,33.0,80.0,114.0,140.0,186.0,80.0,240.0,5.872877187503553,0.9304420230008016,1.0747579916638594,0.8657223581658243,49.238316928723926,1.0,0.9125699030143408,0.099827762673891,219033,72.70446918957417,43.84757309248763,6.0,240.0,6.0,9.0,16.0,40.0,69.0,98.0,131.0,157.0,194.0,58.0,234.0,7.305391933696692,1.6581184330594243,0.6030932290855013,2.749356738051441,43.84757309248763,0.891566265060241,0.6448326384982362,0.1979401892543029,0.0389831364154815,0.0446346141397953,752.1107177734375,56.23307800292969,183.0617218017578,7307.630859375,254.74459838867188,15.78369140625,1.4825797080993652,31.23242950439453,0.0362175777554512,0.0166085958480834,5.201420055778736,1.3216550234039552,0.6109363742519366,0.1256728321842466,0.3541063741684672,0.9218027575809292
205_11,1,,45,205_11/1/45,1/45,4.png,C:\Users\u1021\Downloads\20260803\NASH_datasource_fromDrTsui_205\11\fast_035\1\45\4.png,475,735,349125,31.80236305048335,36.61639813820265,0.0,0.0,68.19763694951665,63.38360186179735,349125,47.7728148943788,50.29235797380602,0.0,240.0,0.0,0.0,0.0,0.0,36.0,84.0,117.0,142.0,187.0,84.0,240.0,5.902149521697014,0.9499020690034164,1.052740100933924,0.9023139406969712,50.29235797380602,1.0,0.8418873199879567,-0.0826403556337487,221288,75.09108944000579,44.17447668135494,6.0,240.0,6.0,9.0,17.0,42.0,72.0,102.0,133.0,159.0,196.0,60.0,234.0,7.335178307898299,1.6998750201765278,0.5882785429108502,2.889575084220151,44.17447668135494,0.8928571428571429,0.5785570093564326,0.0987555736397767,0.0390949323773384,0.0450234077870845,793.6898193359375,56.39435577392578,180.9513702392578,7398.3271484375,256.4564208984375,15.34423828125,1.4825797080993652,32.56780242919922,0.035994678735733,0.0168843530118465,5.31648626677944,1.3373677923258531,0.6075443729404616,0.1196300733766251,0.3454641486770554,0.9233561700348504
205_11,1,,45,205_11/1/45,1/45,5.png,C:\Users\u1021\Downloads\20260803\NASH_datasource_fromDrTsui_205\11\fast_035\1\45\5.png,475,735,349125,31.80207662012173,37.30755460078768,0.0,0.0,68.19792337987826,62.69244539921232,349125,45.69333046902972,49.412316742028274,0.0,241.0,0.0,0.0,0.0,0.0,32.0,80.0,114.0,141.0,187.0,80.0,241.0,5.877580816049745,0.924735642483338,1.0813901336327243,0.8551360084790721,49.412316742028274,1.0,0.930041359226582,0.1345879249082409,218875,72.56265448315249,44.25219266074638,6.0,241.0,6.0,9.0,16.0,39.0,69.0,99.0,132.0,157.0,196.0,60.0,235.0,7.313408992889084,1.6397527471563846,0.6098480406476972,2.6887890718069105,44.25219266074638,0.891566265060241,0.6537344163912361,0.1885093715537076,0.0375558659434318,0.0428899489343166,742.2235107421875,54.17425155639648,174.87779235839844,6762.580078125,240.74237060546875,15.728759765625,1.4825797080993652,31.15001106262207,0.0346403755247592,0.016683368012309,4.86081669965132,1.2831305957127963,0.6153850489040844,0.1265316065554823,0.3553216537760066,0.9276687752501812
205_11,1,,46,205_11/1/46,1/46,1.png,C:\Users\u1021\Downloads\20260803\NASH_datasource_fromDrTsui_205\11\fast_035\1\46\1.png,475,735,349125,31.80436806301468,41.606015037593984,0.0,0.0,68.19563193698532,58.39398496240602,349125,37.28329967776585,43.13014577063548,0.0,241.0,0.0,0.0,0.0,0.0,17.0,68.0,99.0,119.0,162.7600000000093,68.0,241.0,5.632988545718808,0.8644371358269238,1.1568221199143605,0.7472515617966556,43.13014577063548,1.0,1.0477814804696082,0.41131295261812,203868,63.21984323189515,39.58262488693112,6.0,241.0,6.0,7.0,10.0,33.0,60.0,88.0,115.0,135.0,174.0,55.0,235.0,7.06685290577831,1.5971614669942789,0.626110772558215,2.550924751651317,39.58262488693112,0.9014084507042254,0.6318066324847713,0.3026760752517852,0.0338533222675323,0.043373480439186,666.35498046875,48.83333969116211,171.64698791503906,6299.2177734375,254.8325958251953,13.2568359375,0.0,,0.0409988015890121,0.0195175129920244,4.52191314982472,1.14184315858049,0.6619277272487831,0.1810725698854293,0.4252549480619352,0.9111931792211168
205_11,1,,46,205_11/1/46,1/46,2.png,C:\Users\u1021\Downloads\20260803\NASH_datasource_fromDrTsui_205\11\fast_035\1\46\2.png,475,735,349125,31.804081632653062,41.95316863587541,0.0,0.0,68.19591836734695,58.04683136412459,349125,36.75609022556391,42.72104743131667,0.0,242.0,0.0,0.0,0.0,0.0,16.0,67.0,99.0,118.0,160.0,67.0,242.0,5.626273854467175,0.8603742753418506,1.162284866783903,0.7402438936700145,42.72104743131667,1.0,1.0565926425546754,0.4004301296853771,202656,62.675484564977104,39.253043993890174,6.0,242.0,6.0,7.0,10.0,33.0,60.0,87.0,114.0,135.0,171.0,54.0,236.0,7.065692821696731,1.5967038014869035,0.6262902355895733,2.5494630296827285,39.253043993890174,0.9014084507042254,0.6323867923794493,0.2328681800284733,0.0330572724342346,0.042663961648941,634.2449951171875,47.68504333496094,171.81967163085938,6061.36328125,246.21868896484372,12.82958984375,0.0,,0.0395349971950054,0.0189732983708381,4.3350847210452494,1.1169265803249715,0.6653912847641618,0.1826674778833033,0.4271286578053828,0.9133273886460126
205_11,1,,46,205_11/1/46,1/46,3.png,C:\Users\u1021\Downloads\20260803\NASH_datasource_fromDrTsui_205\11\fast_035\1\46\3.png,475,735,349125,31.80264948084497,41.81740064446832,0.0,0.0,68.19735051915504,58.182599355531686,349125,36.8544246330111,42.961666533582935,0.0,240.0,0.0,0.0,0.0,0.0,16.0,67.0,99.0,120.0,162.0,67.0,240.0,5.627307550309206,0.857844390282257,1.165712582990686,0.7358969979387372,42.961666533582935,1.0,1.0744565950917533,0.4653830182777261,203130,62.69979815881455,39.65923870113977,6.0,240.0,6.0,7.0,10.0,32.0,59.0,87.0,115.0,136.0,173.0,55.0,234.0,7.065400671689255,1.5809632310721238,0.6325257794400785,2.4994447380020097,39.65923870113977,0.902097902097902,0.6548734593422548,0.2742263231939263,0.0335176810622215,0.0432007387280464,631.59228515625,48.34917449951172,171.72445678710938,6221.0478515625,246.55128479003903,13.12255859375,0.0,,0.0403057225048542,0.0180784128606319,4.403711672720974,1.126600966456731,0.6641012594862616,0.1834691981392447,0.4280637980951829,0.9130682699553616
205_11,1,,46,205_11/1/46,1/46,4.png,C:\Users\u1021\Downloads\20260803\NASH_datasource_fromDrTsui_205\11\fast_035\1\46\4.png,475,735,349125,31.8046544933763,42.22384532760473,0.0,0.0,68.19534550662371,57.77615467239527,349125,37.09543859649123,43.07908666395831,0.0,241.0,0.0,0.0,0.0,0.0,16.0,68.0,99.0,119.0,162.0,68.0,241.0,5.622891862572915,0.8611008605139895,1.1613041466514176,0.7414946919779332,43.07908666395831,1.0,1.0531566277049151,0.4350474879936787,201711,63.54070427492799,39.417075918766535,6.0,241.0,6.0,7.0,10.0,34.0,61.0,88.0,115.0,135.0,175.0,54.0,235.0,7.070590273118548,1.6120095870601137,0.6203437051660096,2.598574908773718,39.417075918766535,0.9014084507042254,0.633799662622903,0.3525800877504919,0.0335341691970825,0.0435292497277259,668.441162109375,48.37296676635742,173.64988708496094,6282.6337890625,247.8778533935547,13.287353515625,0.0,,0.0409538112580776,0.0196172520518302,4.469587318825736,1.131783367032691,0.6645124457999674,0.1850577014823235,0.4299177662494451,0.9120120415483446
205_11,1,,46,205_11/1/46,1/46,5.png,C:\Users\u1021\Downloads\20260803\NASH_datasource_fromDrTsui_205\11\fast_035\1\46\5.png,475,735,349125,31.80436806301468,41.90991765127103,0.0,0.0,68.19563193698532,58.09008234872897,349125,36.46196634443251,42.690178634736085,0.0,241.0,0.0,0.0,0.0,0.0,16.0,66.0,98.0,119.0,162.0,66.0,241.0,5.6262179569438615,0.854106670679616,1.1708139443569692,0.729498204899418,42.690178634736085,1.0,1.0988446433978611,0.5562162458030482,202807,62.12501540873836,39.545232108972506,6.0,241.0,6.0,7.0,10.0,32.0,59.0,86.0,115.0,136.0,172.0,54.0,235.0,7.063105198147873,1.570986237671941,0.6365428136925688,2.4679977589546405,39.545232108972506,0.902097902097902,0.6880596941638013,0.3456729443114668,0.0331657007336616,0.0429571606218814,621.0638427734375,47.84144592285156,171.129150390625,6128.541015625,242.22897338867188,13.0126953125,0.0,,0.0402900390326976,0.0180634893476963,4.329884534104108,1.1166027853148597,0.6656314725627738,0.1831240410949303,0.427662878151475,0.9134712297637816
205_11,1,,47,205_11/1/47,1/47,1.png,C:\Users\u1021\Downloads\20260803\NASH_datasource_fromDrTsui_205\11\fast_035\1\47\1.png,475,735,349125,31.80121732903688,32.10168277837451,0.0,0.0,68.19878267096313,67.89831722162549,349125,49.91799785177229,46.46289456145621,0.0,240.0,0.0,0.0,0.0,0.0,47.0,83.0,110.0,132.0,177.0,83.0,240.0,5.82278326388045,1.0743626354519524,0.9307844176648322,1.154255072455265,46.46289456145621,1.0,0.6285548150267399,-0.2633043607183229,237050,73.5000885889053,38.03977871662375,6.0,240.0,9.0,17.0,26.0,46.0,71.0,95.0,122.0,145.0,184.0,49.0,234.0,7.198473972722308,1.9321902247760725,0.5175473859546583,3.733359064720209,38.03977871662375,0.7901234567901234,0.6549119414340188,0.4952870642864502,0.0411340743303298,0.0451445095241069,831.52099609375,59.3358154296875,181.59898376464844,7761.4638671875,303.4894104003906,18.115234375,1.4825797080993652,34.03190994262695,0.04617665335536,0.0214711017906665,5.512022402126067,1.4112750466213884,0.5761464007679006,0.0807864099009327,0.2837286191815862,0.901630743302004
205_11,1,,47,205_11/1/47,1/47,2.png,C:\Users\u1021\Downloads\20260803\NASH_datasource_fromDrTsui_205\11\fast_035\1\47\2.png,475,735,349125,31.80121732903688,31.90375939849624,0.0,0.0,68.19878267096313,68.09624060150375,349125,54.58212101682778,48.84677340308431,0.0,237.0,0.0,0.0,0.0,0.0,54.0,91.0,118.0,138.0,180.0,91.0,237.0,5.841849623945054,1.1174150760463808,0.8949225954049083,1.2486164521757388,48.84677340308431,1.0,0.4714184338083011,-0.5986227732772496,237741,80.14791727131626,38.14647825503277,6.0,237.0,11.0,22.0,31.0,53.0,78.0,103.0,128.0,149.0,187.0,50.0,231.0,7.235176800208852,2.101056793119352,0.4759509610948408,4.414439647912977,38.14647825503277,0.7426900584795322,0.5134278128541938,0.2459637892786186,0.0435102805495262,0.0467565841972827,910.4227294921876,62.763484954833984,186.91192626953125,8488.25390625,335.8373718261719,18.212890625,1.4825797080993652,37.21202850341797,0.0447894781827926,0.0213451441377401,6.0806600189463245,1.49642670504284,0.5618441314533881,0.0792054032117707,0.2809180103776309,0.9018018603513605
205_11,1,,47,205_11/1/47,1/47,3.png,C:\Users\u1021\Downloads\20260803\NASH_datasource_fromDrTsui_205\11\fast_035\1\47\3.png,475,735,349125,31.80121732903688,31.90232724668815,0.0,0.0,68.19878267096313,68.09767275331185,349125,54.614315789473686,48.723232947506204,0.0,240.0,0.0,0.0,0.0,0.0,54.0,91.0,118.0,138.0,179.0,91.0,240.0,5.837137649729215,1.1209091122568664,0.892132991930608,1.2564372379404765,48.723232947506204,1.0,0.4693647184462998,-0.599449367723925,237746,80.19365204882521,37.88294455057262,6.0,240.0,11.0,23.0,33.0,53.0,78.0,103.0,129.0,150.0,185.0,50.0,234.0,7.228302410483044,2.1168801158465667,0.4723933077334838,4.4811814248665724,37.88294455057262,0.7341040462427746,0.5356522195393775,0.2339816740892049,0.045048389583826,0.0478337444365024,919.5228271484376,64.9822006225586,191.7691192626953,8983.6953125,354.9501342773437,18.85986328125,1.4825797080993652,37.23380661010742,0.0452040210366249,0.0214785039424896,6.430768369904097,1.5467123221346415,0.553202657717443,0.0787280442746655,0.2800690124030485,0.8954461201331995
205_11,1,,47,205_11/1/47,1/47,4.png,C:\Users\u1021\Downloads\20260803\NASH_datasource_fromDrTsui_205\11\fast_035\1\47\4.png,475,735,349125,31.80121732903688,31.85449337629789,0.0,0.0,68.19878267096313,68.14550662370212,349125,58.1239126387397,50.91903840772714,0.0,241.0,0.0,0.0,0.0,0.0,60.0,96.0,124.0,144.0,184.0,96.0,241.0,5.860731131700697,1.1414966671860636,0.8760428556179045,1.3030146411968908,50.91903840772714,1.0,0.3956933532540829,-0.7257126514917456,237913,85.29051375923132,38.57264337375028,6.0,241.0,13.0,26.0,36.0,58.0,83.0,109.0,135.0,155.0,191.0,51.0,235.0,7.265913823366654,2.2111659015123086,0.4522500999658407,4.88925464401074,38.57264337375028,0.712707182320442,0.4723639268399792,0.1726697542677886,0.0467278584837913,0.0495380908250808,979.812255859375,67.40483856201172,200.0167236328125,9649.7412109375,373.4206848144531,19.873046875,1.4825797080993652,39.62564086914063,0.0444204434752464,0.0208320301026105,6.857979604216825,1.5986883961198552,0.5474489062509084,0.0781079502647078,0.2789601863147846,0.8978839961608145
205_11,1,,47,205_11/1/47,1/47,5.png,C:\Users\u1021\Downloads\20260803\NASH_datasource_fromDrTsui_205\11\fast_035\1\47\5.png,475,735,349125,31.80121732903688,31.86852846401719,0.0,0.0,68.19878267096313,68.13147153598281,349125,57.15920085929108,50.45549018365462,0.0,241.0,0.0,0.0,0.0,0.0,58.0,95.0,123.0,143.0,183.0,95.0,241.0,5.861225859328602,1.1328638499246644,0.8827186074182702,1.2833805024661324,50.45549018365462,1.0,0.4208842683581523,-0.6967716711687397,237864,83.89140433188713,38.65419410530488,6.0,241.0,12.0,25.0,35.0,56.0,82.0,108.0,134.0,154.0,189.0,52.0,235.0,7.265535457721697,2.1703053516868933,0.4607646565598427,4.710225319560769,38.65419410530488,0.7206703910614525,0.4802223981754549,0.1516561568375851,0.0462130531668663,0.0491505526006221,956.3074951171876,66.6622314453125,198.01010131835935,9470.6015625,371.710205078125,19.683837890625,1.4825797080993652,38.96694946289063,0.0438992530107498,0.0203896574676036,6.767715114184014,1.584307605192898,0.549701053513313,0.0782114487111111,0.2791432046721393,0.8975191810038797
205_11,1,,48,205_11/1/48,1/48,1.png,C:\Users\u1021\Downloads\20260803\NASH_datasource_fromDrTsui_205\11\fast_035\1\48\1.png,475,735,349125,31.80121732903688,37.71886860007161,0.0,0.0,68.19878267096313,62.28113139992839,349125,39.09483995703545,44.37611046616265,0.0,241.0,0.0,0.0,0.0,0.0,22.0,68.0,102.0,127.0,170.0,68.0,241.0,5.718897569627366,0.8809884315310996,1.1350886847198052,0.776140616491627,44.37611046616265,1.0,1.069665774346997,0.4744129343816916,217439,62.39589494065002,41.48574363953688,6.0,241.0,6.0,7.0,9.0,30.0,58.0,86.0,120.0,143.0,178.0,56.0,235.0,7.085643867877255,1.5040322160498838,0.664879375141545,2.2621129069159247,41.48574363953688,0.9066666666666666,0.7250776134304939,0.2302380714083551,0.0375009998679161,0.047859389334917,722.7115478515625,54.09510803222656,189.9181060791016,7692.39599609375,296.6651306152344,14.202880859375,0.0,,0.0445880778133869,0.0197176374495029,5.450279876364077,1.2690274977555929,0.637898898175627,0.1506015513412862,0.3877593874040943,0.898345445745488
205_11,1,,48,205_11/1/48,1/48,2.png,C:\Users\u1021\Downloads\20260803\NASH_datasource_fromDrTsui_205\11\fast_035\1\48\2.png,475,735,349125,31.80207662012173,36.675402792696026,0.0,0.0,68.19792337987826,63.32459720730398,349125,38.69674758324383,45.147730543610606,0.0,238.0,0.0,0.0,0.0,0.0,19.0,67.0,104.0,131.0,176.0,67.0,238.0,5.732665376608907,0.8571139040059736,1.1667060764341894,0.7346442444403615,45.147730543610606,1.0,1.177512669813026,0.7712689148437955,221082,60.79683104006658,43.42754246478966,6.0,238.0,6.0,7.0,9.0,25.0,55.0,85.0,122.0,147.0,184.0,60.0,232.0,7.086466834052016,1.3999602001278255,0.7143060209202329,1.9598885619419413,43.42754246478966,0.9090909090909092,0.8253239237054073,0.3077405259160892,0.0367428064346313,0.04877495393157,717.8802490234375,53.00141143798828,191.7524261474609,7759.3642578125,300.5713806152344,12.933349609375,0.0,,0.0427567549049854,0.0188669096678495,5.508399483638087,1.253154852909388,0.6432732921253707,0.1397773708584648,0.3735142076142596,0.9013790281100064
205_11,1,,48,205_11/1/48,1/48,3.png,C:\Users\u1021\Downloads\20260803\NASH_datasource_fromDrTsui_205\11\fast_035\1\48\3.png,475,735,349125,31.80436806301468,40.79312567132117,0.0,0.0,68.19563193698532,59.20687432867884,349125,31.824776226279987,39.511936992144,0.0,241.0,0.0,0.0,0.0,0.0,14.0,53.0,89.0,116.0,160.0,53.0,241.0,5.571776473153012,0.8054471293727661,1.2415464200347204,0.6487450782148294,39.511936992144,1.0,1.4265733443357649,1.6562848914309043,206706,53.17695664373554,38.95310822771536,6.0,241.0,6.0,7.0,9.0,23.0,45.0,73.0,109.0,133.0,170.0,50.0,235.0,6.933418422263907,1.365153104929887,0.73251856981372,1.8636429998997115,38.95310822771536,0.9,1.0553203862531757,0.8380813454295861,0.0325837731361389,0.0456427857279777,597.3150634765625,47.00201797485352,172.42266845703125,6544.044921875,246.8934783935547,11.92626953125,0.0,,0.0460735596716403,0.0198536999523639,4.635790562049287,1.0957733690516058,0.677201638164742,0.1747303807932815,0.4177300459268405,0.8910051806120917
205_11,1,,48,205_11/1/48,1/48,4.png,C:\Users\u1021\Downloads\20260803\NASH_datasource_fromDrTsui_205\11\fast_035\1\48\4.png,475,735,349125,31.804081632653062,40.67740780522736,0.0,0.0,68.19591836734695,59.32259219477265,349125,32.05635803795202,39.78218386172932,0.0,240.0,0.0,0.0,0.0,0.0,14.0,53.0,90.0,116.0,160.0,53.0,240.0,5.578303139145742,0.8057968398459497,1.2410075971397176,0.6493085471057192,39.78218386172932,1.0,1.4140471828844796,1.5881859056187595,207110,53.47188450581817,39.22387295840343,6.0,240.0,6.0,7.0,9.0,23.0,46.0,74.0,110.0,134.0,170.0,51.0,234.0,6.939528256471837,1.3632484625504635,0.733541997274017,1.8584463706462024,39.22387295840343,0.900709219858156,1.0351279532281508,0.7661320523076971,0.0328328013420105,0.0456645116209983,585.4625244140625,47.361236572265625,175.17672729492188,6582.06982421875,250.4515686035156,11.865234375,0.0,,0.0450603626668453,0.0190758053213357,4.654344866913168,1.1015992354842694,0.6757026292977028,0.1740753101658387,0.4169481053307268,0.8923677996309677
205_11,1,,48,205_11/1/48,1/48,5.png,C:\Users\u1021\Downloads\20260803\NASH_datasource_fromDrTsui_205\11\fast_035\1\48\5.png,475,735,349125,31.804081632653062,40.61926244181883,0.0,0.0,68.19591836734695,59.38073755818116,349125,32.308651629072685,39.88758971532697,0.0,241.0,0.0,0.0,0.0,0.0,14.0,54.0,90.0,116.0,161.0,54.0,241.0,5.582868768001814,0.8099925781340945,1.2345792134337925,0.6560879766323172,39.88758971532697,1.0,1.3917949424635478,1.5080929978794415,207313,53.84576461678718,39.186326763236536,6.0,241.0,6.0,7.0,9.0,23.0,46.0,74.0,110.0,134.0,170.0,51.0,235.0,6.945782758137828,1.3740957386009371,0.7277513290436152,1.8881390988412547,39.186326763236536,0.900709219858156,1.0147182721642571,0.7261274945238951,0.0333342030644416,0.0456388369202613,606.147705078125,48.084510803222656,177.97825622558594,6646.22509765625,252.01487731933597,12.36572265625,0.0,,0.0461801327764987,0.0198159348219633,4.711939349210141,1.1140008117100304,0.6739319639390313,0.1735921463088295,0.416362924204932,0.8911564901856731
205_11,1,,49,205_11/1/49,1/49,1.png,C:\Users\u1021\Downloads\20260803\NASH_datasource_fromDrTsui_205\11\fast_035\1\49\1.png,475,735,349125,31.805513784461155,40.66738274257071,0.0,0.0,68.19448621553886,59.33261725742929,349125,34.50245614035088,41.78110585795361,0.0,240.0,0.0,0.0,0.0,0.0,18.0,56.0,98.0,124.0,163.0,56.0,240.0,5.641319128507746,0.8257908791991168,1.2109603353452365,0.6819305761684502,41.78110585795361,1.0,1.3218734169709447,1.2199544776307487,207145,57.59784691882498,40.35804639422281,6.0,240.0,6.0,7.0,11.0,28.0,49.0,79.0,118.0,139.0,173.0,51.0,234.0,7.039904477358848,1.427171334216763,0.7006867192640216,2.0368180172100545,40.35804639422281,0.9041095890410958,0.9693651753604784,0.5413602564755835,0.0333598479628562,0.0442596599459648,585.0919189453125,48.12150573730469,175.6929168701172,6391.794921875,260.3542785644531,12.890625,0.0,,0.0386911779642105,0.0181340463459491,4.638180173712124,1.1278714690652747,0.6657323724401009,0.1654389916941991,0.4064488957809214,0.9036305823579652
205_11,1,,49,205_11/1/49,1/49,2.png,C:\Users\u1021\Downloads\20260803\NASH_datasource_fromDrTsui_205\11\fast_035\1\49\2.png,475,735,349125,31.80179018976012,37.63208020050126,0.0,0.0,68.19820981023989,62.36791979949875,349125,37.724889366272826,45.454541596337705,0.0,238.0,0.0,0.0,0.0,0.0,11.0,70.0,107.0,129.0,167.0,70.0,238.0,5.614377696185496,0.829947636504431,1.204895292203969,0.6888130793392911,45.454541596337705,1.0,1.0909218385887536,0.251468859619246,217742,60.1047248578593,44.50215111046863,6.0,238.0,6.0,7.0,8.0,14.0,57.0,90.0,122.0,142.0,175.0,76.0,232.0,6.925791687649783,1.3506026867928265,0.7404101959656425,1.824127617572002,44.50215111046863,0.906040268456376,0.5790874881599325,-0.3660233543661331,0.0363803543150424,0.0529744662344455,738.7603759765625,52.47857666015625,193.20245361328125,8593.337890625,345.8727111816406,12.841796875,0.0,,0.044914711266756,0.0193718615919351,6.12832893745311,1.269379404167365,0.6484365925664838,0.1451254626819774,0.3805666912198739,0.8919560116485034
205_11,1,,49,205_11/1/49,1/49,3.png,C:\Users\u1021\Downloads\20260803\NASH_datasource_fromDrTsui_205\11\fast_035\1\49\3.png,475,735,349125,31.80264948084497,34.678983172216256,0.0,0.0,68.19735051915504,65.32101682778374,349125,37.09836591478697,41.868018771205385,0.0,239.0,0.0,0.0,0.0,0.0,25.0,60.0,96.0,122.0,171.0,60.0,239.0,5.742814640427733,0.8860788497663822,1.1285677344218898,0.785135728003315,41.868018771205385,1.0,1.3035288601108426,1.5192534106100268,228052,56.62838738533317,39.787891461097935,6.0,239.0,6.0,9.0,14.0,26.0,48.0,77.0,113.0,136.0,181.0,51.0,233.0,7.057437435519861,1.423256807682327,0.7026138885142093,2.025659940614089,39.787891461097935,0.8758620689655172,1.1550309218812729,1.3215006794869977,0.0365877598524093,0.0470385886728763,657.10107421875,52.77776336669922,187.03355407714844,7389.52978515625,267.5417175292969,13.3056640625,1.4825797080993652,25.291156768798828,0.0441793017089366,0.0195936895906925,5.323085135925276,1.2466568365747257,0.6297429263375,0.1004823116209399,0.3165196270574795,0.8870221277818972
205_11,1,,49,205_11/1/49,1/49,4.png,C:\Users\u1021\Downloads\20260803\NASH_datasource_fromDrTsui_205\11\fast_035\1\49\4.png,475,735,349125,31.80207662012173,35.06537773003938,0.0,0.0,68.19792337987826,64.93462226996061,349125,35.471149301826,39.31257750599625,0.0,241.0,0.0,0.0,0.0,0.0,24.0,58.0,93.0,117.0,153.0,58.0,241.0,5.687452244230141,0.9022850078048348,1.1082972579062305,0.8141182353093704,39.31257750599625,1.0,1.1747351795259482,0.9282630873255212,226703,54.43735195387798,36.79002949549356,6.0,241.0,6.0,9.0,13.0,26.0,47.0,74.0,108.0,128.0,161.0,48.0,235.0,6.975889770305694,1.4796767684175425,0.6758232752883333,2.189443338994581,36.79002949549356,0.8686131386861314,0.9950120391457326,0.7190950252530821,0.035632774233818,0.044465385377407,627.9395751953125,51.40019607543945,176.1033477783203,6756.076171875,258.8370666503906,13.299560546875,1.4825797080993652,24.180849075317383,0.0498435162007808,0.0220907181501388,4.860841910931823,1.2084897991260488,0.6334346540120747,0.1040966846741152,0.3221899907011586,0.881157330187173
205_11,1,,49,205_11/1/49,1/49,5.png,C:\Users\u1021\Downloads\20260803\NASH_datasource_fromDrTsui_205\11\fast_035\1\49\5.png,475,735,349125,31.801503759398496,34.990619405657,0.0,0.0,68.1984962406015,65.009380594343,349125,35.42964840673111,39.620773819248754,0.0,238.0,0.0,0.0,0.0,0.0,24.0,57.0,93.0,117.0,155.0,57.0,238.0,5.691753223433831,0.8942189914907344,1.1182942987298004,0.799627604742706,39.620773819248754,1.0,1.2304404436058305,1.1814885343722583,226964,54.31252092842918,37.349828413207135,6.0,238.0,6.0,9.0,13.0,25.0,47.0,74.0,109.0,129.0,165.0,49.0,232.0,6.982907871689445,1.4541571738311905,0.6876835723096929,2.1145730862047145,37.349828413207135,0.8695652173913043,1.0608675786995052,0.9792644205821706,0.0353118367493152,0.0439659729599952,597.5526123046875,50.9372444152832,175.86358642578125,6616.8037109375,256.7243957519531,13.824462890625,1.4825797080993652,24.15495491027832,0.0466167517006397,0.0203024055808782,4.75577751507154,1.1942373989566817,0.6357646264662703,0.105896791133147,0.324966334555953,0.8861255170576431
205_11,1,,51,205_11/1/51,1/51,1.png,C:\Users\u1021\Downloads\20260803\NASH_datasource_fromDrTsui_205\11\fast_035\1\51\1.png,475,735,349125,31.80121732903688,31.805513784461155,0.0,0.0,68.19878267096313,68.19448621553886,349125,63.78222699606158,53.3787662926285,0.0,241.0,0.0,0.0,0.0,0.0,67.0,106.0,135.0,150.0,176.0,106.0,241.0,5.842479913226476,1.194898860089799,0.83689091470457,1.4277832858439012,53.3787662926285,1.0,0.1861941141748417,-1.1280671102455555,238084,93.52962399825272,37.36226948927903,6.0,241.0,20.0,35.0,45.0,65.0,92.0,120.0,144.0,158.0,181.0,55.0,235.0,7.243321661559484,2.503317525320316,0.3994698993976178,6.26659863257583,37.36226948927903,0.6373056994818653,0.2232046208114784,-0.440970182921486,0.0474039502441883,0.0489363074302673,1048.7440185546875,68.38008880615234,196.1479034423828,9658.857421875,419.4323425292969,20.074462890625,2.9651594161987305,21.7398624420166,0.0443971641361713,0.0210303179919719,6.954335382524008,1.6319596988382086,0.5393198305194429,0.0765807538878859,0.2761987132548453,0.9052270194542392
205_11,1,,51,205_11/1/51,1/51,2.png,C:\Users\u1021\Downloads\20260803\NASH_datasource_fromDrTsui_205\11\fast_035\1\51\2.png,475,735,349125,31.80121732903688,31.813820264948085,0.0,0.0,68.19878267096313,68.18617973505191,349125,62.64278123881132,52.88893506586008,0.0,242.0,0.0,0.0,0.0,0.0,66.0,105.0,133.0,149.0,174.0,105.0,242.0,5.850501185508818,1.18442130023615,0.8442941711708661,1.4028538164530926,52.88893506586008,1.0,0.2090383346929599,-1.1210764882586255,238055,91.86938732645817,37.6480066530624,6.0,242.0,18.0,32.0,43.0,64.0,91.0,119.0,142.0,156.0,180.0,55.0,236.0,7.25421778028004,2.440219164139604,0.4097992568436326,5.954669569034185,37.6480066530624,0.6595744680851063,0.2023477296638084,-0.4508676714568662,0.0457882061600685,0.0484769865870475,1058.5234375,66.04937744140625,189.5698699951172,9252.4375,392.3872680664063,19.7265625,2.9651594161987305,21.35549545288086,0.0438940860331058,0.0211158022284507,6.5981137583994425,1.5803359227842446,0.5465885107262102,0.0766492505901343,0.2763314635797823,0.9084301505552528
205_11,1,,51,205_11/1/51,1/51,3.png,C:\Users\u1021\Downloads\20260803\NASH_datasource_fromDrTsui_205\11\fast_035\1\51\3.png,475,735,349125,31.80121732903688,31.812101682778376,0.0,0.0,68.19878267096313,68.18789831722162,349125,58.1598052273541,49.90911502604661,0.0,238.0,0.0,0.0,0.0,0.0,59.0,98.0,125.0,141.0,168.0,98.0,238.0,5.814838710967197,1.1653142957353904,0.8581375888544591,1.3579574078452687,49.90911502604661,1.0,0.2793396887759907,-1.0250635026214685,238061,85.2927484972339,36.58984934837397,6.0,238.0,17.0,29.0,38.0,57.0,84.0,111.0,134.0,148.0,173.0,54.0,232.0,7.202061316723636,2.3310494581477217,0.428991326848385,5.433791576330787,36.58984934837397,0.672316384180791,0.2806912648272501,-0.3861669892017159,0.044665440917015,0.0466683879494667,963.70947265625,64.42979431152344,190.6147003173828,8683.052734375,376.4154968261719,18.5302734375,2.9651594161987305,19.82453155517578,0.0435071736574173,0.0219519566744565,6.291611240338125,1.54158526848478,0.552645125939447,0.077426481241911,0.277724129616245,0.9015221822718918
205_11,1,,51,205_11/1/51,1/51,4.png,C:\Users\u1021\Downloads\20260803\NASH_datasource_fromDrTsui_205\11\fast_035\1\51\4.png,475,735,349125,31.80121732903688,31.820408163265306,0.0,0.0,68.19878267096313,68.1795918367347,349125,57.84263229502327,49.75961598442121,0.0,242.0,0.0,0.0,0.0,0.0,59.0,97.0,125.0,140.0,167.0,97.0,242.0,5.816689873926098,1.1624412920134413,0.8602584981026613,1.3512697573778785,49.75961598442121,1.0,0.290799815975351,-1.0035413008185237,238032,84.83743782348591,36.626592168590655,6.0,242.0,16.0,29.0,38.0,57.0,83.0,110.0,134.0,148.0,173.0,53.0,236.0,7.203950188666925,2.316279861172527,0.4317267601220644,5.36515239527342,36.626592168590655,0.672316384180791,0.2960859110459493,-0.3544852858866365,0.045588631182909,0.046933963894844,954.3709716796876,65.7614974975586,193.472412109375,8908.154296875,387.9009094238281,19.66552734375,1.4825797080993652,39.4330940246582,0.0445537269115448,0.0212252754718065,6.388738262049088,1.56017164285484,0.5496859533635419,0.0771823589858171,0.277280704623787,0.8992901777132126
205_11,1,,51,205_11/1/51,1/51,5.png,C:\Users\u1021\Downloads\20260803\NASH_datasource_fromDrTsui_205\11\fast_035\1\51\5.png,475,735,349125,31.80121732903688,31.862799856784815,0.0,0.0,68.19878267096313,68.13720014321518,349125,61.76509559613319,52.711066382394165,0.0,242.0,0.0,0.0,0.0,0.0,64.0,104.0,133.0,148.0,173.0,104.0,242.0,5.867671850920007,1.171767141800097,0.8534118805070569,1.3730382346023686,52.711066382394165,1.0,0.2273068655114055,-1.1328766392987613,237884,90.64428040557584,38.21289517650654,6.0,242.0,14.0,29.0,41.0,62.0,90.0,118.0,141.0,155.0,178.0,56.0,236.0,7.275501491695763,2.372086176325743,0.421569844291642,5.626792827915684,38.21289517650654,0.6847826086956522,0.1506749029822341,-0.4778200757456936,0.0452244356274604,0.0478141568601131,1006.8106689453124,65.23614501953125,187.3832855224609,9012.865234375,380.5557556152344,19.757080078125,2.9651594161987305,21.054576873779297,0.0414877459406852,0.0201117787510156,6.4067108689324535,1.5542951208489038,0.5498439385837423,0.0770258722151105,0.2770112088619806,0.9108660613779334
205_11,1,,52,205_11/1/52,1/52,1.png,C:\Users\u1021\Downloads\20260803\NASH_datasource_fromDrTsui_205\11\fast_035\1\52\1.png,475,735,349125,31.80121732903688,32.63616183315431,0.0,0.0,68.19878267096313,67.3638381668457,349125,49.74617973505192,51.93259920925728,0.0,240.0,0.0,0.0,0.0,0.0,32.0,91.0,125.0,145.0,181.0,91.0,240.0,5.913999199066081,0.9578989015089464,1.0439515051376855,0.917570305512046,51.93259920925728,1.0,0.733313360777475,-0.5789646663907138,235184,73.79371470848358,47.23854055799961,6.0,240.0,7.0,9.0,12.0,30.0,73.0,108.0,137.0,155.0,188.0,78.0,234.0,7.323363980244114,1.5621506049256422,0.6401431442313461,2.4403145124695493,47.23854055799961,0.8902439024390244,0.3496643486257134,-0.6754206857001144,0.0389274694025516,0.0486095771193504,830.255859375,56.152793884277344,171.7599639892578,8069.8388671875,311.489013671875,15.6005859375,1.4825797080993652,33.918365478515625,0.0350478440523147,0.0169654171913862,5.811053441118066,1.3248655338019797,0.6178140409826297,0.0873261746898931,0.2949489569932016,0.9209384767184297
205_11,1,,52,205_11/1/52,1/52,2.png,C:\Users\u1021\Downloads\20260803\NASH_datasource_fromDrTsui_205\11\fast_035\1\52\2.png,475,735,349125,31.80121732903688,33.099606158252776,0.0,0.0,68.19878267096313,66.90039384174723,349125,45.8271851056212,49.04464719963206,0.0,241.0,0.0,0.0,0.0,0.0,27.0,84.0,118.0,137.0,175.0,84.0,241.0,5.852180538019597,0.9343972833382926,1.0702085909617916,0.8730982831099815,49.04464719963206,1.0,0.817709903587763,-0.3653428136473251,233566,68.41874673539813,45.3118563753393,6.0,241.0,6.0,9.0,11.0,26.0,67.0,101.0,129.0,147.0,182.0,75.0,235.0,7.227276823821887,1.509952409997367,0.6622725281797086,2.279956280456856,45.3118563753393,0.8846153846153846,0.4370477149793235,-0.5308540623467253,0.0360227562487125,0.0465111285448074,713.209716796875,51.96274566650391,161.3880157470703,7201.490234375,275.1751708984375,14.29443359375,1.4825797080993652,31.240169525146484,0.0338639020919799,0.0162347462028265,5.217553084364675,1.2361179108031322,0.6337252968185774,0.0910659351656257,0.3012291981781463,0.9200410852566064
205_11,1,,52,205_11/1/52,1/52,3.png,C:\Users\u1021\Downloads\20260803\NASH_datasource_fromDrTsui_205\11\fast_035\1\52\3.png,475,735,349125,31.80121732903688,33.43816684568564,0.0,0.0,68.19878267096313,66.56183315431436,349125,44.346907268170426,47.67074370851822,0.0,239.0,0.0,0.0,0.0,0.0,25.0,82.0,114.0,133.0,170.0,82.0,239.0,5.823112591793086,0.9302751293189104,1.0749508059321524,0.8654118162293155,47.67074370851822,1.0,0.8258025557583384,-0.3544856105995118,232384,66.52081038281464,44.08237943529532,6.0,239.0,6.0,8.0,11.0,25.0,65.0,98.0,125.0,143.0,177.0,73.0,233.0,7.184450526763928,1.5090113382027108,0.6626855442922235,2.277115218824336,44.08237943529532,0.8940397350993378,0.4376212520005054,-0.5334832379690129,0.0351534001529216,0.045201901346445,698.7603759765625,50.70870971679688,157.88475036621094,6822.8876953125,261.2676086425781,14.581298828125,1.4825797080993652,30.23344039916992,0.0346528738737106,0.0168871320784091,4.936655680098348,1.2078446203173383,0.6351022645391027,0.0914071560330664,0.3018235954687483,0.9197111930970786
205_11,1,,52,205_11/1/52,1/52,4.png,C:\Users\u1021\Downloads\20260803\NASH_datasource_fromDrTsui_205\11\fast_035\1\52\4.png,475,735,349125,31.80121732903688,32.74557823129251,0.0,0.0,68.19878267096313,67.25442176870749,349125,48.35334049409237,50.88322397097436,0.0,239.0,0.0,0.0,0.0,0.0,30.0,88.0,123.0,142.0,180.0,88.0,239.0,5.894491924588766,0.9502805978189368,1.052320759042306,0.9030332145911162,50.88322397097436,1.0,0.7653087570485003,-0.4952904447213218,234802,71.83602354324069,46.53439238835754,6.0,239.0,6.0,9.0,12.0,29.0,71.0,105.0,134.0,152.0,187.0,76.0,233.0,7.293217528457658,1.5437189540098817,0.6477863068290078,2.3830682089693624,46.53439238835754,0.8881987577639752,0.3877422966168157,-0.6139757757412516,0.0375015288591384,0.0473716109991073,771.8773193359375,54.09587097167969,168.11721801757812,7595.822265625,293.1072692871094,15.68603515625,1.4825797080993652,32.966556549072266,0.0338800102472305,0.0164720490574836,5.514176917884078,1.2855195268806523,0.6236838278188963,0.0881500671972598,0.2963429650174407,0.9217322989834256
205_11,1,,52,205_11/1/52,1/52,5.png,C:\Users\u1021\Downloads\20260803\NASH_datasource_fromDrTsui_205\11\fast_035\1\52\5.png,475,735,349125,31.80121732903688,33.04432509846043,0.0,0.0,68.19878267096313,66.95567490153957,349125,46.54845399212317,49.55650396344088,0.0,241.0,0.0,0.0,0.0,0.0,27.0,85.0,119.0,138.0,176.0,85.0,241.0,5.863271639074592,0.9393006017224936,1.064621909286756,0.8822856203962387,49.55650396344088,1.0,0.7985239377534388,-0.4148744642567288,233759,69.44221612857687,45.6224292610409,6.0,241.0,6.0,9.0,11.0,27.0,68.0,102.0,130.0,149.0,183.0,75.0,235.0,7.244973794637971,1.5221069384807353,0.6569840624983503,2.316809532171197,45.6224292610409,0.8860759493670886,0.4159907435706063,-0.5626769875433189,0.0365829989314079,0.0467569939792156,741.1060791015625,52.77089309692383,164.7603759765625,7333.845703125,285.1285400390625,15.118408203125,1.4825797080993652,31.733198165893555,0.0340105779469013,0.016679186373949,5.341158801346881,1.2548905727229227,0.6302072163541624,0.0900453777061386,0.2995300601489164,0.919979984527265
205_11,1,,54,205_11/1/54,1/54,1.png,C:\Users\u1021\Downloads\20260803\NASH_datasource_fromDrTsui_205\11\fast_035\1\54\1.png,475,735,349125,31.80207662012173,36.96842105263158,0.0,0.0,68.19792337987826,63.031578947368416,349125,42.14589044038668,49.11336992637234,0.0,239.0,0.0,0.0,0.0,0.0,15.0,80.0,117.0,135.0,176.0,80.0,239.0,5.762901308256048,0.8581347707064112,1.1653181226729763,0.7363952846953449,49.11336992637234,1.0,0.9753810645119488,-0.0769888804461174,220059,66.53292526095275,47.08362140495597,6.0,239.0,6.0,7.0,8.0,21.0,64.0,101.0,129.0,147.0,187.0,80.0,233.0,7.140956274679742,1.4130800324112192,0.7076740008091706,1.996795177999292,47.08362140495597,0.9090909090909092,0.4688995679325071,-0.5220474564639561,0.0332064628601074,0.0427525080740451,670.0643310546875,47.90024566650391,158.46542358398438,6097.67138671875,242.3993682861328,13.80615234375,0.0,,0.0309946108609437,0.0154665457084774,4.421680922884351,1.1474522571386223,0.6519212671594065,0.1440825139692371,0.3792525680448575,0.9345239423587776
205_11,1,,54,205_11/1/54,1/54,2.png,C:\Users\u1021\Downloads\20260803\NASH_datasource_fromDrTsui_205\11\fast_035\1\54\2.png,475,735,349125,31.80236305048335,39.645112781954886,0.0,0.0,68.19763694951665,60.35488721804512,349125,38.03356963838167,45.50073524864295,0.0,240.0,0.0,0.0,0.0,0.0,12.0,72.0,108.0,126.0,165.0,72.0,240.0,5.673368620880883,0.8358891220228363,1.1963309171676004,0.6987106243161081,45.50073524864295,1.0,1.047696921261325,0.108079719005826,210714,62.512595271315625,43.78425773620206,6.0,240.0,6.0,7.0,8.0,21.0,60.0,94.0,121.0,138.0,176.0,73.0,234.0,7.067965058123253,1.4277413505089172,0.7004069747251847,2.0384453639530262,43.78425773620206,0.903448275862069,0.503389834193492,-0.4413652518749407,0.031131163239479,0.0403657741844654,608.98193359375,44.90663146972656,152.20742797851562,5407.0517578125,213.22698974609372,13.214111328125,0.0,,0.0321429334580898,0.0165784154087305,3.900853460496759,1.0606260912229937,0.6727084382259246,0.1706143075468843,0.4127576002084572,0.9324720679561752
205_11,1,,54,205_11/1/54,1/54,3.png,C:\Users\u1021\Downloads\20260803\NASH_datasource_fromDrTsui_205\11\fast_035\1\54\3.png,475,735,349125,31.802935911206585,41.07010383100609,0.0,0.0,68.19706408879341,58.92989616899391,349125,36.27875402792696,43.76907947844308,0.0,236.0,0.0,0.0,0.0,0.0,11.0,69.0,103.0,120.0,159.0,69.0,236.0,5.616246320801439,0.8288671925530163,1.206465895844994,0.6870208228907191,43.76907947844308,1.0,1.0601758939302717,0.1476838493846095,205739,60.96350716198679,42.015105191584645,6.0,236.0,6.0,7.0,8.0,21.0,59.0,91.0,117.0,133.0,170.0,70.0,230.0,7.02075068865754,1.4509902303945057,0.6891845162376544,2.1053726487003,42.015105191584645,0.9,0.4887750303667472,-0.4046028075881618,0.0299677234143018,0.039190012961626,581.904541015625,43.22837448120117,149.2578125,5064.50341796875,196.2320251464844,12.274169921875,0.0,,0.0336443185806274,0.0170563589781522,3.668662100716568,1.0197998452240038,0.6814700519529534,0.1796975399873432,0.4236325429541083,0.9310424029847612
205_11,1,,54,205_11/1/54,1/54,4.png,C:\Users\u1021\Downloads\20260803\NASH_datasource_fromDrTsui_205\11\fast_035\1\54\4.png,475,735,349125,31.803222341568205,39.00179018976012,0.0,0.0,68.1967776584318,60.99820981023989,349125,36.382195488721806,44.491127140205904,0.0,238.0,0.0,0.0,0.0,0.0,11.0,68.0,104.0,123.0,165.0,68.0,238.0,5.641286624302553,0.8177404760744713,1.2228818668735315,0.6686994862105029,44.491127140205904,1.0,1.1393875664024256,0.3966509422215738,212960,59.18129695717506,43.71205821256772,6.0,238.0,6.0,7.0,8.0,17.0,55.0,90.0,118.0,136.0,176.0,73.0,232.0,6.996586007893971,1.35388950731585,0.7386127114483274,1.8330167980199548,43.71205821256772,0.902097902097902,0.6120242191711396,-0.2932585688562494,0.0298882834613323,0.0399047620594501,549.5963134765625,43.1137809753418,151.47802734375,5172.2431640625,197.67367553710935,12.2314453125,0.0,,0.0309688318520784,0.0154652632772922,3.761941314011045,1.0218141366201128,0.6820413442096465,0.1658357112278687,0.4069277346836884,0.9320968507131848
205_11,1,,54,205_11/1/54,1/54,5.png,C:\Users\u1021\Downloads\20260803\NASH_datasource_fromDrTsui_205\11\fast_035\1\54\5.png,475,735,349125,31.80207662012173,38.49108485499463,0.0,0.0,68.19792337987826,61.508915145005375,349125,39.210005012531326,46.24959124008191,0.0,238.0,0.0,0.0,0.0,0.0,13.0,74.0,109.0,128.0,165.0,74.0,238.0,5.697808692363564,0.847791384987425,1.1795354584958806,0.7187502324588965,46.24959124008191,1.0,0.9992892279937148,-0.0426924793396632,214743,63.317924216388896,44.341106396652165,6.0,238.0,6.0,7.0,8.0,20.0,61.0,96.0,122.0,140.0,174.0,76.0,232.0,7.074281271693383,1.4279734846934156,0.7002931151867283,2.039108272987457,44.341106396652165,0.9047619047619048,0.4641215548663696,-0.5395537770110916,0.0314938016235828,0.040606927126646,603.4617919921875,45.42973327636719,152.52801513671875,5494.9384765625,213.5318145751953,13.34228515625,0.0,,0.0312044881284236,0.0154173616319894,3.966953211198868,1.0742974608870208,0.6683180626485933,0.1577755919823548,0.3968925661256222,0.9334936344548932
205_11,1,,55,205_11/1/55,1/55,1.png,C:\Users\u1021\Downloads\20260803\NASH_datasource_fromDrTsui_205\11\fast_035\1\55\1.png,475,735,349125,31.801503759398496,37.36312209094165,0.0,0.0,68.1984962406015,62.63687790905836,349125,37.45527246688149,42.99817739189996,0.0,238.0,0.0,0.0,0.0,0.0,16.0,68.0,99.0,120.0,163.0,68.0,238.0,5.663451133262496,0.8710897702826202,1.1479873075257854,0.7587973878910281,42.99817739189996,1.0,1.0507379098295813,0.3641787521112203,218681,59.43944375597332,40.70425629136938,6.0,238.0,6.0,7.0,8.0,25.0,56.0,85.0,113.0,134.0,172.0,60.0,232.0,6.992326711263806,1.4602758819739543,0.6848021064678763,2.132405651474811,40.70425629136938,0.900709219858156,0.6444367233834947,0.0557697820920193,0.032331496477127,0.0430923774838447,612.335205078125,46.63811492919922,160.20516967773438,6039.0615234375,245.64447021484372,11.9873046875,0.0,,0.0390181057155132,0.0176479946821928,4.340469468620679,1.116016835777062,0.658718545532298,0.1498466799573285,0.3867687337884813,0.914182016369018
205_11,1,,55,205_11/1/55,1/55,2.png,C:\Users\u1021\Downloads\20260803\NASH_datasource_fromDrTsui_205\11\fast_035\1\55\2.png,475,735,349125,31.80179018976012,37.38345864661654,0.0,0.0,68.19820981023989,62.61654135338346,349125,36.086865735768,42.44768446654005,0.0,240.0,0.0,0.0,0.0,0.0,15.0,64.0,98.0,120.0,163.0,64.0,240.0,5.655315380360338,0.8501492175436316,1.1762640950130354,0.722753692090049,42.44768446654005,1.0,1.151164977717806,0.6478188759994916,218610,57.27264077581081,40.933786173340856,6.0,240.0,6.0,7.0,8.0,22.0,52.0,83.0,113.0,134.0,172.0,61.0,234.0,6.979151152034655,1.3991532699487017,0.7147179808518505,1.9576298728081445,40.933786173340856,0.900709219858156,0.749667441365379,0.1649600469297762,0.0320441052317619,0.0437318421900272,582.509765625,46.22354507446289,159.9161834716797,6116.091796875,246.0440826416016,13.165283203125,0.0,,0.0380149148404598,0.0167628154158592,4.398455481870836,1.1064787265049445,0.6625544418101162,0.1517408086576613,0.3892169938702992,0.9111924103397118
205_11,1,,55,205_11/1/55,1/55,3.png,C:\Users\u1021\Downloads\20260803\NASH_datasource_fromDrTsui_205\11\fast_035\1\55\3.png,475,735,349125,31.80179018976012,34.48793412101683,0.0,0.0,68.19820981023989,65.51206587898318,349125,44.17294378804153,49.26975731883743,0.0,240.0,0.0,0.0,0.0,0.0,21.0,81.0,116.0,138.0,180.0,81.0,240.0,5.806509921665339,0.8965528996253607,1.115383152982793,0.803807101826642,49.26975731883743,1.0,0.9220217696968358,-0.0984429510301492,228719,67.25520835610509,46.474465138237534,6.0,240.0,6.0,7.0,9.0,24.0,65.0,99.0,129.0,151.0,187.0,75.0,234.0,7.166212147776945,1.447143246426948,0.6910165959513948,2.0942235756791265,46.474465138237534,0.9113924050632912,0.5073952139325498,-0.3729854834959401,0.0368687324225902,0.04968087002635,759.621337890625,53.183067321777344,183.9936981201172,7964.24560546875,311.28106689453125,14.111328125,1.4825797080993652,30.11734771728516,0.0367876663804054,0.0161969866603612,5.650164002675969,1.2719361318846814,0.6347163118783938,0.0969991531250278,0.3110102770869864,0.9145693647623224
205_11,1,,55,205_11/1/55,1/55,4.png,C:\Users\u1021\Downloads\20260803\NASH_datasource_fromDrTsui_205\11\fast_035\1\55\4.png,475,735,349125,31.80121732903688,35.103472968134625,0.0,0.0,68.19878267096313,64.89652703186538,349125,41.191570354457575,47.17021159423353,0.0,241.0,0.0,0.0,0.0,0.0,17.0,75.0,111.0,133.0,176.0,75.0,241.0,5.7590750682898975,0.8732538812586791,1.145142348017547,0.7625723411333473,47.17021159423353,1.0,1.019696952734345,0.1659424493445538,226570,63.26188374453811,45.167840087893175,6.0,241.0,6.0,7.0,9.0,21.0,60.0,93.0,124.0,146.0,183.0,72.0,235.0,7.100046754918632,1.4005957252203185,0.713981902124324,1.961668385505429,45.167840087893175,0.9084967320261438,0.6068924180075452,-0.2350480721817538,0.0347054153680801,0.0472212545573711,689.531982421875,50.06248474121094,174.914794921875,7146.1171875,287.3889465332031,13.37890625,0.0,,0.0370109565556049,0.0160926561802625,5.122516287862099,1.213212674659735,0.641075920654328,0.1024700198593717,0.3196681875000352,0.9157402978574326
205_11,1,,55,205_11/1/55,1/55,5.png,C:\Users\u1021\Downloads\20260803\NASH_datasource_fromDrTsui_205\11\fast_035\1\55\5.png,475,735,349125,31.80207662012173,38.66752595775152,0.0,0.0,68.19792337987826,61.33247404224848,349125,34.10790691013247,41.052489862941776,0.0,240.0,0.0,0.0,0.0,0.0,12.0,60.0,94.0,116.0,159.0,60.0,240.0,5.598979869971035,0.8308364979567731,1.2036062479913203,0.690289286337075,41.052489862941776,1.0,1.2150063883899995,0.8233170118611555,214127,55.16536447995816,39.99382045656978,6.0,240.0,6.0,7.0,8.0,20.0,50.0,80.0,109.0,132.0,167.0,60.0,234.0,6.922708447322679,1.3793472053979816,0.7249806256804435,1.902598713039222,39.99382045656978,0.8992805755395683,0.7866284255515458,0.2130436452623088,0.030778570100665,0.0419011637568473,550.6435546875,44.39801788330078,156.9868927001953,5624.4599609375,233.21310424804688,12.12158203125,0.0,,0.0381489433348178,0.017134154215455,4.037075209551868,1.0517505168405636,0.6761015934176741,0.1689945710790209,0.4107892739100978,0.913125717952615
205_11,1,,57,205_11/1/57,1/57,1.png,C:\Users\u1021\Downloads\20260803\NASH_datasource_fromDrTsui_205\11\fast_035\1\57\1.png,475,735,349125,31.80121732903688,32.105979233798784,0.0,0.0,68.19878267096313,67.89402076620121,349125,37.064484067311135,38.54514315610061,0.0,239.0,0.0,0.0,0.0,0.0,28.0,60.0,91.0,112.0,157.0,60.0,239.0,5.639744665603606,0.961586364258836,1.039948190998707,0.9246483359285266,38.54514315610061,1.0,1.1120319694865572,0.9407665127818884,237035,54.57266226506634,35.12061352937924,6.0,239.0,8.0,13.0,17.0,27.0,47.0,74.0,103.0,124.0,164.0,47.0,233.0,6.9288490885702005,1.5538641493097776,0.643556903249359,2.414493794510199,35.12061352937924,0.8102189781021898,1.1000404119998204,1.090415956265926,0.0324061997234821,0.0378667563199996,563.528076171875,46.745872497558594,145.59600830078125,5168.8173828125,213.85113525390625,11.77978515625,1.4825797080993652,25.26859664916992,0.0417677797377109,0.020441586151719,3.819584983900724,1.120545045100493,0.6305608114529601,0.0829525241897565,0.2874682841890481,0.9018826199964546
205_11,1,,57,205_11/1/57,1/57,2.png,C:\Users\u1021\Downloads\20260803\NASH_datasource_fromDrTsui_205\11\fast_035\1\57\2.png,475,735,349125,31.80121732903688,31.874543501611168,0.0,0.0,68.19878267096313,68.12545649838883,349125,56.29085857500896,50.72576736067268,0.0,239.0,0.0,0.0,0.0,0.0,54.0,96.0,125.0,142.0,179.0,96.0,239.0,5.888403179951767,1.1097093549076766,0.9011368567611976,1.2314548523696116,50.72576736067268,1.0,0.4321019446672122,-0.8230967282534123,237843,82.62360044230859,40.019260655805446,6.0,239.0,11.0,21.0,30.0,52.0,82.0,110.0,134.0,151.0,185.0,58.0,233.0,7.3052374347953695,2.0645958742949118,0.4843562909576743,4.2625561241555685,40.019260655805446,0.7558139534883721,0.3342370366020646,-0.24696938816487,0.0425918921828269,0.0460245497524738,920.4912109375,61.43870544433594,175.21839904785156,8182.388671875,336.8229064941406,18.310546875,1.4825797080993652,38.37363052368164,0.0402429178357124,0.0195996984839439,5.92315066859804,1.4727474913945855,0.5643055041158948,0.0778342766101834,0.2784572865137882,0.91233439497262
205_11,1,,57,205_11/1/57,1/57,3.png,C:\Users\u1021\Downloads\20260803\NASH_datasource_fromDrTsui_205\11\fast_035\1\57\3.png,475,735,349125,31.80121732903688,31.90748299319728,0.0,0.0,68.19878267096313,68.09251700680272,349125,52.21352524167562,48.28332397084564,0.0,239.0,0.0,0.0,0.0,0.0,48.0,88.0,118.0,136.0,176.0,88.0,239.0,5.859973551257094,1.0813987304023045,0.9247282911345548,1.1694232141157153,48.28332397084564,1.0,0.5611602203949241,-0.5407335837396179,237728,76.67364382824069,39.35179767953848,6.0,239.0,10.0,19.0,27.0,46.0,74.0,102.0,128.0,146.0,183.0,56.0,233.0,7.261517105334649,1.9484152783217887,0.5132376096236122,3.796322096797773,39.35179767953848,0.7696969696969697,0.5111342940302458,-0.0038569568216284,0.0413192547857761,0.0454191006720066,851.319091796875,59.602935791015625,173.3219451904297,7844.9814453125,311.3046264648437,17.669677734375,1.4825797080993652,35.592430114746094,0.0421581156551837,0.0198591463267803,5.626750062971496,1.4220635095231653,0.5736762731382364,0.0783279330125964,0.2793406574584118,0.9078415557674228
205_11,1,,57,205_11/1/57,1/57,4.png,C:\Users\u1021\Downloads\20260803\NASH_datasource_fromDrTsui_205\11\fast_035\1\57\4.png,475,735,349125,31.80121732903688,31.919799498746865,0.0,0.0,68.19878267096313,68.08020050125313,349125,44.55615324024347,44.70471653333641,0.0,241.0,0.0,0.0,0.0,0.0,37.0,72.0,105.0,130.0,182.0,72.0,241.0,5.782637566930286,0.9966767870459002,1.0033342935215233,0.9933646178361388,44.70471653333641,1.0,1.0055621995386466,0.6928288094504098,237685,65.43909375854598,39.61394319171679,6.0,241.0,10.0,17.0,22.0,35.0,58.0,87.0,119.0,145.0,189.0,52.0,235.0,7.147379676061751,1.6519207250296957,0.605355925891676,2.7288420817826355,39.61394319171679,0.7901234567901234,1.0612856796736423,1.065551895920965,0.0366337783634662,0.0414471104741096,685.84423828125,52.844146728515625,159.49322509765625,6367.0322265625,252.02220153808597,15.24658203125,1.4825797080993652,30.373825073242188,0.037973079830408,0.0185417328029871,4.662218489763485,1.268886744306732,0.6002264205121786,0.0798349524259398,0.2820074833829586,0.912113481357891
205_11,1,,57,205_11/1/57,1/57,5.png,C:\Users\u1021\Downloads\20260803\NASH_datasource_fromDrTsui_205\11\fast_035\1\57\5.png,475,735,349125,31.80121732903688,32.61954887218045,0.0,0.0,68.19878267096313,67.38045112781955,349125,50.635187969924814,47.20870306128271,0.0,239.0,0.0,0.0,0.0,0.0,48.0,85.0,114.0,133.0,175.0,85.0,239.0,5.850826101544112,1.072581636148617,0.9323299656618772,1.1504313662032437,47.20870306128271,1.0,0.5897111891288318,-0.4041651268562649,235242,75.10047525526905,38.37238162202583,6.0,239.0,8.0,17.0,27.0,47.0,72.0,99.0,125.0,144.0,184.0,52.0,233.0,7.225875605382339,1.957149180757684,0.5109472542163922,3.830432915740472,38.37238162202583,0.7888198757763976,0.5642108375715771,0.3249291647213308,0.038489393889904,0.0400277785956859,792.92041015625,55.52086639404297,155.1682586669922,6416.4716796875,256.6109313964844,18.32275390625,1.4825797080993652,34.517818450927734,0.0402234829962253,0.0197523012757301,4.629566725666213,1.326461182481091,0.5829821460924006,0.0864063873149306,0.293446784102802,0.9209920678163008
